date,symbol,side,shares,price,value,reason,cash_after
2025-02-27,300170,buy,0.026567481402763018,18.82,0.5,next_day_entry,0.49950000000000006
2025-02-27,002354,buy,0.06332499987322324,7.88,0.4990009990009991,next_day_entry,0.0
2025-03-03,002354,sell,0.06332499987322324,6.75,0.42744374914425687,break_bbi,0.4270163053951126
2025-03-03,300638,buy,0.0131137324217471,32.53,0.4265897156794332,next_day_entry,0.0
2025-03-06,300170,sell,0.026567481402763018,22.65,0.6017534537725823,take_profit_8,0.6011517003188097
2025-03-06,300638,sell,0.0131137324217471,36.48,0.47838895874533416,take_profit_8,1.0790622701053985
2025-03-06,300547,buy,0.01454653909551629,37.09,0.5395311350526992,next_day_entry,0.5389916039176466
2025-03-06,600602,buy,0.02184394120758133,24.65,0.5384531507668797,next_day_entry,0.0
2025-03-07,600602,sell,0.02184394120758133,27.11,0.5921892461375299,take_profit_8,0.5915970568913923
2025-03-07,300853,buy,0.019162848857526914,29.32,0.5618547285026891,next_day_entry,0.02918047366020049
2025-03-10,000679,buy,0.0042126188349512475,6.92,0.02915132233786263,next_day_entry,0.0
2025-03-11,300547,sell,0.01454653909551629,41.55,0.6044086994187018,take_profit_8,0.6038042907192831
2025-03-11,002068,buy,0.0528660025968145,11.41,0.6032010896296535,next_day_entry,0.0
2025-03-12,300853,sell,0.019162848857526914,32.4,0.620876302983872,take_profit_8,0.6202554266808881
2025-03-12,688343,buy,0.008955568592137565,69.19,0.6196357908899981,next_day_entry,0.0
2025-03-17,000679,sell,0.0042126188349512475,7.52,0.03167889363883338,take_profit_8,0.031647214745194545
2025-03-17,002575,buy,0.0030724586147763367,10.29,0.0316155991460485,next_day_entry,0.0
2025-03-21,688343,sell,0.008955568592137565,60.87,0.5451254602034136,break_bbi,0.5445803347432101
2025-03-21,002369,buy,0.04923405415789732,11.05,0.5440362984447654,next_day_entry,0.0
2025-03-25,002369,sell,0.04923405415789732,10.31,0.5076030983679214,break_bbi,0.5070954952695534
2025-03-25,300042,buy,0.018804339508655912,26.94,0.5065889063631903,next_day_entry,0.0
2025-03-26,300042,sell,0.018804339508655912,26.77,0.5033921686467188,break_bbi,0.5028887764780721
2025-03-26,000880,buy,0.022609648518811167,22.22,0.5023863900879841,next_day_entry,0.0
2025-03-31,002575,sell,0.0030724586147763367,9.11,0.027990097980612427,break_bbi,0.027962107882631815
2025-04-02,000880,sell,0.022609648518811167,25.58,0.5783548091111896,take_profit_8,0.6057385621847102
2025-04-07,002068,sell,0.0528660025968145,10.71,0.5661948878118833,break_bbi,1.1713672551087817
2025-06-05,301316,buy,0.013944848275104544,42.0,0.5856836275543909,next_day_entry,0.5850979439268366
2025-06-05,002651,buy,0.051453647050734186,11.36,0.5845134304963403,next_day_entry,0.0
2025-07-01,002651,sell,0.051453647050734186,13.15,0.6766154587171546,take_profit_8,0.6759388432584374
2025-07-01,688668,buy,0.010147493095664444,63.03,0.6395964898197299,next_day_entry,0.035702756948887804
2025-07-02,300959,buy,0.0008161805459731985,43.7,0.03566708985902878,next_day_entry,0.0
2025-07-16,688668,sell,0.010147493095664444,69.85,0.7088023927321614,take_profit_8,0.7080935903394292
2025-07-16,002416,buy,0.055632107950743026,11.67,0.6492266997851711,next_day_entry,0.05821766385447302
2025-07-16,300863,buy,0.002294260526632067,25.35,0.058159504350122904,next_day_entry,0.0
2025-07-23,300959,sell,0.0008161805459731985,42.45,0.03464686417656228,break_bbi,0.034612217312385715
2025-07-23,300863,sell,0.002294260526632067,24.92,0.05717297232367112,break_bbi,0.09172801666373316
2025-07-23,000530,buy,0.014076248891466933,6.51,0.09163638028344973,next_day_entry,0.0
2025-07-31,301316,sell,0.013944848275104544,47.04,0.6559656628609177,take_profit_8,0.6553096971980568
2025-07-31,301183,buy,0.009299077303350865,70.4,0.6546550421559009,next_day_entry,1.1102230246251565e-16
2025-07-31,000880,buy,3.5824092723334696e-18,30.96,1.1091139107144423e-16,next_day_entry,0.0
2025-08-13,000880,sell,3.5824092723334696e-18,33.73,1.2083466475580792e-16,take_profit_8,1.2071383009105212e-16
2025-08-13,002436,buy,7.178168860368924e-18,16.8,1.2059323685419792e-16,next_day_entry,0.0
2025-08-19,301183,sell,0.009299077303350865,81.93,0.7618734034635364,take_profit_8,0.7611115300600728
2025-08-19,600629,buy,0.05607309578769851,13.56,0.7603511788811917,next_day_entry,0.0
2025-08-27,002436,sell,7.178168860368924e-18,18.29,1.312887084561476e-16,take_profit_8,1.3115741974769146e-16
2025-08-27,688800,buy,1.8012976815278685e-18,72.74,1.3102639335433714e-16,next_day_entry,0.0
2025-08-28,600629,sell,0.05607309578769851,14.88,0.8343676653209539,take_profit_8,0.8335332976556329
2025-08-28,301076,buy,0.01998084914047458,39.93,0.7978353061791499,next_day_entry,0.03490015617030395
2025-08-28,600255,buy,0.008301259733196318,4.2,0.03486529087942454,next_day_entry,-6.938893903907228e-18
2025-08-29,000530,sell,0.014076248891466933,6.34,0.08924341797190036,break_bbi,0.08915417455392846
2025-08-29,300703,buy,0.002732058571916686,32.6,0.08906510944448398,next_day_entry,0.0
2025-09-02,002416,sell,0.055632107950743026,11.47,0.6381002781950226,break_bbi,0.6374621779168276
2025-09-02,603516,buy,0.006593077467276772,96.59,0.6368253525642634,next_day_entry,0.0
2025-09-08,301076,sell,0.01998084914047458,46.52,0.9295091020148775,take_profit_8,0.9285795929128626
2025-09-08,600410,buy,0.046155632796721885,18.79,0.8672643402504042,next_day_entry,0.0604479883222081
2025-09-08,688343,buy,0.0007327703036219709,82.41,0.06038760072148662,next_day_entry,0.0
2025-09-09,603516,sell,0.006593077467276772,113.3,0.7469956770424583,take_profit_8,0.7462486813654158
2025-09-10,002837,buy,0.013422815595736923,55.54,0.7455031781872287,next_day_entry,0.0
2025-09-11,300703,sell,0.002732058571916686,35.48,0.09693343813160402,take_profit_8,0.09683650469347241
2025-09-11,300548,buy,0.0007588622915637266,127.48,0.09673976492854387,next_day_entry,0.0
2025-09-12,600410,sell,0.046155632796721885,20.53,0.9475751413167004,take_profit_8,0.9466275661753837
2025-09-12,688343,sell,0.0007327703036219709,90.33,0.06619114152617263,take_profit_8,1.0127525165600302
2025-09-12,301183,buy,0.009836527632218088,97.32,0.9572908691674643,next_day_entry,0.05450435652339847
2025-09-15,603395,buy,0.0015286329763273918,35.62,0.054449906616781694,next_day_entry,0.0
2025-09-17,688800,sell,1.8012976815278685e-18,82.1,1.47886539653438e-16,take_profit_8,1.4773865311378457e-16
2025-09-17,688313,buy,2.034055430701941e-18,72.56,1.4759106205173285e-16,next_day_entry,0.0
2025-09-18,603395,sell,0.0015286329763273918,34.83,0.053242286565483056,break_bbi,0.053189044278917574
2025-09-18,600693,buy,0.008570307801701134,6.2,0.053135908370547026,next_day_entry,6.938893903907228e-18
2025-09-18,600865,buy,7.131648088441629e-19,9.72,6.931961941965264e-18,next_day_entry,0.0
2025-09-19,301183,sell,0.009836527632218088,110.0,1.0820180395439898,take_profit_8,1.080936021504446
2025-09-19,600693,sell,0.008570307801701134,6.22,0.05330731452658105,break_bbi,1.1341900287165003
2025-09-19,002115,buy,0.0872899325949782,11.64,1.0160548154055464,next_day_entry,0.11711915849554844
2025-09-22,002837,sell,0.013422815595736923,62.87,0.8438924165039803,take_profit_8,0.9601676825830248
2025-09-22,600865,sell,7.131648088441629e-19,9.58,6.832118868727081e-18,break_bbi,0.9601676825830248
2025-09-23,301076,buy,0.023152509633331306,41.43,0.959208474108916,next_day_entry,0.0
2025-09-30,300548,sell,0.0007588622915637266,106.27,0.08064429572447722,break_bbi,0.08056365142875274
2025-09-30,603228,buy,0.0012881428978952028,62.48,0.08048316826049226,next_day_entry,0.0
2025-10-13,603228,sell,0.0012881428978952028,58.03,0.07475093236485862,break_bbi,0.07467618143249376
2025-10-13,688629,buy,0.0008350299961119445,89.34,0.07460157985264113,next_day_entry,0.0
2025-10-14,688313,sell,2.034055430701941e-18,63.77,1.2971171481586278e-16,break_bbi,1.2958200310104692e-16
2025-10-14,603083,buy,1.2740138820046888e-18,101.61,1.2945255055049642e-16,next_day_entry,0.0
2025-10-16,600255,sell,0.008301259733196318,3.89,0.032291900362133676,break_bbi,0.03225960846177154
2025-10-16,300604,buy,0.0003793241652623688,84.96,0.03222738108069085,next_day_entry,0.0
2025-10-17,688629,sell,0.0008350299961119445,81.05,0.0676791811848731,break_bbi,0.06761150200368822
2025-10-20,603516,buy,0.00044876724500460166,150.51,0.06754395804564259,next_day_entry,0.0
2025-10-21,603083,sell,1.2740138820046888e-18,112.31,1.4308449908794659e-16,take_profit_8,1.4294141458885864e-16
2025-10-21,301421,buy,1.3878765280677011e-18,102.89,1.4279861597288576e-16,next_day_entry,0.0
2025-10-24,603516,sell,0.00044876724500460166,166.76,0.07483642577696736,take_profit_8,0.0747615893511904
2025-10-24,000981,buy,0.01876555337908082,3.98,0.07468690244874167,next_day_entry,0.0
2025-10-29,300604,sell,0.0003793241652623688,92.48,0.03507989880346387,take_profit_8,0.03504481890466041
2025-10-29,000981,sell,0.01876555337908082,4.3,0.08069187953004753,take_profit_8,0.11565600655517788
2025-10-29,600629,buy,0.004727514979095286,24.44,0.1155404660890888,next_day_entry,0.0
2025-10-30,600629,sell,0.004727514979095286,22.99,0.10868556936940062,break_bbi,0.10857688380003122
2025-10-30,301071,buy,0.002596180358655974,41.78,0.10846841538464659,next_day_entry,0.0
2025-11-04,301076,sell,0.023152509633331306,36.48,0.844603551423926,break_bbi,0.843758947872502
2025-11-04,600172,buy,0.13253396727054426,6.36,0.8429160318406616,next_day_entry,-1.1102230246251565e-16
2025-11-10,600172,sell,0.13253396727054426,6.93,0.9184603931848716,take_profit_8,0.9175419327916866
2025-11-10,300959,buy,0.007638544229035021,120.0,0.9166253074842025,next_day_entry,0.0
2025-11-11,301071,sell,0.002596180358655974,45.29,0.11758100844352905,take_profit_8,0.11746342743508552
2025-11-11,300959,sell,0.007638544229035021,144.0,1.099950368981043,take_profit_8,1.2163138460471474
2025-11-11,600601,buy,0.09748334766168969,11.45,1.1161843307263468,next_day_entry,0.09901333099007448
2025-11-11,002249,buy,0.00899221968850009,11.0,0.09891441657350099,next_day_entry,0.0
2025-11-14,301421,sell,1.3878765280677011e-18,93.5,1.2976645537433006e-16,break_bbi,1.2963668891895574e-16
2025-11-14,603759,buy,1.1430466172746561e-17,11.33,1.2950718173721854e-16,next_day_entry,0.0
2025-11-18,002249,sell,0.00899221968850009,10.29,0.09252994059466592,break_bbi,0.09243741065407125
2025-11-19,002115,sell,0.0872899325949782,10.97,0.957570560566911,break_bbi,1.0490504006604153
2025-11-19,603686,buy,0.03939858640083283,26.6,1.0480023982621534,next_day_entry,0.0
2025-11-21,603759,sell,1.1430466172746561e-17,10.36,1.1841962954965437e-16,break_bbi,1.183012099201047e-16
2025-11-21,603686,sell,0.03939858640083283,25.37,0.999542136989129,break_bbi,0.9985425948521399
2025-11-21,688525,buy,0.009628813222030286,103.6,0.9975450498023376,next_day_entry,1.1102230246251565e-16
2025-11-24,688525,sell,0.009628813222030286,104.04,1.0017817276200311,break_bbi,1.0007799458924111
2025-12-01,600506,buy,0.05103523051182668,19.59,0.9997801657266846,next_day_entry,0.0
2025-12-04,600506,sell,0.05103523051182668,18.74,0.9564002197916319,break_bbi,0.9554438195718403
2025-12-04,300959,buy,0.008995281596848544,106.11,0.954489330241599,next_day_entry,-1.1102230246251565e-16
2025-12-08,300959,sell,0.008995281596848544,115.0,1.0344573836375826,take_profit_8,1.033422926253945
2025-12-11,600601,sell,0.09748334766168969,12.52,1.2204915127243547,take_profit_8,2.252693947465575
2026-01-06,600865,buy,0.06818080954798957,16.52,1.1263469737327876,next_day_entry,1.125220626759055
2026-01-06,002491,buy,0.18248320295922507,6.16,1.1240965302288264,next_day_entry,0.0
2026-01-20,600865,sell,0.06818080954798957,13.89,0.9470314446215751,break_bbi,0.9460844131769535
2026-01-20,002491,sell,0.18248320295922507,5.88,1.0730012334002434,break_bbi,2.0180126453437968
2026-01-20,300177,buy,0.10039863907183068,10.05,1.0090063226718984,next_day_entry,1.0079973163492266
2026-01-20,002195,buy,0.10555454151186622,9.54,1.0069903260232036,next_day_entry,0.0
2026-01-21,300177,sell,0.10039863907183068,10.02,1.0059943634997432,break_bbi,1.0049883691362436
2026-01-21,002361,buy,0.08996275849027707,11.16,1.0039843847514922,next_day_entry,0.0
2026-01-23,002195,sell,0.10555454151186622,10.51,1.109378231289714,take_profit_8,1.1082688530584244
2026-01-23,002361,sell,0.08996275849027707,12.46,1.1209359707888524,take_profit_8,2.2280838878764877
2026-01-26,002361,buy,0.09937929919163638,11.21,1.1140419439382439,next_day_entry,1.1129279019943057
2026-01-26,000681,buy,0.04127008485183361,26.94,1.1118160859083974,next_day_entry,0.0
2026-01-29,002361,sell,0.09937929919163638,12.38,1.2303157239924585,take_profit_8,1.229085408268466
2026-01-29,300503,buy,0.020893860062043614,55.93,1.1685935932700993,next_day_entry,0.059323221405096715
2026-01-30,300604,buy,0.0004649247465886018,127.47,0.05926395744764907,next_day_entry,0.0
2026-02-10,000681,sell,0.04127008485183361,30.49,1.2583248871324066,take_profit_8,1.2570665622452741
2026-02-10,002851,buy,0.010650587325025702,117.91,1.2558107514937804,next_day_entry,0.0
2026-02-25,300604,sell,0.0004649247465886018,139.91,0.06504762129521127,take_profit_8,0.06498257367391606
2026-02-25,000995,buy,0.003972928764865249,16.34,0.06491765601789817,next_day_entry,0.0
2026-03-02,002851,sell,0.010650587325025702,132.26,1.4086466796078994,take_profit_8,1.4072380329282914
2026-03-02,002009,buy,0.044829645163527505,28.51,1.2780931836121692,next_day_entry,0.1278667561325102
2026-03-03,300503,sell,0.020893860062043614,48.38,1.01084494980167,break_bbi,1.1377008609843786
2026-03-04,000995,sell,0.003972928764865249,14.95,0.05939528503473547,break_bbi,1.1970367507340793
2026-03-11,000852,buy,0.15004277413102327,7.97,1.1958409098242553,next_day_entry,0.0
2026-03-13,002009,sell,0.044829645163527505,25.95,1.1633292919935387,break_bbi,1.1621659627015453
2026-03-13,300442,buy,0.013897593461141985,83.54,1.1610049577438015,next_day_entry,0.0
2026-03-16,000852,sell,0.15004277413102327,7.89,1.1838374878937734,break_bbi,1.1826536504058796
2026-04-07,300442,sell,0.013897593461141985,79.51,1.1049976560953993,break_bbi,2.2865463088451836
2026-04-29,688525,buy,0.004252615512656569,268.84,1.1432731544225918,next_day_entry,1.1421298812681693
2026-04-29,002364,buy,0.028704123078636318,39.75,1.1409888923757936,next_day_entry,0.0
2026-05-06,688525,sell,0.004252615512656569,310.93,1.322265741350307,take_profit_8,1.3209434756089566
2026-05-06,002364,sell,0.028704123078636318,44.87,1.2879540025384115,take_profit_8,2.60760952414483
2026-05-06,300499,buy,0.03227239510080235,40.4,1.303804762072415,next_day_entry,1.3025009573103425
2026-05-06,301183,buy,0.006755969665383125,192.6,1.3011997575527898,next_day_entry,0.0
2026-05-07,300499,sell,0.03227239510080235,44.42,1.4335397903776403,take_profit_8,1.4321062505872626
2026-05-07,300757,buy,0.0027281398911535924,510.32,1.3922243492535014,next_day_entry,0.03848967698450778
2026-05-07,300548,buy,0.00014069752189523594,273.29,0.038451225758749034,next_day_entry,0.0
2026-05-08,301183,sell,0.006755969665383125,240.21,1.6228514733216806,take_profit_8,1.621228621848359
2026-05-08,603958,buy,0.06446625879243807,23.86,1.5381649347875723,next_day_entry,0.08152552212599917
2026-05-12,000829,buy,0.007284801256525155,11.18,0.08144407804795123,next_day_entry,0.0
2026-05-14,300757,sell,0.0027281398911535924,589.0,1.606874395889466,take_profit_8,1.6052675214935765
2026-05-14,000829,sell,0.007284801256525155,10.61,0.07729174133173189,break_bbi,1.6824819710839767
2026-05-14,000810,buy,0.13380637051852654,12.31,1.6471564210830618,next_day_entry,0.03367839357983193
2026-05-15,002361,buy,0.0017792040629825985,18.91,0.03364474883100094,next_day_entry,0.0
2026-05-21,002361,sell,0.0017792040629825985,17.3,0.030780230289598955,break_bbi,0.030749450059309357
2026-05-21,600830,buy,0.003328139905523443,9.23,0.03071873132798138,next_day_entry,0.0
2026-05-22,600830,sell,0.003328139905523443,9.21,0.030652168529870915,break_bbi,0.030621516361341045
2026-05-22,300857,buy,0.00011246663763200421,272.0,0.030590925435905143,next_day_entry,0.0
2026-05-26,000810,sell,0.13380637051852654,11.97,1.6016622551067627,break_bbi,1.600060592851656
2026-05-26,002902,buy,0.04527821721995806,34.73,1.5725124840491433,next_day_entry,0.0259755963184638
2026-05-26,300693,buy,0.00046840517458108323,55.4,0.02594964667179201,next_day_entry,0.0
2026-05-27,603958,sell,0.06446625879243807,22.25,1.4343742581317471,break_bbi,1.4329398838736154
2026-05-27,002491,buy,0.06739681617222776,21.24,1.4315083754981175,next_day_entry,0.0
2026-05-28,002491,sell,0.06739681617222776,23.12,1.5582143899019059,take_profit_8,1.5566561755120039
2026-05-28,688800,buy,0.012148278059820066,128.01,1.5551010744375664,next_day_entry,0.0
2026-05-29,300693,sell,0.00046840517458108323,51.25,0.024005765197280517,break_bbi,0.023981759432083236
2026-05-29,002929,buy,0.0003272923720007211,73.2,0.023957801630452785,next_day_entry,0.0
2026-06-01,300548,sell,0.00014069752189523594,219.34,0.030860594452501052,break_bbi,0.03082973385804855
2026-06-01,300042,buy,0.0005387254665580798,57.17,0.030798934923125423,next_day_entry,3.469446951953614e-18
2026-06-02,300323,buy,2.2742657289912284e-19,15.24,3.465980970982632e-18,next_day_entry,0.0
2026-06-03,002929,sell,0.0003272923720007211,68.38,0.022380252397409307,break_bbi,0.022357872145011896
2026-06-03,300323,sell,2.2742657289912284e-19,16.56,3.766184047209474e-18,take_profit_8,0.0223578721450119
2026-06-03,000811,buy,0.0007032599687784476,31.76,0.022335536608403497,next_day_entry,0.0
2026-06-04,300042,sell,0.0005387254665580798,67.43,0.03632625821001133,take_profit_8,0.036289931951801316
2026-06-04,002693,buy,0.003940617203644326,9.2,0.036253678273527795,next_day_entry,0.0
2026-06-05,300857,sell,0.00011246663763200421,228.47,0.025695252699784,break_bbi,0.025669557447084216
2026-06-05,002693,sell,0.003940617203644326,9.26,0.03649011530574645,break_bbi,0.06212318263752492
2026-06-05,300739,buy,0.0021116407456961183,29.39,0.06206112151600892,next_day_entry,0.0
2026-06-08,300739,sell,0.0021116407456961183,27.33,0.057711141579874906,break_bbi,0.05765343043829503
2026-06-08,002706,buy,0.0048976049833070875,11.76,0.057595834603691345,next_day_entry,0.0
2026-06-10,688800,sell,0.012148278059820066,113.83,1.3828384915493181,break_bbi,1.3814556530577689
2026-06-10,002706,sell,0.0048976049833070875,11.56,0.056616313607029935,break_bbi,1.4380153503511917
2026-06-10,300959,buy,0.008507513748546797,168.86,1.4365787715796123,next_day_entry,-2.220446049250313e-16
