strategy,window,start,end,take_profit_levels,take_profit_fractions,annual_return,max_drawdown,calmar,passes_return_gate,passes_drawdown_gate,trade_count,candidate_count
tp5_10_15_f25_25_100,full,2025-01-01,2026-05-15,0.05/0.10/0.15,0.25/0.25/1.00,0.6713921227146071,-0.15123666654745127,4.439347534177199,True,True,347.0,354.0
tp5_10_15_f25_25_100,train_2025,2025-01-01,2025-12-31,0.05/0.10/0.15,0.25/0.25/1.00,0.6134420912916716,-0.15123666654745127,4.0561730517856995,True,True,262.0,269.0
tp5_10_15_f25_25_100,oos_2026,2026-01-01,2026-05-15,0.05/0.10/0.15,0.25/0.25/1.00,0.838252940790849,-0.13050537176963384,6.423129787105781,True,True,77.0,85.0
tp5_10_15_f25_25_100,wf_2025_h1,2025-01-01,2025-06-30,0.05/0.10/0.15,0.25/0.25/1.00,0.09929541721614465,-0.15123666654745127,0.6565565049993364,False,True,48.0,68.0
tp5_10_15_f25_25_100,wf_2025_h2,2025-07-01,2025-12-31,0.05/0.10/0.15,0.25/0.25/1.00,0.9638785460854473,-0.11034797250256756,8.734900372211369,True,True,171.0,201.0
tp5_10_15_f33_33_100,full,2025-01-01,2026-05-15,0.05/0.10/0.15,0.33/0.33/1.00,0.6522133780778574,-0.1553876020965066,4.197332150558493,True,True,349.0,354.0
tp5_10_15_f33_33_100,train_2025,2025-01-01,2025-12-31,0.05/0.10/0.15,0.33/0.33/1.00,0.5419869115287248,-0.1553876020965066,3.4879675354801662,True,True,264.0,269.0
tp5_10_15_f33_33_100,oos_2026,2026-01-01,2026-05-15,0.05/0.10/0.15,0.33/0.33/1.00,1.0106700955708012,-0.1251753304992509,8.074035766790722,True,True,77.0,85.0
tp5_10_15_f33_33_100,wf_2025_h1,2025-01-01,2025-06-30,0.05/0.10/0.15,0.33/0.33/1.00,0.1075106193739721,-0.1553876020965066,0.6918867266334445,False,True,48.0,68.0
tp5_10_15_f33_33_100,wf_2025_h2,2025-07-01,2025-12-31,0.05/0.10/0.15,0.33/0.33/1.00,0.9720690996685033,-0.11350812237934071,8.563872604815696,True,True,180.0,201.0
tp5_10_15_f50_50_100,full,2025-01-01,2026-05-15,0.05/0.10/0.15,0.50/0.50/1.00,0.6488700716250224,-0.1797552841639103,3.6097412915736524,True,True,351.0,354.0
tp5_10_15_f50_50_100,train_2025,2025-01-01,2025-12-31,0.05/0.10/0.15,0.50/0.50/1.00,0.4335562378767073,-0.1797552841639103,2.4119248560246382,False,True,266.0,269.0
tp5_10_15_f50_50_100,oos_2026,2026-01-01,2026-05-15,0.05/0.10/0.15,0.50/0.50/1.00,1.4645214342996153,-0.11523989280394409,12.708458838912527,True,True,77.0,85.0
tp5_10_15_f50_50_100,wf_2025_h1,2025-01-01,2025-06-30,0.05/0.10/0.15,0.50/0.50/1.00,0.14774582270964198,-0.16128866033421074,0.9160335413754056,False,True,52.0,68.0
tp5_10_15_f50_50_100,wf_2025_h2,2025-07-01,2025-12-31,0.05/0.10/0.15,0.50/0.50/1.00,0.8187280142239848,-0.14337747744881868,5.710297243276897,True,True,180.0,201.0
tp5_10_15_f100_100_100,full,2025-01-01,2026-05-15,0.05/0.10/0.15,1.00/1.00/1.00,1.3784334397511846,-0.14808461996950217,9.308417309205177,True,True,211.0,354.0
tp5_10_15_f100_100_100,train_2025,2025-01-01,2025-12-31,0.05/0.10/0.15,1.00/1.00/1.00,1.1566499100188747,-0.14808461996950217,7.810736255102557,True,True,154.0,269.0
tp5_10_15_f100_100_100,oos_2026,2026-01-01,2026-05-15,0.05/0.10/0.15,1.00/1.00/1.00,2.1859857856119373,-0.12674175451875014,17.247558185637576,True,True,57.0,85.0
tp5_10_15_f100_100_100,wf_2025_h1,2025-01-01,2025-06-30,0.05/0.10/0.15,1.00/1.00/1.00,0.6570680979917587,-0.129165676394145,5.087017823424979,True,True,43.0,68.0
tp5_10_15_f100_100_100,wf_2025_h2,2025-07-01,2025-12-31,0.05/0.10/0.15,1.00/1.00/1.00,-0.2130543126330363,-0.2820616221758995,-0.7553466898101125,False,True,110.0,201.0
tp8_16_24_f25_25_100,full,2025-01-01,2026-05-15,0.08/0.16/0.24,0.25/0.25/1.00,0.5820405662696364,-0.1925899892478623,3.022174561319245,True,True,255.0,354.0
tp8_16_24_f25_25_100,train_2025,2025-01-01,2025-12-31,0.08/0.16/0.24,0.25/0.25/1.00,0.3950124513745277,-0.18619436400668554,2.1215059514924106,False,True,183.0,269.0
tp8_16_24_f25_25_100,oos_2026,2026-01-01,2026-05-15,0.08/0.16/0.24,0.25/0.25/1.00,0.9217053743373627,-0.15064067950292181,6.118568884439248,True,True,50.0,85.0
tp8_16_24_f25_25_100,wf_2025_h1,2025-01-01,2025-06-30,0.08/0.16/0.24,0.25/0.25/1.00,-0.02810877784781507,-0.18619436400668554,-0.15096470829163114,False,True,29.0,68.0
tp8_16_24_f25_25_100,wf_2025_h2,2025-07-01,2025-12-31,0.08/0.16/0.24,0.25/0.25/1.00,1.1442593877745404,-0.15352277404687764,7.453352734657757,True,True,162.0,201.0
tp8_16_24_f33_33_100,full,2025-01-01,2026-05-15,0.08/0.16/0.24,0.33/0.33/1.00,0.6529430089989268,-0.1800821644508639,3.6258060924022533,True,True,255.0,354.0
tp8_16_24_f33_33_100,train_2025,2025-01-01,2025-12-31,0.08/0.16/0.24,0.33/0.33/1.00,0.48394744925227995,-0.17239752912917772,2.8071600080164574,False,True,183.0,269.0
tp8_16_24_f33_33_100,oos_2026,2026-01-01,2026-05-15,0.08/0.16/0.24,0.33/0.33/1.00,0.8902107077990016,-0.15064067950292181,5.909497426169902,True,True,50.0,85.0
tp8_16_24_f33_33_100,wf_2025_h1,2025-01-01,2025-06-30,0.08/0.16/0.24,0.33/0.33/1.00,0.02203817702954547,-0.17239752912917772,0.12783348543836862,False,True,29.0,68.0
tp8_16_24_f33_33_100,wf_2025_h2,2025-07-01,2025-12-31,0.08/0.16/0.24,0.33/0.33/1.00,1.2590800393872201,-0.16254795405597255,7.7458990283794185,True,True,152.0,201.0
tp8_16_24_f50_50_100,full,2025-01-01,2026-05-15,0.08/0.16/0.24,0.50/0.50/1.00,0.7972212249528674,-0.1697267588367366,4.697086248608151,True,True,255.0,354.0
tp8_16_24_f50_50_100,train_2025,2025-01-01,2025-12-31,0.08/0.16/0.24,0.50/0.50/1.00,0.6507111913673054,-0.1697267588367366,3.8338750814963527,True,True,183.0,269.0
tp8_16_24_f50_50_100,oos_2026,2026-01-01,2026-05-15,0.08/0.16/0.24,0.50/0.50/1.00,1.3142998770539713,-0.15064067950292181,8.724734124878129,True,True,56.0,85.0
tp8_16_24_f50_50_100,wf_2025_h1,2025-01-01,2025-06-30,0.08/0.16/0.24,0.50/0.50/1.00,0.1279449169113691,-0.1697267588367366,0.7538287880371402,False,True,29.0,68.0
tp8_16_24_f50_50_100,wf_2025_h2,2025-07-01,2025-12-31,0.08/0.16/0.24,0.50/0.50/1.00,1.298056792786999,-0.15036522635518257,8.632692705963924,True,True,152.0,201.0
tp8_16_24_f100_100_100,full,2025-01-01,2026-05-15,0.08/0.16/0.24,1.00/1.00/1.00,1.274034619098963,-0.15946925489995967,7.989217858315116,True,True,164.0,354.0
tp8_16_24_f100_100_100,train_2025,2025-01-01,2025-12-31,0.08/0.16/0.24,1.00/1.00/1.00,1.0520848550066941,-0.14634676800986102,7.188985922366276,True,True,115.0,269.0
tp8_16_24_f100_100_100,oos_2026,2026-01-01,2026-05-15,0.08/0.16/0.24,1.00/1.00/1.00,2.1238126766400067,-0.15064067950292181,14.098533567745978,True,True,44.0,85.0
tp8_16_24_f100_100_100,wf_2025_h1,2025-01-01,2025-06-30,0.08/0.16/0.24,1.00/1.00/1.00,0.5257338416587907,-0.14634676800986102,3.5923843676777754,True,True,28.0,68.0
tp8_16_24_f100_100_100,wf_2025_h2,2025-07-01,2025-12-31,0.08/0.16/0.24,1.00/1.00/1.00,0.6526654741677356,-0.2079684654059687,3.1382905715714537,True,True,77.0,201.0
tp10_20_30_f25_25_100,full,2025-01-01,2026-05-15,0.10/0.20/0.30,0.25/0.25/1.00,0.6663771916495667,-0.2212157656322602,3.012340416809732,True,True,210.0,354.0
tp10_20_30_f25_25_100,train_2025,2025-01-01,2025-12-31,0.10/0.20/0.30,0.25/0.25/1.00,0.47847874080185115,-0.2212157656322602,2.1629504544321407,False,True,158.0,269.0
tp10_20_30_f25_25_100,oos_2026,2026-01-01,2026-05-15,0.10/0.20/0.30,0.25/0.25/1.00,0.9115722463358698,-0.15064067950292181,6.051302007823119,True,True,44.0,85.0
tp10_20_30_f25_25_100,wf_2025_h1,2025-01-01,2025-06-30,0.10/0.20/0.30,0.25/0.25/1.00,-0.11668244562842622,-0.2212157656322602,-0.5274599000434455,False,True,29.0,68.0
tp10_20_30_f25_25_100,wf_2025_h2,2025-07-01,2025-12-31,0.10/0.20/0.30,0.25/0.25/1.00,1.2999047014077796,-0.18165262374264768,7.155991885090472,True,True,137.0,201.0
tp10_20_30_f33_33_100,full,2025-01-01,2026-05-15,0.10/0.20/0.30,0.33/0.33/1.00,0.7166215029575815,-0.20607557540659904,3.477469377647719,True,True,210.0,354.0
tp10_20_30_f33_33_100,train_2025,2025-01-01,2025-12-31,0.10/0.20/0.30,0.33/0.33/1.00,0.5432697818570711,-0.20607557540659904,2.6362647819139573,True,True,158.0,269.0
tp10_20_30_f33_33_100,oos_2026,2026-01-01,2026-05-15,0.10/0.20/0.30,0.33/0.33/1.00,0.869723401412317,-0.15064067950292181,5.773496271274108,True,True,44.0,85.0
tp10_20_30_f33_33_100,wf_2025_h1,2025-01-01,2025-06-30,0.10/0.20/0.30,0.33/0.33/1.00,-0.04420266733788614,-0.197535294558694,-0.22377098450501018,False,True,29.0,68.0
tp10_20_30_f33_33_100,wf_2025_h2,2025-07-01,2025-12-31,0.10/0.20/0.30,0.33/0.33/1.00,1.2017098639579125,-0.21839199691690925,5.502536177711321,True,True,128.0,201.0
tp10_20_30_f50_50_100,full,2025-01-01,2026-05-15,0.10/0.20/0.30,0.50/0.50/1.00,0.7798827013959844,-0.21427810308749173,3.6395818805505806,True,True,214.0,354.0
tp10_20_30_f50_50_100,train_2025,2025-01-01,2025-12-31,0.10/0.20/0.30,0.50/0.50/1.00,0.628292242879245,-0.21427810308749173,2.9321346130393335,True,True,162.0,269.0
tp10_20_30_f50_50_100,oos_2026,2026-01-01,2026-05-15,0.10/0.20/0.30,0.50/0.50/1.00,1.3160075443803767,-0.15064067950292181,8.736070155305237,True,True,50.0,85.0
tp10_20_30_f50_50_100,wf_2025_h1,2025-01-01,2025-06-30,0.10/0.20/0.30,0.50/0.50/1.00,0.10134523806056528,-0.1787977682091706,0.5668148941434452,False,True,29.0,68.0
tp10_20_30_f50_50_100,wf_2025_h2,2025-07-01,2025-12-31,0.10/0.20/0.30,0.50/0.50/1.00,1.1764304174971087,-0.21876329820398788,5.377640706441238,True,True,128.0,201.0
tp10_20_30_f100_100_100,full,2025-01-01,2026-05-15,0.10/0.20/0.30,1.00/1.00/1.00,1.1580298289887594,-0.1602199129297549,7.227752205161124,True,True,119.0,354.0
tp10_20_30_f100_100_100,train_2025,2025-01-01,2025-12-31,0.10/0.20/0.30,1.00/1.00/1.00,0.9202524400779637,-0.1602199129297549,5.743683311583307,True,True,77.0,269.0
tp10_20_30_f100_100_100,oos_2026,2026-01-01,2026-05-15,0.10/0.20/0.30,1.00/1.00/1.00,1.7389410886573016,-0.15064067950292181,11.543635453553389,True,True,41.0,85.0
tp10_20_30_f100_100_100,wf_2025_h1,2025-01-01,2025-06-30,0.10/0.20/0.30,1.00/1.00/1.00,0.4476768902157917,-0.1602199129297549,2.794140141694287,False,True,22.0,68.0
tp10_20_30_f100_100_100,wf_2025_h2,2025-07-01,2025-12-31,0.10/0.20/0.30,1.00/1.00/1.00,0.6909533184414263,-0.17780738494726378,3.8859652463049126,True,True,63.0,201.0
tp12_24_36_f25_25_100,full,2025-01-01,2026-05-15,0.12/0.24/0.36,0.25/0.25/1.00,0.5363921535569098,-0.2571054607993152,2.0862728931906784,True,True,192.0,354.0
tp12_24_36_f25_25_100,train_2025,2025-01-01,2025-12-31,0.12/0.24/0.36,0.25/0.25/1.00,0.36436382091331576,-0.2571054607993152,1.417176514962168,False,True,144.0,269.0
tp12_24_36_f25_25_100,oos_2026,2026-01-01,2026-05-15,0.12/0.24/0.36,0.25/0.25/1.00,1.1060961539196161,-0.15064067950292181,7.342612616787634,True,True,38.0,85.0
tp12_24_36_f25_25_100,wf_2025_h1,2025-01-01,2025-06-30,0.12/0.24/0.36,0.25/0.25/1.00,-0.2027323636708448,-0.2571054607993152,-0.7885183108930092,False,True,21.0,68.0
tp12_24_36_f25_25_100,wf_2025_h2,2025-07-01,2025-12-31,0.12/0.24/0.36,0.25/0.25/1.00,0.9444703432414858,-0.21182620126149687,4.458704058406584,True,True,108.0,201.0
tp12_24_36_f33_33_100,full,2025-01-01,2026-05-15,0.12/0.24/0.36,0.33/0.33/1.00,0.5311576233996649,-0.2361181168494717,2.249542010951598,True,True,192.0,354.0
tp12_24_36_f33_33_100,train_2025,2025-01-01,2025-12-31,0.12/0.24/0.36,0.33/0.33/1.00,0.3931496668849681,-0.2361181168494717,1.6650550670603814,False,True,144.0,269.0
tp12_24_36_f33_33_100,oos_2026,2026-01-01,2026-05-15,0.12/0.24/0.36,0.33/0.33/1.00,0.9209670946953523,-0.15064067950292181,6.113667953001296,True,True,38.0,85.0
tp12_24_36_f33_33_100,wf_2025_h1,2025-01-01,2025-06-30,0.12/0.24/0.36,0.33/0.33/1.00,-0.15328476550427617,-0.2361181168494717,-0.649186803408216,False,True,21.0,68.0
tp12_24_36_f33_33_100,wf_2025_h2,2025-07-01,2025-12-31,0.12/0.24/0.36,0.33/0.33/1.00,1.0206611495949351,-0.2047343432583698,4.985295253111909,True,True,108.0,201.0
tp12_24_36_f50_50_100,full,2025-01-01,2026-05-15,0.12/0.24/0.36,0.50/0.50/1.00,0.5480719599690898,-0.21318910466831864,2.5708253750668195,True,True,192.0,354.0
tp12_24_36_f50_50_100,train_2025,2025-01-01,2025-12-31,0.12/0.24/0.36,0.50/0.50/1.00,0.44455389148970004,-0.21318910466831864,2.085256149376586,False,True,144.0,269.0
tp12_24_36_f50_50_100,oos_2026,2026-01-01,2026-05-15,0.12/0.24/0.36,0.50/0.50/1.00,0.7140749202882823,-0.15064067950292181,4.740252916042059,True,True,38.0,85.0
tp12_24_36_f50_50_100,wf_2025_h1,2025-01-01,2025-06-30,0.12/0.24/0.36,0.50/0.50/1.00,-0.03805791966156924,-0.21318910466831864,-0.17851718886281764,False,True,21.0,68.0
tp12_24_36_f50_50_100,wf_2025_h2,2025-07-01,2025-12-31,0.12/0.24/0.36,0.50/0.50/1.00,1.0748270008205019,-0.19286341071794533,5.5729959188183775,True,True,108.0,201.0
tp12_24_36_f100_100_100,full,2025-01-01,2026-05-15,0.12/0.24/0.36,1.00/1.00/1.00,0.787532167748876,-0.19397365218348228,4.059995565809828,True,True,129.0,354.0
tp12_24_36_f100_100_100,train_2025,2025-01-01,2025-12-31,0.12/0.24/0.36,1.00/1.00/1.00,0.7228931906144334,-0.16113419841910948,4.486280365724666,True,True,81.0,269.0
tp12_24_36_f100_100_100,oos_2026,2026-01-01,2026-05-15,0.12/0.24/0.36,1.00/1.00/1.00,0.8330386399084737,-0.15621198291143978,5.332744802175277,True,True,39.0,85.0
tp12_24_36_f100_100_100,wf_2025_h1,2025-01-01,2025-06-30,0.12/0.24/0.36,1.00/1.00/1.00,0.4923550562473349,-0.16108590619999918,3.056475068874383,False,True,16.0,68.0
tp12_24_36_f100_100_100,wf_2025_h2,2025-07-01,2025-12-31,0.12/0.24/0.36,1.00/1.00/1.00,0.7018250304622191,-0.16363035094280443,4.289088340998156,True,True,61.0,201.0
tp15_30_45_f25_25_100,full,2025-01-01,2026-05-15,0.15/0.30/0.45,0.25/0.25/1.00,0.31921550954042077,-0.2796985709704717,1.141284020268094,False,True,187.0,354.0
tp15_30_45_f25_25_100,train_2025,2025-01-01,2025-12-31,0.15/0.30/0.45,0.25/0.25/1.00,0.23557930940218208,-0.2796985709704717,0.8422613979928151,False,True,136.0,269.0
tp15_30_45_f25_25_100,oos_2026,2026-01-01,2026-05-15,0.15/0.30/0.45,0.25/0.25/1.00,0.5955372449444745,-0.15064067950292181,3.9533627099240713,True,True,37.0,85.0
tp15_30_45_f25_25_100,wf_2025_h1,2025-01-01,2025-06-30,0.15/0.30/0.45,0.25/0.25/1.00,-0.25411034910337704,-0.2796985709704717,-0.9085150067863734,False,True,16.0,68.0
tp15_30_45_f25_25_100,wf_2025_h2,2025-07-01,2025-12-31,0.15/0.30/0.45,0.25/0.25/1.00,1.362648977326458,-0.19294601783180798,7.062332732434448,True,True,99.0,201.0
tp15_30_45_f33_33_100,full,2025-01-01,2026-05-15,0.15/0.30/0.45,0.33/0.33/1.00,0.42938542070679975,-0.26618887722148143,1.6130855097658017,False,True,178.0,354.0
tp15_30_45_f33_33_100,train_2025,2025-01-01,2025-12-31,0.15/0.30/0.45,0.33/0.33/1.00,0.3512278712592831,-0.26618887722148143,1.3194686229020955,False,True,127.0,269.0
tp15_30_45_f33_33_100,oos_2026,2026-01-01,2026-05-15,0.15/0.30/0.45,0.33/0.33/1.00,0.6555152401065321,-0.15064067950292181,4.3515154224581,True,True,37.0,85.0
tp15_30_45_f33_33_100,wf_2025_h1,2025-01-01,2025-06-30,0.15/0.30/0.45,0.33/0.33/1.00,-0.2235348867020588,-0.26618887722148143,-0.8397604326497363,False,True,16.0,68.0
tp15_30_45_f33_33_100,wf_2025_h2,2025-07-01,2025-12-31,0.15/0.30/0.45,0.33/0.33/1.00,1.4628429769697089,-0.1818762426953684,8.043067941643603,True,True,99.0,201.0
tp15_30_45_f50_50_100,full,2025-01-01,2026-05-15,0.15/0.30/0.45,0.50/0.50/1.00,0.5447566272579374,-0.23747278458261056,2.293974984187844,True,True,178.0,354.0
tp15_30_45_f50_50_100,train_2025,2025-01-01,2025-12-31,0.15/0.30/0.45,0.50/0.50/1.00,0.46474521099260624,-0.23747278458261056,1.9570462013550591,False,True,127.0,269.0
tp15_30_45_f50_50_100,oos_2026,2026-01-01,2026-05-15,0.15/0.30/0.45,0.50/0.50/1.00,0.7136156807205973,-0.15064067950292181,4.737204339992081,True,True,37.0,85.0
tp15_30_45_f50_50_100,wf_2025_h1,2025-01-01,2025-06-30,0.15/0.30/0.45,0.50/0.50/1.00,-0.15635494011619622,-0.23747278458261056,-0.6584120382089697,False,True,16.0,68.0
tp15_30_45_f50_50_100,wf_2025_h2,2025-07-01,2025-12-31,0.15/0.30/0.45,0.50/0.50/1.00,1.5012531875826611,-0.17499841841335406,8.578667174217737,True,True,99.0,201.0
tp15_30_45_f100_100_100,full,2025-01-01,2026-05-15,0.15/0.30/0.45,1.00/1.00/1.00,0.7495658863279719,-0.19320780598786802,3.879583863061097,True,True,136.0,354.0
tp15_30_45_f100_100_100,train_2025,2025-01-01,2025-12-31,0.15/0.30/0.45,1.00/1.00/1.00,0.7776357851630809,-0.19320780598786802,4.024867324521611,True,True,89.0,269.0
tp15_30_45_f100_100_100,oos_2026,2026-01-01,2026-05-15,0.15/0.30/0.45,1.00/1.00/1.00,0.6778875645483875,-0.15064067950292181,4.5000299174516085,True,True,38.0,85.0
tp15_30_45_f100_100_100,wf_2025_h1,2025-01-01,2025-06-30,0.15/0.30/0.45,1.00/1.00/1.00,0.08713999791971405,-0.1699708139013364,0.5126762408180062,False,True,18.0,68.0
tp15_30_45_f100_100_100,wf_2025_h2,2025-07-01,2025-12-31,0.15/0.30/0.45,1.00/1.00/1.00,0.2861443952510472,-0.28596053776095254,1.000642947070719,False,True,61.0,201.0
