ts_code,turnover_rate,turnover_rate_f,volume_ratio,total_mv,circ_mv,pb,symbol,name,active_score
001391.SZ,62.0579,62.0579,,11061859.0517,772667.3706,4.5705,001391,国货航,54549.82498173738
002130.SZ,22.5762,28.9134,1.47,3181243.8691,3154101.5507,5.9599,002130,沃尔核材,40094.85800399639
002449.SZ,40.4416,51.5471,1.03,842365.9042,839664.6768,2.1949,002449,国星光电,37057.93977086186
000759.SZ,37.9378,59.5758,1.42,876322.9758,857663.4807,4.5518,000759,中百集团,35134.243089721116
300561.SZ,33.8939,42.9787,1.14,1803281.4306,991128.1564,28.7605,300561,汇金科技,33743.214350642396
603881.SH,24.9208,47.5446,3.96,1355936.5852,1355936.5852,4.2599,603881,数据港,29018.948329921775
300547.SZ,39.9277,46.198,2.97,597359.6032,486447.3674,5.2142,300547,川环科技,27847.88536080285
300548.SZ,27.0586,38.8545,1.09,1336306.5995,1036300.9334,8.0083,300548,长芯博创,27545.348241367436
002416.SZ,19.1619,37.5404,4.54,2016311.4984,1991292.3026,3.3643,002416,爱施德,27039.96199553334
600973.SH,27.5259,50.2943,2.01,863960.7362,863960.7362,2.2589,600973,宝胜股份,25585.183180377437
002265.SZ,26.1673,46.5212,1.01,2403885.0271,938006.7772,6.7851,002265,建设工业,25343.226299937392
600580.SH,16.2162,26.5047,1.01,2239208.2941,2239208.2941,2.2667,600580,卧龙电驱,24265.896398254816
300333.SZ,31.0574,36.2639,1.19,610176.0,607960.6017,9.6649,300333,兆日科技,24216.02261948279
301315.SZ,47.8513,58.0872,1.2,600952.0,252673.0,5.9548,301315,威士顿,24053.216446401664
300383.SZ,14.6334,19.889,1.42,2622687.9638,2617070.6941,2.0688,300383,光环新网,23672.982181387317
002364.SZ,29.9828,50.6745,1.28,608086.5918,602194.6854,2.5749,002364,中恒电气,23267.013776974967
300067.SZ,30.3216,38.5691,4.82,712249.1122,578427.4312,2.7856,300067,安诺其,23060.916038870917
300493.SZ,19.208,26.384,0.98,1441873.6072,1409293.4412,13.4423,300493,润欣科技,22802.520898003466
301316.SZ,28.0922,37.7739,1.25,1022825.57,620907.3682,9.8664,301316,慧博云通,22136.000628534555
300377.SZ,16.237,19.0955,1.02,2069962.9205,1775660.4261,6.9784,300377,赢时胜,21636.43720263611
002617.SZ,17.7947,22.7369,0.72,1471099.5158,1446962.1279,2.4223,002617,露笑科技,21405.198163873883
600602.SH,16.3696,29.2117,6.15,2163659.4058,1699547.3302,4.5953,600602,云赛智联,21340.505334934398
002045.SZ,18.7348,24.7258,0.97,1220025.9133,1218615.5211,2.9153,002045,国光电器,20681.51807384124
300563.SZ,24.7877,29.0893,0.87,980096.8134,678683.124,9.5395,300563,神宇股份,20420.659153480818
000810.SZ,14.6506,31.911,0.94,1831143.9866,1779205.9052,2.8471,000810,创维数字,19541.977854585613
300017.SZ,12.5703,14.5139,1.61,2583539.8899,2416771.03,2.6843,300017,网宿科技,19541.747425004363
000880.SZ,36.7345,36.7345,0.81,573184.638,280540.26,2.8243,000880,潍柴重机,19456.814148386227
300718.SZ,25.2154,41.9701,0.85,916952.8431,594969.3311,5.8535,300718,长盛轴承,19449.710962394714
002137.SZ,32.3404,38.1471,1.37,519176.8637,356416.6014,3.3721,002137,实益达,19307.42468861458
002085.SZ,9.4734,17.68,0.92,4023648.8004,4023648.8004,5.8287,002085,万丰奥威,19002.72609667684
002730.SZ,26.6183,56.9065,1.56,494601.1161,472676.8161,3.1291,002730,电光科技,18300.479379938035
300933.SZ,29.2528,57.1326,4.18,383322.3221,383322.3221,2.5361,300933,中辰股份,18111.294691525734
300252.SZ,23.2036,29.1713,0.96,712477.5254,577845.6304,3.3074,300252,金信诺,17638.48527877259
600255.SH,22.4321,24.8686,0.6,617702.2586,617702.2586,4.3867,600255,鑫科材料,17630.29287975012
002281.SZ,8.6951,14.4678,0.84,4140172.8655,4032878.4262,4.6833,002281,光迅科技,17461.524036975443
002583.SZ,12.832,15.1442,1.36,2584037.8854,1822526.3556,4.2361,002583,海能达,17323.32525697649
300323.SZ,20.1983,25.4827,1.11,1343843.0039,727937.2375,1.8694,300323,华灿光电,17233.035651438986
300738.SZ,14.3696,19.983,1.14,1404014.4144,1403609.9166,4.4659,300738,奥飞数据,17024.246265609967
300153.SZ,23.9387,38.0149,0.88,506560.0,503916.5768,5.8964,300153,科泰电源,16993.384526441612
300941.SZ,27.7508,38.7263,0.95,620392.5,367479.8756,4.931,300941,创识科技,16822.567819625187
002131.SZ,12.1157,12.7368,1.05,2092401.1286,1808038.1015,1.6251,002131,利欧股份,16291.170924774271
600693.SH,20.8455,56.4126,1.48,608892.3722,608266.9474,1.7489,600693,东百集团,16257.71198741762
600839.SH,7.6559,9.9718,0.77,4454675.6742,4453435.0789,3.1297,600839,四川长虹,16156.37091099275
300465.SZ,17.8531,25.9951,0.95,814723.8195,814723.8195,12.9245,300465,高伟达,16114.574567553396
600171.SH,9.5318,12.7323,0.7,2813007.6663,2813007.6663,6.6152,600171,上海贝岭,15986.757199051532
600577.SH,12.8312,17.5244,1.04,1537226.7533,1537226.7533,2.8651,600577,精达股份,15908.75675252716
300474.SZ,9.0878,12.4408,0.96,4885967.1158,3055734.7857,6.7307,300474,景嘉微,15886.074312666602
002067.SZ,24.6105,25.7067,1.23,468086.1847,413735.1847,0.8637,002067,景兴纸业,15830.02733995656
603777.SH,21.8363,58.3848,1.4,518975.3781,517279.1781,2.916,603777,来伊份,15705.130550983635
603686.SH,23.7103,29.0861,2.05,432047.6202,432047.6202,1.3043,603686,福龙马,15584.85828986597
300442.SZ,9.0468,9.0468,0.76,8944818.6482,2872360.8599,10.2525,300442,润泽科技,15332.55352509586
300913.SZ,13.8527,44.1701,0.97,1492739.5437,1220678.712,12.9475,300913,兆龙互连,15305.062747085956
301536.SZ,27.332,27.332,0.61,3364269.4,302783.9823,11.6206,301536,星宸科技,15039.65453037534
300570.SZ,12.6923,16.065,1.24,1651212.3231,1397984.272,11.6785,300570,太辰光,15006.916683764515
300170.SZ,13.7159,14.6448,0.99,1221208.6816,1175016.6431,2.4456,300170,汉得信息,14867.786605615831
000681.SZ,12.5172,17.508,0.6,1458602.2218,1407758.9635,4.1641,000681,视觉中国,14851.53496688446
603126.SH,20.5545,41.8962,1.9,512820.0,512820.0,2.4746,603126,中材节能,14719.375818750095
002156.SZ,6.9144,9.8996,1.05,4484498.875,4483985.7688,3.0999,002156,通富微电,14641.535093829229
300458.SZ,10.2864,12.127,0.86,2455140.6952,2007169.8518,8.1386,300458,全志科技,14573.21831710201
300249.SZ,20.9207,26.2183,0.93,562943.6563,477456.8702,13.5435,300249,依米康,14455.838418751975
300803.SZ,7.3332,12.413,1.17,3929196.5506,3883363.7399,21.5359,300803,指南针,14450.988830184735
600186.SH,14.2512,17.6882,3.32,1022906.1204,1018424.9514,5.9619,600186,莲花控股,14381.889593983551
002117.SZ,18.3778,29.1868,1.7,611706.0754,611511.8662,5.2882,002117,东港股份,14371.29702093619
300296.SZ,12.0007,12.8367,1.02,1704309.9991,1421493.2814,1.9416,300296,利亚德,14308.001757941576
002361.SZ,21.4649,23.5856,8.43,518314.0581,437048.0263,2.3281,002361,神剑股份,14190.361236368131
002277.SZ,15.3743,22.6168,0.77,815591.088,815591.088,1.2009,002277,友阿股份,13884.54291066942
301071.SZ,18.3092,22.2812,1.33,943487.1346,574883.7366,1.7936,301071,力量钻石,13882.234620547277
300622.SZ,18.2149,21.6521,0.7,873008.5964,579671.2281,11.4948,300622,博士眼镜,13868.122323369002
301165.SZ,19.7625,19.7625,0.65,4102272.726,492272.726,9.3222,301165,锐捷网络,13865.794847806272
002354.SZ,14.8057,14.8057,0.83,888512.5853,869065.2173,6.3697,002354,天娱数科,13802.416531781084
601616.SH,22.204,31.0657,9.04,374763.465,374763.465,1.5267,601616,广电电气,13592.828626823759
002272.SZ,22.1345,24.5053,0.67,477604.1405,373879.7478,2.9869,002272,川润股份,13534.296504096104
002851.SZ,8.0268,9.2557,0.75,3353367.9023,2805519.3624,6.3814,002851,麦格米特,13444.636883621066
002400.SZ,11.3861,14.0688,1.05,1392926.3653,1379205.5298,2.8359,002400,省广集团,13371.78818679851
601456.SH,7.3844,17.4194,1.24,3828557.3231,3230108.0431,2.0847,601456,国联民生,13271.613887325779
600830.SH,18.1548,26.4949,5.97,531103.2912,531103.2912,2.4467,600830,香溢融通,13230.64343179917
002706.SZ,15.7741,17.7797,3.39,862560.0154,702482.1335,2.1027,002706,良信股份,13220.936863991077
300229.SZ,10.1116,15.1745,1.71,1829362.2316,1664104.4217,4.2913,300229,拓尔思,13043.981329624812
603296.SH,9.8917,9.8971,1.2,7207743.9489,1728051.3817,3.3343,603296,华勤技术,13003.170651875953
300085.SZ,8.2012,12.6842,1.21,2702900.0464,2428363.827,44.7759,300085,银之杰,12780.10083780403
600718.SH,11.2233,14.5145,6.74,1296388.635,1296388.635,1.3523,600718,东软集团,12778.744278183409
600506.SH,23.1202,30.3749,1.42,395559.004,304276.1584,9.2385,600506,统一股份,12753.38730387864
300956.SZ,27.8533,28.1209,1.27,405722.093,202308.2821,2.9388,300956,英力股份,12528.050288116554
002861.SZ,26.8156,37.95,1.7,262474.1025,211587.2052,2.4419,002861,瀛通通讯,12334.803059320011
300499.SZ,16.6321,17.3244,0.63,615381.105,547159.3465,4.4456,300499,高澜股份,12302.800981026809
002384.SZ,5.9243,6.7244,0.96,4981268.0332,4048059.4312,2.6476,002384,东山精密,11919.567093648486
002402.SZ,9.8817,10.3616,0.88,1675523.2281,1451301.4401,3.6747,002402,和而泰,11904.481324557339
603005.SH,8.7677,10.4093,1.11,1842385.0695,1842385.0695,4.362,603005,晶方科技,11900.792530738858
603887.SH,12.171,14.3535,0.76,969439.5182,947684.8382,2.7221,603887,城地香江,11848.359655628563
600103.SH,15.7085,22.2053,2.41,576833.292,566356.236,1.4677,600103,青山纸业,11821.689811962859
000988.SZ,5.6527,6.9794,0.88,4353826.7213,4351587.8948,4.3897,000988,华工科技,11791.792198029065
000995.SZ,21.7558,30.3094,2.41,292723.2,292723.2,20.1383,000995,皇台酒业,11770.736285830571
300496.SZ,7.9417,8.6637,1.07,2739831.5852,2186078.6318,2.8469,300496,中科创达,11742.116015789396
300840.SZ,19.9248,22.7062,1.44,480480.0,342754.6743,3.6167,300840,酷特智能,11665.024729982315
600686.SH,11.5462,21.1964,1.62,1008168.6683,1008168.6683,3.1712,600686,金龙汽车,11593.262624694697
300276.SZ,12.0833,14.6042,0.68,1259537.648,917672.1599,6.517,300276,三丰智能,11575.22219371385
603042.SH,23.2713,30.2149,1.04,241687.7092,241687.7092,2.7575,603042,华脉科技,11440.576976153734
600172.SH,15.6566,20.5192,1.16,599948.742,530922.392,2.901,600172,黄河旋风,11408.091015999948
002530.SZ,14.0465,18.8879,1.52,733225.4827,654111.0573,5.6917,002530,金财互联,11360.40642666618
603803.SH,17.833,31.6376,0.77,409488.3364,405338.9134,2.4339,603803,瑞斯康达,11353.599204269764
601137.SH,8.8068,16.2999,1.48,1629223.6102,1625813.2102,2.1299,601137,博威合金,11229.319992790643
301600.SZ,18.8127,18.8127,0.87,1379149.0,345033.0,10.9751,301600,慧翰股份,11050.487741657947
300793.SZ,12.9581,18.3727,0.72,741652.9987,724969.4692,2.5006,300793,佳禾智能,11033.19225422558
600272.SH,22.3248,40.2656,1.15,369846.0,243520.0,5.9801,600272,开开实业,11016.785519203902
002837.SZ,6.7928,10.1604,1.09,3005043.6838,2612352.8881,10.7344,002837,英维克,10979.049657202346
001314.SZ,21.1363,21.1363,0.71,733619.7391,268394.546,3.5768,001314,亿道信息,10950.042573191433
600619.SH,11.1252,17.3601,3.64,1309480.1753,962793.2536,2.1456,600619,海立股份,10916.27194815509
600789.SH,11.7165,15.3787,0.95,858229.4986,858229.4986,2.2145,600789,鲁抗医药,10854.244889707641
300853.SZ,20.4436,22.9266,0.87,368530.0294,276517.3029,4.288,300853,申昊科技,10750.24918422726
300058.SZ,7.1239,7.1239,1.0,2344873.8652,2273225.011,2.9471,300058,蓝色光标,10740.859295121676
002009.SZ,13.6709,18.7572,0.97,612198.9411,609598.2997,2.9246,002009,天奇股份,10673.798010846296
002693.SZ,12.2627,23.9918,2.76,760126.3118,754063.382,17.5193,002693,双成药业,10648.539087854595
300843.SZ,14.3841,33.8475,0.68,573130.7254,545091.1288,3.904,300843,胜蓝股份,10619.822321618953
300476.SZ,5.5888,8.4864,1.29,3631056.49,3599573.473,4.3735,300476,胜宏科技,10603.374234050372
002369.SZ,17.6282,20.2123,0.64,360584.1941,359753.7848,6.4398,002369,卓翼科技,10573.302439029714
300046.SZ,11.3893,15.458,0.88,857899.2826,857899.2826,7.6991,300046,台基股份,10549.094552548184
301076.SZ,22.678,25.2215,0.94,415948.208,214362.2533,3.6631,301076,新瀚新材,10499.748770122626
600575.SH,8.4508,23.0099,3.97,1542845.6428,1542845.6428,1.3403,600575,淮河能源,10496.851731378263
001696.SZ,7.0419,9.2796,0.79,2851117.0308,2219435.9153,5.8019,001696,宗申动力,10490.861614829462
600865.SH,15.7605,45.5103,1.98,442834.8519,442834.8519,1.8925,600865,百大集团,10487.956755214627
000034.SZ,7.5122,9.0599,1.43,2346900.7035,1937380.4747,2.5346,000034,神州数码,10456.217322170334
002119.SZ,13.658,21.0141,0.73,580939.632,580939.632,4.2608,002119,康强电子,10410.045099762308
301383.SZ,17.0993,27.4682,0.79,857584.26,369904.4213,4.2578,301383,天键股份,10399.754636612357
000712.SZ,8.8481,17.7293,1.86,1354752.0,1353469.7862,5.6672,000712,锦龙股份,10293.766318834205
000829.SZ,8.8527,13.9796,2.13,1351082.3773,1349802.9037,4.5286,000829,天音控股,10285.157016102099
300757.SZ,5.6159,8.6527,1.11,3493324.5078,3338591.428,34.2077,300757,罗博特科,10261.267347305456
002195.SZ,6.8528,7.6367,0.84,2255573.2046,2228380.4578,2.3047,002195,岩山科技,10229.695996264234
300959.SZ,21.2869,29.824,0.71,354904.2048,230847.3671,3.0571,300959,线上线下,10227.627042165344
600629.SH,10.9471,23.0357,2.78,894674.5366,870975.5556,1.7499,600629,华建集团,10216.498334688715
000679.SZ,21.0364,29.241,1.98,233085.6,233085.6,8.0154,000679,大连友谊,10156.150830623606
603662.SH,7.5354,16.2222,0.86,1819519.892,1814160.9473,6.9817,603662,柯力传感,10149.489946917236
002292.SZ,10.8007,12.9576,0.9,1279075.2379,880452.5711,3.7802,002292,奥飞娱乐,10134.559722425085
600398.SH,5.2741,13.1301,3.16,3602077.722,3602077.722,2.1501,600398,海澜之家,10009.788464445131
000099.SZ,6.9865,11.3841,0.87,2044930.0811,2044930.0811,3.9075,000099,中信海直,9990.768482808488
603341.SH,21.0697,21.0697,1.2,2174326.3432,224400.0,3.9325,603341,龙旗科技,9980.901698513819
300386.SZ,15.4264,19.9836,0.76,702313.92,417001.457,4.611,300386,飞天诚信,9961.698068109237
300339.SZ,5.046,5.3311,1.1,3984443.4375,3890766.395,11.5991,300339,润和软件,9953.247976333747
300189.SZ,16.8279,17.7474,1.12,402432.0,348295.2966,5.3698,300189,神农种业,9931.245721044794
600157.SH,5.0919,6.2192,1.07,3799237.6688,3799237.6688,0.8082,600157,永泰能源,9924.944736232803
600621.SH,7.4916,16.7435,1.09,1748362.0332,1748362.0332,2.164,600621,华鑫股份,9905.816176153374
300192.SZ,17.0334,18.0221,0.93,523337.8931,334171.6213,6.5158,300192,科德教育,9846.596195505437
300231.SZ,14.7784,15.1434,0.94,547957.462,433179.5118,3.2196,300231,银信科技,9726.607050572185
600864.SH,7.8556,14.7197,1.47,1529219.3322,1529219.3322,1.1861,600864,哈投股份,9714.361287212854
603153.SH,18.3443,34.8801,9.16,851281.5172,280395.0,2.5175,603153,上海建科,9713.735567096912
002660.SZ,18.8515,26.5986,0.9,368038.0516,265311.657,2.9037,002660,茂硕电源,9710.108403902455
300503.SZ,14.4078,19.3298,1.83,579089.8057,452353.1754,4.8821,300503,昊志机电,9690.283720791309
603083.SH,9.3206,11.176,0.66,1088249.8745,1076213.4685,4.8374,603083,剑桥科技,9669.256514598366
603395.SH,20.9752,20.9752,1.24,1052400.0,212319.411,7.5119,603395,红四方,9664.980027782414
300459.SZ,7.1429,8.3557,1.01,2018075.479,1818398.2385,6.0556,300459,汤姆猫,9632.05760157281
002335.SZ,8.9407,12.4131,0.72,1334865.2899,1159200.3571,3.0442,002335,科华数据,9626.109015609329
300693.SZ,11.3591,12.7776,1.27,838686.2654,717671.3043,5.0559,300693,盛弘股份,9622.91641810718
688605.SH,17.7798,17.7798,0.6,1555896.3329,292490.9364,10.802,688605,先锋精科,9615.748101671225
003015.SZ,16.068,19.2585,3.29,402206.4005,355267.3352,4.1883,003015,日久光电,9577.219966605819
300705.SZ,11.784,15.967,2.94,890653.1161,658304.6489,3.6937,300705,九典制药,9561.063330163726
300290.SZ,8.3762,10.4734,2.01,1301855.7779,1300817.47,15.8947,300290,荣科科技,9553.339660089707
000936.SZ,11.1377,18.1455,0.71,723872.5287,723769.9543,1.3911,000936,华西股份,9475.361564703122
002582.SZ,17.6961,19.9038,0.91,374470.7575,284931.047,1.0471,002582,好想你,9445.989332414176
300083.SZ,9.5651,10.1137,4.93,1083825.5454,971965.9243,2.118,300083,创世纪,9430.072561817777
600391.SH,11.5797,18.0984,1.89,655306.7935,655306.7935,3.9841,600391,航发科技,9373.885474618824
300040.SZ,16.0767,18.0707,0.62,430003.416,337903.4282,1.4961,300040,九洲集团,9345.2991199893
603667.SH,9.778,16.4417,0.74,906692.7375,906351.8558,3.0883,603667,五洲新春,9308.90176041778
600246.SH,7.6167,13.6037,2.03,1480599.5617,1480599.5617,2.6842,600246,万通发展,9267.992177432267
688668.SH,11.461,24.2862,0.76,650087.1212,650087.1212,3.6709,688668,鼎通科技,9240.772825553877
688676.SH,6.6898,12.9612,0.83,1894720.5889,1894720.5889,4.4225,688676,金盘科技,9208.432763090592
301110.SZ,16.8411,20.1067,0.6,569462.4393,298717.2093,4.1426,301110,青木科技,9204.507931784516
603496.SH,9.8281,13.6452,2.07,870328.7225,870328.7225,6.1726,603496,恒为科技,9168.773090025004
000721.SZ,13.889,18.3469,1.5,571618.6508,435751.9123,17.1669,000721,西安饮食,9168.338277282479
603958.SH,14.549,39.8628,2.31,390241.44,390241.44,5.1215,603958,哈森股份,9088.659572012664
688525.SH,6.4309,7.282,0.62,2672396.3994,1966335.0074,10.9009,688525,佰维存储,9017.798190332232
002922.SZ,11.0821,14.9762,0.93,698909.8286,659098.7136,2.2131,002922,伊戈尔,8996.991221384205
688660.SH,8.189,21.55,5.99,1200000.06,1200000.06,2.2237,688660,电气风电,8970.600271084608
000530.SZ,14.9043,20.8408,1.51,506770.7167,360611.0241,1.6253,000530,冰山冷热,8950.165854595489
300077.SZ,7.702,7.702,0.89,1390174.0528,1349331.8416,12.9146,300077,国民技术,8946.700492724267
002708.SZ,12.0494,17.7209,1.18,626177.1352,551057.2133,3.5815,002708,光洋股份,8944.65856951899
300641.SZ,7.7145,17.7805,1.22,1323182.8878,1322447.9343,5.4359,300641,正丹股份,8871.50036313218
002187.SZ,14.5967,32.1082,1.31,498459.5639,366114.5639,1.225,002187,广百股份,8832.083878028685
002575.SZ,12.7783,14.0001,4.16,529601.28,476517.964,6.4195,002575,群兴玩具,8820.896346173828
300063.SZ,11.6758,12.9623,0.99,691776.7608,570227.3388,4.2962,300063,天龙集团,8816.793409106001
002429.SZ,5.4237,11.7768,0.63,2616571.6708,2615064.4844,1.6663,002429,兆驰股份,8770.752597474248
300603.SZ,13.8459,15.7298,1.44,517785.2293,400873.0961,3.5885,300603,立昂技术,8766.467878102041
300007.SZ,11.52,12.9622,0.91,669626.2909,578682.9057,2.3411,300007,汉威科技,8763.40344207713
002213.SZ,16.5643,20.567,1.82,321819.335,279535.0304,5.5026,002213,大为股份,8757.723056947714
000592.SZ,11.8092,14.2766,1.56,554421.116,549631.5329,2.736,000592,平潭发展,8755.002978881972
301421.SZ,17.5574,17.6261,2.57,621058.506,248537.639,5.2812,301421,波长光电,8752.987086267893
605066.SH,15.9078,29.0378,1.34,305414.767,302464.7413,1.7056,605066,天正电气,8748.780086642932
000158.SZ,4.8719,7.6387,1.13,3219614.0761,3197867.0833,5.7817,000158,常山北明,8712.214706976722
688313.SH,10.0386,15.5793,1.82,751977.0156,751977.0156,6.4352,688313,仕佳光子,8705.13344135042
300280.SZ,14.9512,18.386,0.78,341958.7198,338600.4966,2.7939,000nan,,8700.011894517398
600778.SH,16.1968,25.9571,0.83,283145.639,282894.3277,12.6364,600778,友好集团,8614.723429950029
300857.SZ,5.3166,8.9164,0.92,2621532.2556,2614100.7283,8.621,300857,协创数据,8595.97504438533
002031.SZ,8.6577,9.7013,0.75,1093099.648,985177.2625,4.4942,002031,巨轮智能,8593.295037277829
603759.SH,13.3017,30.8605,2.55,412351.68,412351.68,1.5963,603759,海天股份,8541.635464585572
000981.SZ,7.455,13.7828,0.9,1999494.1776,1305031.0904,9.4829,000981,山子高科,8516.43972191068
300638.SZ,8.1922,9.9953,0.87,1542613.1989,1072752.9258,4.3815,300638,广和通,8484.971740837542
002273.SZ,4.841,5.6633,1.04,3089984.7951,3017283.6415,3.5503,002273,水晶光电,8408.97675078578
300607.SZ,9.0442,10.3217,0.82,1215802.6782,860771.7769,4.1037,300607,拓斯达,8391.008615939794
301236.SZ,4.1887,5.2316,0.87,5594717.6502,3994131.6488,5.3471,301236,软通动力,8371.252553793736
600601.SH,6.155,10.288,0.98,1830758.753,1830758.753,4.5088,600601,方正科技,8328.05561746683
000501.SZ,9.2896,16.2967,1.44,804366.3966,803635.41,0.7332,000501,武商集团,8327.72827957274
300179.SZ,12.7862,16.4866,1.02,546647.4338,423053.2519,4.5809,300179,四方达,8316.46975012391
002261.SZ,5.7796,6.5176,1.29,2300361.6582,2064809.5413,8.8683,002261,拓维信息,8304.96452314021
301325.SZ,14.8252,14.8252,1.05,779754.3245,313731.3793,2.659,301325,曼恩斯特,8303.850857541613
300708.SZ,10.5133,11.7453,1.56,844588.5957,622673.1502,3.1531,300708,聚灿光电,8296.007326723766
002896.SZ,10.8342,20.5383,0.7,580648.9057,580648.9057,5.0115,002896,中大力德,8255.69527481803
000716.SZ,11.8869,18.5401,1.18,518400.8104,482075.9144,2.0509,000716,黑芝麻,8253.27518859271
300183.SZ,9.8567,20.3463,2.0,895148.6801,694715.9137,2.82,300183,东软载波,8215.521984402749
002577.SZ,11.2163,26.6363,1.4,535491.84,535463.445,4.5295,002577,雷柏科技,8207.568776508735
000021.SZ,4.7494,7.2525,1.05,2974479.9427,2974167.597,2.5722,000021,深科技,8190.708438389803
600793.SH,12.675,32.9493,0.95,410947.9966,410947.9966,9.1271,600793,宜宾纸业,8125.337361382041
601011.SH,10.664,15.4747,2.83,576615.0262,576615.0262,0.9741,601011,宝泰隆,8097.726682626889
002075.SZ,6.8748,9.3914,1.72,1373334.7286,1373332.5219,2.1637,002075,沙钢股份,8056.527997278217
600857.SH,17.594,26.7748,2.18,208617.5247,208617.5247,2.4711,600857,宁波中百,8036.000991792264
002345.SZ,11.2688,18.4469,3.71,516225.8828,503773.1111,1.4152,002345,潮宏基,7998.253462672801
600590.SH,11.8227,20.2273,1.57,462255.4045,457214.6815,1.4116,600590,泰豪科技,7994.232101921135
300042.SZ,11.7474,17.5116,1.09,462924.0,462924.0,4.3662,300042,朗科科技,7992.756922549706
603516.SH,7.5293,11.2449,1.44,1115781.3543,1115781.3543,8.1932,603516,淳中科技,7953.241161421217
002733.SZ,11.1249,17.755,6.5,531753.4396,510506.0585,1.9644,002733,雄韬股份,7948.708418709543
300739.SZ,11.1824,23.5582,0.9,510964.0977,505083.8731,2.2267,300739,明阳电路,7947.248154569831
603229.SH,8.7227,18.7283,3.92,829466.8479,829466.8479,3.6157,603229,奥翔药业,7944.205180451131
002068.SZ,8.9832,16.5479,1.62,782407.2885,781691.4825,2.6397,002068,黑猫股份,7942.345195393866
301010.SZ,15.7223,49.1323,1.34,254556.0,254556.0,3.0689,301010,晶雪节能,7932.45738913694
300846.SZ,10.7256,11.6269,1.25,696142.8507,542848.5344,6.485,300846,首都在线,7902.434979533662
300566.SZ,11.7712,13.0683,1.13,520098.3366,450056.8071,2.6633,300566,激智科技,7896.859407705848
300424.SZ,11.9648,14.1322,1.3,433281.4169,432235.5136,5.7721,300424,航新科技,7866.212363876372
300541.SZ,11.1794,11.1794,0.98,582710.2867,494858.2817,3.5613,300541,先进数通,7864.279080055639
002607.SZ,5.9602,6.5216,0.82,2096915.7923,1709773.0671,28.5196,002607,中公教育,7793.455661494601
000628.SZ,7.1079,8.2665,0.87,2194352.12,1196493.167,10.1088,000628,高新发展,7774.928798714661
002681.SZ,8.0809,8.984,0.93,1126573.2666,923791.0806,4.5597,002681,奋达科技,7766.880349936573
002436.SZ,5.997,6.2515,1.1,1877142.8369,1666959.0719,3.7049,002436,兴森科技,7742.772827898494
002929.SZ,9.0963,13.8341,0.81,947516.0607,717099.0743,1.5284,002929,润建股份,7702.901707032614
002832.SZ,8.428,10.3952,2.85,1221883.8668,833744.546,2.4019,002832,比音勒芬,7695.574199234419
002077.SZ,8.2723,16.2867,0.65,851371.2686,851371.2686,2.5731,002077,大港股份,7632.833183411453
002456.SZ,3.8602,4.4808,0.99,3967254.0194,3896650.9772,10.943,002456,欧菲光,7620.010333645483
300624.SZ,7.3193,9.1572,1.04,1220918.8861,1081337.759,9.5787,300624,万兴科技,7611.149145716623
002190.SZ,9.1032,18.6095,3.07,693782.5494,693782.5494,2.4882,002190,成飞集成,7582.383920365966
000925.SZ,11.0371,11.6987,0.97,588005.606,471792.1838,1.8016,000925,众合科技,7581.067233556056
002640.SZ,10.2129,11.5874,0.8,598287.8707,547928.8178,4.4898,002640,跨境通,7559.814702255526
600843.SH,9.8235,13.5522,0.89,897163.4318,590282.1943,2.7914,600843,上工申贝,7547.377816341804
301085.SZ,11.8379,81.2461,0.9,595020.8035,403957.808,5.369,301085,亚康股份,7523.894035454149
688343.SH,6.5924,7.6222,0.62,1761463.2512,1278987.6485,4.3804,688343,云天励飞,7455.499165185994
002741.SZ,9.6423,15.6384,0.91,768216.8561,597249.5804,3.76,002741,光华科技,7451.754974607215
301171.SZ,7.9046,8.978,1.15,1330246.3662,870436.7955,3.7868,301171,易点天下,7374.770652155532
002518.SZ,6.5202,16.4766,0.97,1311753.1368,1273390.9002,3.0222,002518,科士达,7357.6951267544
300613.SZ,6.4853,12.4863,0.59,1354562.6738,1277313.2717,5.2964,300613,富瀚微,7329.574829260426
002927.SZ,12.7997,30.444,1.75,330101.2342,326330.4054,3.2423,002927,泰永长征,7311.871677798528
002796.SZ,14.4664,21.1078,0.88,283223.0357,254185.1539,3.2899,002796,世嘉科技,7293.492822947465
300657.SZ,7.1555,8.7728,0.85,1106737.1869,1034793.5949,8.338,300657,弘信电子,7278.918420618573
300688.SZ,10.7622,13.0104,0.87,535781.6643,454325.478,11.0315,300688,创业黑马,7254.117813080964
603228.SH,4.5293,12.5163,1.07,2596166.8107,2562949.5147,2.3964,603228,景旺电子,7251.053559740838
601099.SH,4.2543,4.7755,1.53,2903750.7736,2903750.7736,3.0204,601099,太平洋,7249.495439634187
002651.SZ,11.2572,21.4295,2.52,757526.18,414484.8489,2.7248,002651,利君股份,7247.441391368586
002139.SZ,5.996,6.3081,1.13,1696942.4187,1458177.7096,2.5898,002139,拓邦股份,7240.471555526101
000066.SZ,3.3775,5.5086,1.01,4699989.2712,4577592.8833,3.9131,000066,中国长城,7226.26593934933
301183.SZ,14.4771,14.4771,1.16,430400.0,247953.44,5.1311,301183,东田微,7208.860860757369
688018.SH,4.6071,7.694,0.77,2445969.3958,2445969.3958,12.0097,688018,乐鑫科技,7205.317927571198
600530.SH,11.7706,26.6805,2.9,374286.36,374286.36,12.413,600530,交大昂立,7201.12917788146
600785.SH,13.2233,22.8466,1.13,294900.083,294900.083,1.3267,600785,新华百货,7180.873867384179
603286.SH,15.137,23.8392,4.5,228351.6149,223807.0969,2.629,603286,日盈电子,7161.050523921803
300351.SZ,10.4852,14.3347,0.83,688164.9656,464579.5408,2.8733,300351,永贵电器,7146.719863925126
603236.SH,5.3404,7.4777,0.72,1790784.984,1790784.984,4.83,603236,移远通信,7146.534741378344
002312.SZ,4.4866,7.7512,0.97,2733872.9817,2536936.1312,2.9133,002312,川发龙蟒,7146.14985090776
688049.SH,10.0661,10.387,0.95,655714.0447,503746.8929,3.5631,688049,炬芯科技,7144.427454903278
688332.SH,9.4231,9.4231,0.88,1569983.5125,574479.2831,4.0356,688332,中科蓝讯,7142.18320023163
300863.SZ,9.6873,23.8926,0.76,566642.6254,542373.7125,4.665,300863,卡倍亿,7134.311463154335
600327.SH,10.3459,18.8585,2.05,471587.4831,471587.4831,1.4349,600327,大东方,7104.759985817583
002843.SZ,9.6942,19.2153,0.92,541765.8502,535697.1122,3.8445,002843,泰嘉股份,7095.314134602083
002185.SZ,3.6739,4.7539,1.12,3720406.6763,3719541.8997,2.2612,002185,华天科技,7085.525391495145
000886.SZ,8.1239,10.9299,1.46,768319.5891,759779.2697,2.542,000886,海南高速,7081.223285293022
002351.SZ,7.6331,9.7714,1.17,1467026.55,859696.2825,5.5631,002351,漫步者,7077.395676567438
002115.SZ,9.9677,11.0389,0.63,539309.2358,500210.0288,2.3142,002115,三维通信,7049.708438333896
688629.SH,9.1218,9.1218,0.8,1543864.991,597212.4377,10.7785,688629,华丰科技,7049.283353076236
002797.SZ,3.7587,4.226,1.04,3509004.0,3509000.8688,2.2461,002797,第一创业,7040.919870334057
000852.SZ,8.7279,18.3873,1.78,659737.7654,649290.9515,2.1372,000852,石化机械,7032.818945410137
300604.SZ,4.8797,5.8959,0.87,2765995.5943,2077042.9283,8.3902,300604,长川科技,7032.5990726720165
300766.SZ,9.7303,10.6354,1.19,572964.398,519638.3085,3.5463,300766,每日互动,7014.1784488279245
002291.SZ,9.3995,11.2064,0.68,587204.443,553802.3248,1.4438,002291,遥望科技,6994.910136372408
300579.SZ,7.6335,16.6029,4.52,848340.0,824079.3361,9.4632,300579,数字认证,6929.600888515373
300113.SZ,7.3301,8.1816,0.79,1167096.8504,889116.4279,5.4224,300113,顺网科技,6911.769028010903
301018.SZ,7.8837,17.0008,0.87,1025366.5817,767181.3407,3.9928,301018,申菱环境,6905.245210925788
002491.SZ,8.8792,15.1834,1.02,632217.173,604704.9997,2.5547,002491,通鼎互联,6904.712786692807
688716.SH,13.9237,15.9252,0.83,442306.8,245728.788,3.7261,688716,中研股份,6902.122718565979
688800.SH,7.738,13.2153,0.95,793841.9836,793841.9836,3.9124,688800,瑞可达,6894.388576536069
300380.SZ,8.843,15.8285,1.1,653847.6332,601585.2436,17.6225,300380,安硕信息,6858.801156751514
300223.SZ,4.048,5.6187,1.1,3284306.793,2861607.8852,2.7589,300223,北京君正,6847.713248646171
300703.SZ,13.8906,20.7676,1.07,257419.1557,242107.0789,3.0593,300703,创源股份,6834.7832946621165
300177.SZ,8.4,9.0882,1.1,811888.451,661475.8649,4.9059,300177,中海达,6831.817988452562
300921.SZ,14.6918,17.7091,0.53,356884.7916,215220.3546,4.3994,300921,南凌科技,6815.7975009417405
301487.SZ,8.9447,14.5644,2.41,977604.1636,580232.8465,4.9796,301487,盟固利,6813.447819963066
300154.SZ,11.5855,24.7819,1.05,492712.5003,345573.6783,2.8046,300154,瑞凌股份,6810.595849375717
002639.SZ,10.1929,10.8404,1.31,529232.4919,445648.5371,2.1463,002639,雪人集团,6804.465337623023
600410.SH,7.6334,7.6334,0.98,793862.1505,793862.1505,1.9428,600410,华胜天成,6801.278655540181
600824.SH,9.8557,16.3355,0.73,471150.1016,471150.1016,1.9532,600824,益民集团,6764.989392826974
002902.SZ,10.4907,12.0727,0.94,550545.371,415167.4181,4.9717,002902,铭普光磁,6759.523766997204
601162.SH,3.4277,4.5101,1.2,3882259.3439,3882259.3439,1.6845,601162,天风证券,6753.751491154601
603991.SH,10.8175,14.8185,1.39,389072.6896,389072.6896,16.1262,603991,领先股份,6747.490433125786
300302.SZ,8.8081,11.0373,1.09,755319.7456,581368.8985,5.553,300302,同有科技,6715.96051161884
002245.SZ,6.2001,7.2206,0.77,1231537.7481,1162282.2784,1.8285,002245,蔚蓝锂芯,6684.277973225234
002210.SZ,7.9314,11.3142,0.77,707887.9179,707885.3643,22.3738,002210,飞马国际,6673.156645812633
000811.SZ,6.9692,11.0458,1.82,936134.1277,914385.7263,1.5901,000811,冰轮环境,6664.194241346424
002249.SZ,6.4084,7.2864,1.17,1431364.1526,1073138.9205,1.6033,002249,大洋电机,6638.616557769728
