strategy,total_return,annual_return,annual_volatility,max_drawdown,sharpe,calmar,sortino,total_turnover,rebalance_count,estimated_cost,kind,top_n,momentum_window,volatility_window,interval_days,cost_rate
ram_top2_m20_v120_f21_cost,0.8190403728317162,0.12129339226600644,0.11835071454090298,-0.10570745484244448,1.0248640469685246,1.1474440704942956,1.2334156429944507,80.47529689110193,63.0,0.08047529689110193,ram_topn,2,20,120,21,0.001
ram_top2_m20_v60_f21_cost,0.7481712043640167,0.1127996409191021,0.11790703145197416,-0.09923244083643556,0.9566829011808986,1.1367214186037136,1.1490952858255175,81.42824926282186,63.0,0.08142824926282187,ram_topn,2,20,60,21,0.001
ram_top3_m20_v60_f21_cost,0.6462999830953291,0.10008865314806314,0.11237535142979257,-0.09923244083643556,0.8906637609991757,1.0086283508136102,1.0469851004742043,77.6977134236384,63.0,0.0776977134236384,ram_topn,3,20,60,21,0.001
ram_top3_m20_v120_f21_cost,0.6642308677948863,0.10237125911482292,0.11302896744060682,-0.10570745484244437,0.9057081687366189,0.9684393524317276,1.0702612353562349,76.81918073734921,63.0,0.07681918073734921,ram_topn,3,20,120,21,0.001
ram_top2_m20_v60_f10_cost,0.6979511614006695,0.10661052889187328,0.12557565703785378,-0.1347717816971249,0.8489744860322441,0.7910448875081364,0.9885327971104809,125.59612414436769,130.0,0.1255961241443677,ram_topn,2,20,60,10,0.001
ram_top2_m20_v120_f10_cost,0.7151097816390508,0.10874160705187497,0.12786833375869494,-0.1390522621509258,0.8504185817974704,0.782019690796889,0.9880195509642793,123.9110713853415,130.0,0.1239110713853415,ram_topn,2,20,120,10,0.001
ram_top3_m20_v60_f10_cost,0.6855280973643303,0.10505670557126301,0.12097176282241849,-0.1347717816971249,0.8684398996936324,0.7795155947953473,1.0005172570847178,117.63768127470594,130.0,0.11763768127470595,ram_topn,3,20,60,10,0.001
ram_top1_m120_v20_f63_cost,1.1398162733834019,0.15668617894865733,0.1507046508816024,-0.20199534216637716,1.0396904012720496,0.7756920395699021,1.0816020487364,25.0,13.0,0.025,ram_topn,1,120,20,63,0.001
ram_top3_m20_v20_f10_cost,0.7349554980320585,0.11118502336927705,0.11371356144149129,-0.1463306438200206,0.9777639708038232,0.7598205028471623,1.1788101570397815,118.4218785385682,130.0,0.1184218785385682,ram_topn,3,20,20,10,0.001
ram_top1_m180_v20_f63_cost,1.0676560032093736,0.14911863030547678,0.15084512336388656,-0.19681605231126353,0.9885545318276885,0.757654818061519,1.0088097324278789,17.0,9.0,0.017,ram_topn,1,180,20,63,0.001
ram_top2_m20_v20_f10_cost,0.7120790442711133,0.10836645095758946,0.11822212015187435,-0.14404646326496118,0.9166343051399874,0.7523020593588515,1.1114283060767491,127.83066476932056,130.0,0.12783066476932056,ram_topn,2,20,20,10,0.001
ram_top3_m20_v120_f10_cost,0.6675166020708172,0.10278737577139374,0.1233835405252223,-0.1390522621509258,0.833072023495563,0.7391995943210866,0.9598427591513784,117.77012937699611,130.0,0.11777012937699612,ram_topn,3,20,120,10,0.001
ram_top3_m20_v20_f21_cost,0.6053604634924123,0.09480070653485018,0.11058209938493614,-0.13479330823874014,0.8572879974438633,0.7033042498440889,1.0037192117483205,79.91806347243195,63.0,0.07991806347243195,ram_topn,3,20,20,21,0.001
ram_top1_m20_v60_f21_cost,0.6585427813437938,0.10164932718236286,0.14132281331216343,-0.15078826400033563,0.7192704758702541,0.6741196196949161,0.8423947891404987,87.0,44.0,0.08700000000000001,ram_topn,1,20,60,21,0.001
ram_top2_m20_v20_f21_cost,0.5170320310562635,0.08300946701482093,0.11527012038991752,-0.12315471350010732,0.7201299585185618,0.6740259033183378,0.8480510174906838,86.39538728508083,63.0,0.08639538728508084,ram_topn,2,20,20,21,0.001
ram_top3_m20_v120_f63_cost,0.4620725516207489,0.07538953964963357,0.09227017935175894,-0.11314286497172799,0.8170520549464656,0.6663216427166824,0.9272644899827082,27.45500977271335,21.0,0.02745500977271335,ram_topn,3,20,120,63,0.001
ram_top3_m20_v20_f63_cost,0.46927336599020064,0.07640095638815692,0.09075382858530305,-0.11566451902193386,0.8418483008278234,0.6605392650590518,0.9480253027762879,28.4421071225832,21.0,0.028442107122583198,ram_topn,3,20,20,63,0.001
ram_top1_m180_v20_f42_cost,0.5021938947805002,0.0809745068238028,0.11376584518818526,-0.12268926696109239,0.7117646486066111,0.6599966633550896,0.8020774110860559,23.0,12.0,0.023,ram_topn,1,180,20,42,0.001
ram_top1_m20_v120_f21_cost,0.7945504552925702,0.11838899543689219,0.15312283522058945,-0.18381961483874865,0.7731635537334485,0.6440498503967931,0.8735548655990155,87.0,44.0,0.08700000000000001,ram_topn,1,20,120,21,0.001
ram_top3_m20_v60_f63_cost,0.4451041348170357,0.07299015182005109,0.09109771433172326,-0.11652422092522474,0.8012292334170396,0.6263946777802523,0.9021412332947574,28.0917864020605,21.0,0.0280917864020605,ram_topn,3,20,60,63,0.001
ram_top1_m120_v20_f21_cost,1.0764940718638765,0.15005686052660927,0.15759888769947697,-0.2489079301075272,0.952144159879799,0.602860907090366,0.9834342389429336,53.0,27.0,0.053,ram_topn,1,120,20,21,0.001
ram_top1_m120_v120_f63_cost,0.7292833914296621,0.11048898685096775,0.13392464912896754,-0.2019953421663776,0.8250085967712218,0.5469877951936201,0.8778298053476804,21.0,11.0,0.021,ram_topn,1,120,120,63,0.001
ram_top1_m120_v60_f21_cost,0.8965852171442861,0.13028596091945732,0.15901371492938174,-0.24890793010752676,0.8193378852718304,0.5234303337108406,0.8402130493192921,35.0,18.0,0.035,ram_topn,1,120,60,21,0.001
ram_top2_m20_v20_f63_cost,0.40678246569429377,0.06748635264529179,0.09743451206476675,-0.12969982137108282,0.6926329409894536,0.5203272597593429,0.7717810625370496,30.644838390760846,21.0,0.030644838390760848,ram_topn,2,20,20,63,0.001
ram_top1_m120_v120_f21_cost,0.8039087714147064,0.11950261251386896,0.1591627786993667,-0.248907930107527,0.7508200943110604,0.48010769468953607,0.7818810003992133,37.0,19.0,0.037,ram_topn,1,120,120,21,0.001
ram_top1_m180_v120_f42_cost,0.43009889743396346,0.07084930705585801,0.122487634798635,-0.1511968314103671,0.5784200762169306,0.46858989302205767,0.692654070464926,27.0,14.0,0.027,ram_topn,1,180,120,42,0.001
ram_top2_m20_v120_f63_cost,0.3694304958940431,0.06200388094942633,0.09970267989082664,-0.13326637698714872,0.6218878070009743,0.4652627493235263,0.696579939542299,30.54888275410213,21.0,0.03054888275410213,ram_topn,2,20,120,63,0.001
ram_top1_m120_v60_f63_cost,0.5990071316595609,0.0939703304073447,0.13412947552302093,-0.20199534216637782,0.7005941836491888,0.46521038257379227,0.7174596995204656,21.0,11.0,0.021,ram_topn,1,120,60,63,0.001
ram_top2_m20_v60_f63_cost,0.35571607299418706,0.05996052482082259,0.09841725953884467,-0.13138126380008064,0.6092480638231605,0.4563856602267346,0.6801959753620186,30.717610541382655,21.0,0.030717610541382657,ram_topn,2,20,60,63,0.001
ram_top1_m20_v120_f63_cost,0.46735278863517227,0.07613158733908798,0.12015671976248352,-0.17920918367346905,0.6336024109977286,0.4248196759704277,0.6588221379018673,33.0,17.0,0.033,ram_topn,1,20,120,63,0.001
ram_top1_m180_v60_f42_cost,0.3723670540493609,0.062439255720329934,0.11976109426256477,-0.1511968314103671,0.521365106964018,0.4129666947243225,0.5833115094243313,21.0,11.0,0.021,ram_topn,1,180,60,42,0.001
ram_top3_m120_v20_f10_cost,0.44924413327173185,0.07357765342090894,0.12691269253651116,-0.20402374254855182,0.5797501569808834,0.3606327994076452,0.5421889935744074,45.95844241763878,127.0,0.04595844241763878,ram_topn,3,120,20,10,0.001
ram_top3_m180_v20_f10_cost,0.3954612759816183,0.06583720351078859,0.11999294174700939,-0.19322832036440118,0.5486756350185861,0.34072232986670364,0.5374928609854789,34.097895094856625,131.0,0.034097895094856626,ram_topn,3,180,20,10,0.001
ram_top1_m180_v60_f21_cost,0.3911239682338372,0.06520252388840819,0.12850124569680393,-0.20255867297462915,0.5074077183831526,0.3218945055814763,0.5634667579646272,41.0,21.0,0.041,ram_topn,1,180,60,21,0.001
ram_top1_m20_v20_f21_cost,0.4424050523773033,0.07260639533797009,0.15475554488821727,-0.23279079797303592,0.4691682962986237,0.31189546996776074,0.5019569989697367,97.0,49.0,0.097,ram_topn,1,20,20,21,0.001
ram_top1_m180_v20_f21_cost,0.3561845983246088,0.060030607082889764,0.12585200918036754,-0.2025586729746296,0.4769936330285804,0.2963615736681321,0.5267947949265239,49.0,25.0,0.049,ram_topn,1,180,20,21,0.001
ram_top2_m120_v20_f63_cost,0.45906071741078924,0.07496530636745802,0.16600501691129757,-0.26465224333608783,0.4515845831786799,0.283259667186187,0.38149319346876603,20.469197608349464,20.0,0.020469197608349466,ram_topn,2,120,20,63,0.001
ram_top2_m120_v20_f10_cost,0.3616050068936687,0.060839974428529286,0.1342818058157934,-0.2152022683052629,0.4530768264465331,0.2827106559222146,0.4291917833465091,61.29532629780128,127.0,0.06129532629780128,ram_topn,2,120,20,10,0.001
ram_top1_m20_v20_f63_cost,0.2703299397258294,0.04684841894729441,0.11520848591072413,-0.17920918367346905,0.4066403492499466,0.26141751213294584,0.41285330650327384,33.0,17.0,0.033,ram_topn,1,20,20,63,0.001
ram_top1_m20_v60_f63_cost,0.2703299397258294,0.04684841894729441,0.11520848591072413,-0.17920918367346905,0.4066403492499466,0.26141751213294584,0.41285330650327384,33.0,17.0,0.033,ram_topn,1,20,60,63,0.001
ram_top1_m180_v60_f10_cost,0.3385672946369829,0.057381821281562884,0.14665201519161547,-0.22021617260931692,0.39127877790555976,0.26057042315127027,0.39938931012760576,55.0,28.0,0.055,ram_topn,1,180,60,10,0.001
ram_top1_m20_v60_f10_cost,0.42051576416014,0.0694725274081005,0.15694897182372738,-0.26789416512003883,0.44264404284296,0.2593282588927274,0.49796534699791734,145.0,73.0,0.145,ram_topn,1,20,60,10,0.001
ram_top3_m120_v20_f63_cost,0.383227953206843,0.06404297770603429,0.1547756292868074,-0.26465224333608783,0.41377946903617024,0.24198917378797605,0.3393494177548367,15.504487568331653,20.0,0.015504487568331653,ram_topn,3,120,20,63,0.001
ram_top3_m120_v60_f10_cost,0.3421367645060813,0.05792076369341115,0.1406430017582331,-0.2435927968937115,0.41182826709698356,0.23777699682427025,0.3646594578182328,40.33430563525148,127.0,0.040334305635251484,ram_topn,3,120,60,10,0.001
ram_top3_m180_v60_f10_cost,0.33617732212183715,0.05702031732824331,0.13275337492517447,-0.24131417022084778,0.42952066085236945,0.23629079583705762,0.3917334948985388,29.433880276220307,131.0,0.02943388027622031,ram_topn,3,180,60,10,0.001
ram_top3_m120_v20_f21_cost,0.4101736493877457,0.06797825463571283,0.15893660389186948,-0.2879742857996279,0.42770672690326883,0.23605668279358805,0.3441226363004418,30.18662788354064,62.0,0.03018662788354064,ram_topn,3,120,20,21,0.001
ram_top3_m60_v20_f10_cost,0.26855374890343287,0.046568187212529866,0.13510453447470103,-0.19853802708762647,0.3446826369935791,0.23455550503670813,0.36884090321705576,69.40435457375563,130.0,0.06940435457375563,ram_topn,3,60,20,10,0.001
ram_top1_m20_v120_f10_cost,0.37417261019330383,0.06270657401711843,0.159027038435581,-0.2678941651200385,0.39431391437576035,0.2340721903704799,0.43507641149031884,141.0,71.0,0.14100000000000001,ram_topn,1,20,120,10,0.001
ram_top1_m60_v20_f21_cost,0.29037703261594894,0.04998950399161517,0.14359322944130065,-0.2168695804502061,0.34813273708040904,0.23050491400333994,0.3696712277841032,69.0,35.0,0.069,ram_topn,1,60,20,21,0.001
ram_top1_m120_v20_f10_cost,0.3322726426297842,0.05642857431075776,0.15335854721884626,-0.24890793010752688,0.3679519357354948,0.2267046063433211,0.3773389904065935,87.0,44.0,0.08700000000000001,ram_topn,1,120,20,10,0.001
ram_top2_m120_v20_f21_cost,0.39045026872909894,0.0651037976925577,0.16822871209839146,-0.28725283040754923,0.38699575643473166,0.22664284143062952,0.3202498521998293,40.16306499707404,62.0,0.04016306499707404,ram_topn,2,120,20,21,0.001
ram_top1_m120_v120_f10_cost,0.3296229109793414,0.0560262157836704,0.16246554216618414,-0.24890793010752676,0.344849837304958,0.22508811093108766,0.3552831106455717,55.0,28.0,0.055,ram_topn,1,120,120,10,0.001
ram_top2_m60_v60_f10_cost,0.2700955903014983,0.04681146351210508,0.1415253467250591,-0.2116030254123472,0.3307638143649673,0.22122303507184918,0.36835221491621023,71.25582592563526,130.0,0.07125582592563527,ram_topn,2,60,60,10,0.001
ram_top1_m120_v60_f10_cost,0.3141163764799373,0.05365847998194395,0.15874099468773248,-0.24890793010752676,0.3380253480677647,0.21557561448027712,0.35029175488289416,67.0,34.0,0.067,ram_topn,1,120,60,10,0.001
ram_top3_m180_v20_f21_cost,0.37242275364784927,0.06244750647224695,0.1506966013978391,-0.29306875304569957,0.4143922682594911,0.21308142141823364,0.33954706147806946,24.690819877804334,62.0,0.024690819877804335,ram_topn,3,180,20,21,0.001
ram_top1_m20_v20_f10_cost,0.2507623541169117,0.043743566639342646,0.15173642571964865,-0.22230156464236517,0.2882865233702299,0.1967757928726976,0.32156078851944964,163.0,82.0,0.163,ram_topn,1,20,20,10,0.001
ram_top2_m120_v60_f10_cost,0.26590315311207813,0.046149408943092496,0.1481537064870232,-0.24615609732595223,0.31149682338278,0.18748025925184736,0.283909340666774,52.138920849976785,127.0,0.05213892084997679,ram_topn,2,120,60,10,0.001
ram_top1_m60_v60_f21_cost,0.21780163816712128,0.03842361755506274,0.15982571032681092,-0.21686958045020555,0.2404094902909819,0.1771738455679127,0.25485818381562264,71.0,36.0,0.07100000000000001,ram_topn,1,60,60,21,0.001
ram_top3_m180_v20_f42_cost,0.31126839875218115,0.05322116104605268,0.16545355406900417,-0.30853259942858124,0.3216682853718345,0.17249769115037145,0.25193519302561285,14.352406428531841,32.0,0.014352406428531842,ram_topn,3,180,20,42,0.001
ram_top1_m60_v120_f21_cost,0.2051243933287472,0.03634644164121026,0.15643694897612764,-0.21686958045020577,0.23233923877380622,0.16759584984559678,0.24688762911644432,63.0,32.0,0.063,ram_topn,1,60,120,21,0.001
ram_top3_m60_v60_f10_cost,0.19354842099018188,0.03443421844722527,0.13966249297177918,-0.21159565637046351,0.24655308461508849,0.16273594192754856,0.2586711716154733,64.70277431719957,130.0,0.06470277431719958,ram_topn,3,60,60,10,0.001
ram_top3_m120_v60_f63_cost,0.2850840870906761,0.04916403267666691,0.16509014722121576,-0.3036478695439393,0.29780113171011113,0.16191133746634978,0.23456491872837448,13.895174365216526,20.0,0.013895174365216527,ram_topn,3,120,60,63,0.001
ram_top3_m120_v60_f21_cost,0.3123474860746962,0.053386949728444266,0.1723829504573008,-0.33214194511799233,0.3096997097846298,0.16073534376839616,0.24257714519194074,24.914244325789934,62.0,0.024914244325789935,ram_topn,3,120,60,21,0.001
ram_top2_m180_v20_f10_cost,0.18953980588951191,0.03376854304231114,0.12745934832700237,-0.21423697114752338,0.2649357892186653,0.15762238824342859,0.25680874543906074,50.812008708936446,131.0,0.05081200870893645,ram_topn,2,180,20,10,0.001
ram_top3_m120_v120_f63_cost,0.2689197623966193,0.046625959539308814,0.1643057549825652,-0.3016884443921981,0.2837755716119401,0.15455003466654024,0.22430459771284386,13.05788296468395,20.0,0.01305788296468395,ram_topn,3,120,120,63,0.001
ram_top2_m120_v60_f21_cost,0.2908188646199199,0.05005828683936553,0.17857304197835952,-0.3320623881906538,0.28032387355215616,0.15074964410189248,0.22249703367563062,31.85469375024004,62.0,0.03185469375024004,ram_topn,2,120,60,21,0.001
ram_top2_m180_v20_f21_cost,0.258952297439355,0.045047837744051966,0.15689574945305826,-0.30716946866369,0.2871195548706044,0.14665467222386416,0.2362379469717497,36.518911222539785,62.0,0.036518911222539786,ram_topn,2,180,20,21,0.001
ram_top3_m180_v60_f21_cost,0.2638086244140694,0.0458179841109958,0.16494297639167835,-0.3384199868423675,0.27778075255653867,0.13538793774712052,0.22154698830431283,21.051011174401843,62.0,0.021051011174401845,ram_topn,3,180,60,21,0.001
ram_top3_m180_v120_f10_cost,0.2104818853518271,0.037226416237191584,0.1428636568436378,-0.29108022820976187,0.26057303207585786,0.12789056977915045,0.22507713859606232,28.061781364852674,131.0,0.028061781364852673,ram_topn,3,180,120,10,0.001
ram_top2_m120_v120_f63_cost,0.21426012535022476,0.03784510492990756,0.1649100005273519,-0.30184624575194785,0.22948944763134957,0.1253787498188996,0.1838103494424952,15.157707151278391,20.0,0.015157707151278392,ram_topn,2,120,120,63,0.001
ram_top3_m120_v120_f10_cost,0.2055973314981916,0.03642424947324474,0.15191408214016497,-0.29434719188288405,0.23976874928314784,0.12374587044722804,0.2036579555590728,38.194374578865094,127.0,0.0381943745788651,ram_topn,3,120,120,10,0.001
ram_top2_m120_v60_f63_cost,0.2073466690782111,0.03671183632946762,0.1687172268220475,-0.30364786954393896,0.21759388191099768,0.12090266394625661,0.17541840972529504,17.02596487384961,20.0,0.01702596487384961,ram_topn,2,120,60,63,0.001
ram_top3_m180_v20_f63_cost,0.2680167704810408,0.046483405028590274,0.19531422099356502,-0.39037685212139883,0.237992936674702,0.11907315911788471,0.17706764159879387,12.118142907475768,21.0,0.012118142907475768,ram_topn,3,180,20,63,0.001
ram_top3_m180_v60_f42_cost,0.216060720317921,0.03813940568151941,0.16786931378520728,-0.3204310010360868,0.227197007133297,0.11902533012785542,0.17958137970283125,15.229438552019335,32.0,0.015229438552019336,ram_topn,3,180,60,42,0.001
ram_top3_m60_v20_f21_cost,0.1982872755087539,0.03521883035304829,0.15161963803382345,-0.3167086240504702,0.23228409465792052,0.11120262499525707,0.20475784208506806,48.74536621030709,63.0,0.04874536621030709,ram_topn,3,60,20,21,0.001
ram_top3_m60_v120_f10_cost,0.1339276573938002,0.024341049197181164,0.14442328887482048,-0.22077274595151175,0.16853964057195012,0.1102538680319136,0.17322565616391716,62.95306235216912,130.0,0.06295306235216912,ram_topn,3,60,120,10,0.001
ram_top2_m120_v120_f10_cost,0.17618148290764468,0.03153706869094397,0.15898392784569054,-0.29647349814305446,0.1983663953852856,0.1063739892046833,0.17241190452683758,46.50014090314767,127.0,0.04650014090314767,ram_topn,2,120,120,10,0.001
ram_top1_m20_v60_f42_cost,0.08700392101890886,0.016090999274689155,0.12247006548215521,-0.16313547944824836,0.1313872023448353,0.098635804603092,0.15114524295834478,51.0,26.0,0.051000000000000004,ram_topn,1,20,60,42,0.001
ram_top2_m60_v20_f10_cost,0.1058774144259449,0.019443282320960042,0.13739265654787322,-0.1982803106103791,0.14151616840005715,0.09805957162920781,0.15664853683726002,80.96754115825419,130.0,0.08096754115825419,ram_topn,2,60,20,10,0.001
ram_top2_m180_v20_f42_cost,0.17012991515300802,0.03051941854004636,0.16969374922821176,-0.3169070490178594,0.17984998668986021,0.09630400659950746,0.1406934717105349,18.809923464149826,32.0,0.018809923464149825,ram_topn,2,180,20,42,0.001
ram_top1_m20_v20_f42_cost,0.10529567155220443,0.019340647599128014,0.14962374202084075,-0.21395636599635215,0.12926188944288067,0.09039528928743239,0.13506724763210243,45.0,23.0,0.045,ram_topn,1,20,20,42,0.001
ram_top2_m180_v60_f10_cost,0.11700949118990778,0.021398911520355668,0.1426095414814052,-0.24503410718871732,0.1500524529990573,0.0873303384817156,0.14021188006880536,40.72506227913003,131.0,0.04072506227913003,ram_topn,2,180,60,10,0.001
ram_top1_m180_v120_f21_cost,0.1010089368371756,0.01858300508237698,0.12651902634163806,-0.21782356383338697,0.14687913446470477,0.08531218916513138,0.16901148480756326,47.0,24.0,0.047,ram_topn,1,180,120,21,0.001
ram_top3_m120_v120_f21_cost,0.18517814872525307,0.03304217716830338,0.19132838051167517,-0.39163079785834864,0.1726987762084104,0.08437073220236016,0.13001283641246975,23.59516315836648,62.0,0.02359516315836648,ram_topn,3,120,120,21,0.001
ram_top2_m60_v120_f10_cost,0.09736361041725217,0.01793684678076679,0.14374449533158243,-0.22078990263534903,0.12478284291437382,0.08123943426158772,0.13794658907527615,70.72806956952236,130.0,0.07072806956952236,ram_topn,2,60,120,10,0.001
ram_top2_m180_v20_f63_cost,0.17440505385163707,0.031238778819539625,0.20206639690972042,-0.3903768521213976,0.1545966043700801,0.08002210850817848,0.1159084575442306,17.319313567452685,21.0,0.017319313567452685,ram_topn,2,180,20,63,0.001
ram_top2_m120_v120_f21_cost,0.16852333506790695,0.030248536339331222,0.19626979646034276,-0.39299524698001265,0.15411712288315885,0.07696921673169659,0.11774327727173554,26.5686388270976,62.0,0.0265686388270976,ram_topn,2,120,120,21,0.001
ram_top2_m180_v60_f21_cost,0.13877431935108975,0.0251773595320417,0.17327408225073457,-0.35684798102266757,0.14530366691314542,0.07055486053161218,0.11754481432359451,27.472013387371458,62.0,0.027472013387371458,ram_topn,2,180,60,21,0.001
ram_top3_m180_v120_f42_cost,0.13661351667559285,0.024804860916570526,0.17998635286001563,-0.36042998946529003,0.1378152316684949,0.06882019155334262,0.10564872063293221,15.094971809936043,32.0,0.015094971809936042,ram_topn,3,180,120,42,0.001
ram_top3_m180_v60_f63_cost,0.15370761980507286,0.02773618830047475,0.21056893961251333,-0.43531641843716073,0.1317202259341505,0.06371500620181307,0.0968749022922521,11.306148647153046,21.0,0.011306148647153047,ram_topn,3,180,60,63,0.001
ram_top1_m180_v20_f10_cost,0.07709173971090366,0.014311521292946994,0.12364150553122638,-0.2577297302250836,0.11575013771837755,0.0555291827623002,0.12602126032073468,67.0,34.0,0.067,ram_topn,1,180,20,10,0.001
ram_top3_m180_v120_f21_cost,0.11733718373136592,0.021456239725058168,0.18366129758242203,-0.3990676943561995,0.11682504701584835,0.05376591497758968,0.08969501976287533,19.925483165303913,62.0,0.019925483165303914,ram_topn,3,180,120,21,0.001
ram_top3_m180_v120_f63_cost,0.12416480125621421,0.022647616347399202,0.20885898308431852,-0.4329427360184235,0.10843496417032791,0.05231088193251371,0.07980835849614096,11.38104670927588,21.0,0.01138104670927588,ram_topn,3,180,120,63,0.001
ram_top3_m60_v60_f21_cost,0.09710909511899879,0.017891667462970995,0.16392805375787123,-0.3529088667832869,0.10914341415532057,0.050697698887678694,0.0929545908440386,45.75524618372667,63.0,0.04575524618372667,ram_topn,3,60,60,21,0.001
ram_top2_m180_v60_f63_cost,0.1060012749522905,0.019465128933211284,0.215811061500028,-0.4353164184371602,0.09019523280185877,0.04471489727654543,0.06700518014432975,15.067344412068788,21.0,0.015067344412068789,ram_topn,2,180,60,63,0.001
ram_top1_m180_v120_f10_cost,0.053503729949780476,0.010023030833785196,0.15409679210872637,-0.24548627000445167,0.06504373450365682,0.040829292952324535,0.06873843741554715,59.0,30.0,0.059000000000000004,ram_topn,1,180,120,10,0.001
ram_top2_m180_v120_f10_cost,0.04347659619480737,0.00817646625526236,0.15248684523591463,-0.29699690469303597,0.053620797535764014,0.027530476331776004,0.04708445951220727,38.43503313408551,131.0,0.03843503313408551,ram_topn,2,180,120,10,0.001
ram_top2_m120_v20_f42_cost,0.06711144921005041,0.012506385967757883,0.22653040430265162,-0.4614777575283746,0.055208421166498094,0.02710073403047797,0.04101168909576838,24.99148177556607,31.0,0.02499148177556607,ram_topn,2,120,20,42,0.001
ram_top3_m120_v20_f42_cost,0.05995521454350339,0.011203614931457384,0.2196160252772358,-0.45478090627079115,0.051014560150218186,0.024635191972607558,0.037004977976291056,20.45376947508543,31.0,0.02045376947508543,ram_topn,3,120,20,42,0.001
ram_top2_m60_v20_f21_cost,0.04117480115284655,0.007750551240719217,0.17097545508710363,-0.36235203324806664,0.045331367808149364,0.02138956188887501,0.038711870177771404,54.56432441695022,63.0,0.05456432441695022,ram_topn,2,60,20,21,0.001
ram_top2_m180_v60_f42_cost,0.03811213482934628,0.007182665475086392,0.17485580302100032,-0.3359120164157422,0.04107764998925285,0.021382579735393422,0.033046398054572886,22.599822659385147,32.0,0.022599822659385146,ram_topn,2,180,60,42,0.001
ram_top3_m20_v60_f42_cost,0.02891258417661735,0.0054686804583268245,0.16115674121831938,-0.31760253938129945,0.033933923067595365,0.01721862951404608,0.02731494034310565,41.768966466585546,32.0,0.041768966466585546,ram_topn,3,20,60,42,0.001
ram_top2_m180_v120_f63_cost,0.038609953665977415,0.0072750641782870495,0.21198261784687605,-0.43294273601842315,0.03431915433529618,0.016803756185384922,0.025190584712749795,13.956049054404641,21.0,0.01395604905440464,ram_topn,2,180,120,63,0.001
ram_top2_m180_v120_f42_cost,0.03007389538412175,0.0056857282382607455,0.1856273564333144,-0.3749306226129737,0.030629796962622326,0.015164747543520608,0.02363083635362608,19.414972132740534,32.0,0.019414972132740533,ram_topn,2,180,120,42,0.001
ram_top2_m180_v120_f21_cost,0.01990450369046748,0.0037783179162744762,0.18993928907555238,-0.41581776210015264,0.019892239960799106,0.009086475520409447,0.015318339147334352,23.377198318178333,62.0,0.023377198318178333,ram_topn,2,180,120,21,0.001
ram_top3_m20_v20_f42_cost,0.010725384713142772,0.0020433950592999572,0.16320238681258326,-0.362567047525989,0.012520619944403944,0.005635909477276711,0.010039735393367924,40.89473868808249,32.0,0.040894738688082494,ram_topn,3,20,20,42,0.001
ram_top2_m120_v60_f42_cost,0.012701293847361184,0.0024179297735393845,0.22830403866625135,-0.4732702468850527,0.010590832241360655,0.005108983270031443,0.007867763366049857,24.477844058902544,31.0,0.024477844058902545,ram_topn,2,120,60,42,0.001
ram_top3_m20_v120_f42_cost,0.005604461745109202,0.0010699580457320668,0.17358790948027777,-0.35449751810290364,0.0061637820798437016,0.003018238467388872,0.00484631425010641,41.564326219476015,32.0,0.04156432621947602,ram_topn,3,20,120,42,0.001
ram_top3_m120_v60_f42_cost,0.0033393737691744807,0.0006381080081518942,0.22240240201883904,-0.4641309386917031,0.0028691596959363862,0.001374844801233461,0.002091912694134424,19.716327476910678,31.0,0.01971632747691068,ram_topn,3,120,60,42,0.001
ram_top3_m60_v120_f21_cost,-0.0023039260322694766,-0.0004412535731717071,0.18368174117235855,-0.40990101542812496,-0.002402272378056646,-0.001076488119237362,-0.0019422851232183305,45.22420645981572,63.0,0.045224206459815716,ram_topn,3,60,120,21,0.001
ram_top3_m120_v120_f42_cost,-0.06116605909943362,-0.012004358128071213,0.23695272810294019,-0.506228479326049,-0.05066140501600859,-0.023713320404361346,-0.036268999317295506,18.531670712904653,31.0,0.018531670712904652,ram_topn,3,120,120,42,0.001
ram_top2_m60_v60_f21_cost,-0.05065848920044602,-0.009898026519801761,0.1862362666002009,-0.39917167057240843,-0.05314768546692443,-0.024796415300735355,-0.043564814419704063,51.73007564709026,63.0,0.051730075647090264,ram_topn,2,60,60,21,0.001
ram_top1_m60_v20_f10_cost,-0.044988460575100864,-0.008769241591693788,0.16538773319011946,-0.30093572301818516,-0.05302232168339361,-0.029139915672835803,-0.055445603988017775,105.0,53.0,0.105,ram_topn,1,60,20,10,0.001
ram_top2_m120_v120_f42_cost,-0.0980353317306738,-0.0195492428488524,0.24202956411040488,-0.5149722908447348,-0.08077212765600306,-0.03796173735247929,-0.05895444800945441,21.57630012463416,31.0,0.02157630012463416,ram_topn,2,120,120,42,0.001
ram_top2_m60_v120_f21_cost,-0.13661695142483876,-0.027716471986480307,0.20485294255758457,-0.46110934325850306,-0.13529935982583774,-0.06010824198576723,-0.1069051209278667,50.73375645073129,63.0,0.05073375645073129,ram_topn,2,60,120,21,0.001
ram_top3_m60_v20_f42_cost,-0.14994393817436957,-0.030606243749324524,0.20183843814469968,-0.4795266730444475,-0.15163733940203525,-0.06382594643799433,-0.11487973574878362,28.609726288189343,32.0,0.028609726288189342,ram_topn,3,60,20,42,0.001
ram_top2_m20_v120_f42_cost,-0.14674270952600788,-0.029908776494352196,0.21797010363036337,-0.4553405492481929,-0.13721504002710344,-0.06568441256491257,-0.10187308519254377,43.70001462419486,32.0,0.04370001462419486,ram_topn,2,20,120,42,0.001
ram_top3_m60_v60_f42_cost,-0.15457147103542213,-0.03161823075367687,0.1996866614350944,-0.4693977055333558,-0.1583392226924179,-0.06735915063272513,-0.12184913651174974,30.590717426100277,32.0,0.030590717426100276,ram_topn,3,60,60,42,0.001
ram_top2_m20_v60_f42_cost,-0.1466215637446906,-0.02988242345570835,0.20277797315725316,-0.4127911774055516,-0.14736523395731302,-0.0723911388889739,-0.11201822835046153,45.46971794329175,32.0,0.04546971794329175,ram_topn,2,20,60,42,0.001
ram_top2_m20_v20_f42_cost,-0.19614502112247123,-0.04091670548820392,0.20114083670383603,-0.4611338126649407,-0.20342316437934743,-0.08873065553736341,-0.15504647823808454,46.065180055110524,32.0,0.046065180055110524,ram_topn,2,20,20,42,0.001
ram_top3_m60_v120_f42_cost,-0.21359537092815517,-0.044935937133438575,0.21319524047562435,-0.5035325539348205,-0.21077364125573111,-0.08924137433079506,-0.15926584184593254,30.705247348743825,32.0,0.030705247348743827,ram_topn,3,60,120,42,0.001
ram_top2_m60_v20_f42_cost,-0.3436947455285575,-0.0774194076892214,0.24851073067284682,-0.5769198676985348,-0.3115334596603016,-0.13419438647184245,-0.23083076292471302,32.25347147367728,32.0,0.032253471473677284,ram_topn,2,60,20,42,0.001
ram_top1_m60_v60_f10_cost,-0.2838289120284939,-0.06188012528845188,0.17502797139955953,-0.4557578962696671,-0.3535442066410627,-0.13577411558841773,-0.3702808616399093,93.0,47.0,0.093,ram_topn,1,60,60,10,0.001
ram_top2_m60_v60_f42_cost,-0.35580723763996913,-0.08070196023448384,0.25200780456139055,-0.5789534392660778,-0.32023595608454414,-0.13939283327651933,-0.23766493193060712,33.20905958288253,32.0,0.03320905958288253,ram_topn,2,60,60,42,0.001
ram_top2_m60_v120_f42_cost,-0.42067696525503795,-0.09918351410451975,0.26538388080068903,-0.6177983941088374,-0.3737360151840173,-0.16054349614746102,-0.27446192854838536,34.51794326827564,32.0,0.03451794326827564,ram_topn,2,60,120,42,0.001
ram_top1_m60_v120_f10_cost,-0.3844911520413994,-0.0886792568468131,0.17557204425656267,-0.5322544627898321,-0.5050875680255024,-0.16661064029787065,-0.5269061129368003,93.0,47.0,0.093,ram_topn,1,60,120,10,0.001
ram_top1_m120_v20_f42_cost,-0.6374718883646093,-0.17646380367988967,0.38615444773410096,-0.8175810095500641,-0.4569772657426427,-0.21583647567474967,-0.31564378570221574,31.0,16.0,0.031,ram_topn,1,120,20,42,0.001
ram_top1_m120_v120_f42_cost,-0.6802131129454154,-0.19599624970449192,0.3873837787676894,-0.8321681652575512,-0.505948520425862,-0.2355248108341566,-0.35229810997870376,27.0,14.0,0.027,ram_topn,1,120,120,42,0.001
ram_top1_m120_v60_f42_cost,-0.6824166119700581,-0.1970592621866436,0.3888440725211808,-0.8321681652575512,-0.5067822196927267,-0.2368022118770368,-0.3537122384782038,27.0,14.0,0.027,ram_topn,1,120,60,42,0.001
ram_top1_m180_v60_f63_cost,-0.6878562587769577,-0.19970922458732898,0.37695122675474996,-0.8171323765864144,-0.5298012326599026,-0.24440253539043205,-0.36435908278338724,27.0,14.0,0.027,ram_topn,1,180,60,63,0.001
ram_top1_m180_v120_f63_cost,-0.6924852404301667,-0.20199383979316177,0.37139478839155454,-0.8152159529325091,-0.5438790368275267,-0.24777954732920274,-0.3721293877497432,27.0,14.0,0.027,ram_topn,1,180,120,63,0.001
ram_top1_m60_v20_f42_cost,-0.7035276988768172,-0.2075582479463013,0.3773927879963739,-0.8321681652575512,-0.549979370427968,-0.24941863509290002,-0.3751358296138229,31.0,16.0,0.031,ram_topn,1,60,20,42,0.001
ram_top1_m60_v20_f63_cost,-0.7086410834253043,-0.2101918866448803,0.38868785372184445,-0.8292892520546309,-0.5407729740772895,-0.25346028074536475,-0.3816674918075182,35.0,18.0,0.035,ram_topn,1,60,20,63,0.001
ram_top1_m60_v120_f63_cost,-0.7200698900485012,-0.21621620213538173,0.38907563855592503,-0.8292892520546309,-0.5557176566949288,-0.2607247128787557,-0.39215989141137514,35.0,18.0,0.035,ram_topn,1,60,120,63,0.001
ram_top3_m60_v60_f63_cost,-0.7301109660784537,-0.22167545031528924,0.37153833948921333,-0.8355484850181635,-0.5966421947733472,-0.26530531057149886,-0.41296651870704076,24.394457095425,21.0,0.024394457095425003,ram_topn,3,60,60,63,0.001
ram_top3_m60_v20_f63_cost,-0.7315074782446411,-0.22244767819990563,0.37262918543042917,-0.8366905195968544,-0.5969679426557886,-0.2658661392590995,-0.41264332201327186,23.959847269636512,21.0,0.023959847269636514,ram_topn,3,60,20,63,0.001
ram_top1_m20_v120_f42_cost,-0.7247352619943468,-0.21873268504861576,0.38417708376247905,-0.8186841129012515,-0.5693538065998992,-0.2671759248795866,-0.3967965977927368,51.0,26.0,0.051000000000000004,ram_topn,1,20,120,42,0.001
ram_top3_m60_v120_f63_cost,-0.7370453979209666,-0.2255423244805579,0.3722581012017616,-0.8363536136206255,-0.6058762018944359,-0.26967340226363284,-0.4208472322654251,25.05556107119759,21.0,0.02505556107119759,ram_topn,3,60,120,63,0.001
ram_top1_m60_v60_f63_cost,-0.7351366636175507,-0.22446980244809334,0.3872287051350163,-0.8292892520546309,-0.579682754587697,-0.270677332296242,-0.409049355142562,35.0,18.0,0.035,ram_topn,1,60,60,63,0.001
ram_top2_m60_v60_f63_cost,-0.7469034717171064,-0.23118399796288336,0.37290519841671405,-0.8344637287174077,-0.6199538084865739,-0.2770449930978056,-0.438728205053405,27.294087974587423,21.0,0.027294087974587423,ram_topn,2,60,60,63,0.001
ram_top2_m60_v20_f63_cost,-0.7529234782360721,-0.23471717161261185,0.37381233248157747,-0.8356796453260273,-0.6279010915836475,-0.28086979612988017,-0.44425668992822753,26.31182728986332,21.0,0.02631182728986332,ram_topn,2,60,20,63,0.001
ram_top2_m60_v120_f63_cost,-0.7529697236139347,-0.23474458144986876,0.37355277333848114,-0.8354622338634508,-0.6284107580086511,-0.2809756945736889,-0.44411638049857866,27.432228367950295,21.0,0.027432228367950295,ram_topn,2,60,120,63,0.001
ram_top1_m60_v120_f42_cost,-0.7561623736006492,-0.2366469891268289,0.3784751353159478,-0.8321681652575512,-0.6252642962377912,-0.28437399915867734,-0.4343047776129602,41.0,21.0,0.041,ram_topn,1,60,120,42,0.001
ram_top1_m60_v60_f42_cost,-0.7748456029851275,-0.24820221901934414,0.3799552362442088,-0.8267359249863697,-0.6532406855943867,-0.3002194673268084,-0.4570088890530126,41.0,21.0,0.041,ram_topn,1,60,60,42,0.001
