strategy,total_return,annual_return,annual_volatility,max_drawdown,sharpe,calmar,sortino,total_turnover,rebalance_count,estimated_cost,cooldown_days,risk_asset_exposure,top_n,strategy_family,fixed_weights,gross_exposure,momentum_window,volatility_window,trend_window,rebalance_interval,cost_rate,drawdown_half,drawdown_quarter,drawdown_stop,passes_return_gate,passes_drawdown_gate
fixed_513100_518880_512480_40_40_20_x2_0,1.7539484476738596,0.37048769237407764,0.2402262717058213,-0.2597089389295536,1.5422446918202735,1.4265496363010166,1.8612372011981966,7.0,6.0,0.007,0.0,2.0,,fixed_blend,513100:0.40;518880:0.40;512480:0.20,2.0,,,,21,0.001,-0.15,-0.22,-0.3,False,True
fixed_513100_518880_512480_40_40_20_x2_5,1.8428790472058747,0.38410575560035065,0.27522777320219005,-0.2789037603685296,1.3955922802826144,1.3771981958680384,1.623350277032768,9.25,6.0,0.00925,0.0,2.5,,fixed_blend,513100:0.40;518880:0.40;512480:0.20,2.5,,,,21,0.001,-0.15,-0.22,-0.3,False,True
fixed_513100_518880_50_50_x2_0,1.6007888730730304,0.3463060840645449,0.2381311331127897,-0.2547198664290201,1.4542663092293717,1.3595566334086708,1.8257270540309474,5.0,4.0,0.005,0.0,2.0,,fixed_blend,513100:0.50;518880:0.50,2.0,,,,21,0.001,-0.15,-0.22,-0.3,False,True
fixed_513100_518880_50_50_x2_5,1.652454890671481,0.3545704652044932,0.2788152967546148,-0.27135583707777433,1.2717037742608164,1.3066623847964929,1.5245079473698067,11.75,8.0,0.01175,0.0,2.5,,fixed_blend,513100:0.50;518880:0.50,2.5,,,,21,0.001,-0.15,-0.22,-0.3,False,True
fixed_513100_518880_512480_35_35_30_x1_5,1.2630245181508686,0.28928155508359943,0.19687210607840588,-0.22845225035022965,1.4693882279513522,1.2662670410999024,1.7684240779017886,4.499999999999999,4.0,0.004499999999999999,0.0,1.5,,fixed_blend,513100:0.35;518880:0.35;512480:0.30,1.5,,,,21,0.001,-0.15,-0.22,-0.3,False,True
fixed_513100_518880_512480_40_40_20_x1_0,0.870946362091432,0.21518193551810394,0.1353954815421702,-0.17189310387793255,1.5892844655313219,1.2518357669014595,1.9230904369965462,1.0,1.0,0.001,0.0,1.0,,fixed_blend,513100:0.40;518880:0.40;512480:0.20,1.0,,,,21,0.001,-0.15,-0.22,-0.3,False,True
fixed_513100_518880_512480_35_35_30_x2_0,1.4185313129497388,0.31621610394043564,0.23987207630177781,-0.2646988031458716,1.3182697578463076,1.1946261191297252,1.5180604852145136,9.0,7.0,0.009000000000000001,0.0,2.0,,fixed_blend,513100:0.35;518880:0.35;512480:0.30,2.0,,,,21,0.001,-0.15,-0.22,-0.3,False,True
fixed_513100_518880_60_40_x1_5,1.1753907515086355,0.27353708953256617,0.2149756071938424,-0.2314146501678589,1.2724098938626054,1.1820214897118801,1.5713675937257443,4.5,4.0,0.0045000000000000005,0.0,1.5,,fixed_blend,513100:0.60;518880:0.40,1.5,,,,21,0.001,-0.15,-0.22,-0.3,False,True
fixed_513100_518880_512480_35_35_30_x1_0,0.9136002750842793,0.22373405955136927,0.14412538502759864,-0.19201671609453774,1.55235706401427,1.165180116095808,1.8536424065820845,1.0,1.0,0.001,0.0,1.0,,fixed_blend,513100:0.35;518880:0.35;512480:0.30,1.0,,,,21,0.001,-0.15,-0.22,-0.3,False,True
fixed_513100_518880_50_50_x1_0,0.7736939187831988,0.19516790401513862,0.13644725853747408,-0.17041108728736842,1.4303541610661046,1.1452770305139957,1.8156353661134519,1.0,1.0,0.001,0.0,1.0,,fixed_blend,513100:0.50;518880:0.50,1.0,,,,21,0.001,-0.15,-0.22,-0.3,False,True
fixed_513100_518880_60_40_x2_0,1.2534045098189268,0.2875739539262572,0.25391811021931476,-0.2682001289756759,1.132546054623174,1.0722364490448786,1.328295034233812,10.0,8.0,0.01,0.0,2.0,,fixed_blend,513100:0.60;518880:0.40,2.0,,,,21,0.001,-0.15,-0.22,-0.3,False,True
fixed_513100_518880_512480_40_40_20_x1_5,1.147632201060497,0.2684589453920725,0.19967386021968955,-0.2505554644134175,1.3444871807291285,1.0714551607188827,1.6092304862562414,4.5,4.0,0.0045000000000000005,0.0,1.5,,fixed_blend,513100:0.40;518880:0.40;512480:0.20,1.5,,,,21,0.001,-0.15,-0.22,-0.3,False,True
sat_top2_m20_v60_t120_f10_dd30,0.870865223606091,0.21516553985924403,0.22837824147795246,-0.2068633878019296,0.9421455321960521,1.0401335013678867,1.027189621254997,68.82674872586675,57.0,0.06882674872586675,0.0,0.7102342786683107,2,ram_trend,,1.0,20,60,120,10,0.001,-0.15,-0.22,-0.3,False,True
sat_top2_m10_v60_t120_f5_dd30,0.9268587371324479,0.22636560482737478,0.21258541441225287,-0.21785754848527172,1.0648218997207348,1.0390533006602627,1.1974716179819747,141.184075305437,120.0,0.141184075305437,0.0,0.7040690505548706,2,ram_trend,,1.0,10,60,120,5,0.001,-0.15,-0.22,-0.3,False,True
fixed_513100_518880_60_40_x1_0,0.8003127027195334,0.2007195536175106,0.15441531469884864,-0.19416072288274677,1.299868176993763,1.0337804198366354,1.6285235222952095,2.0,2.0,0.002,0.0,1.0,,fixed_blend,513100:0.60;518880:0.40,1.0,,,,21,0.001,-0.15,-0.22,-0.3,False,True
sat_top2_m10_v60_t200_f5_dd30,0.8959753561531669,0.22021633980871957,0.2066513848139014,-0.21530260785782795,1.0656417328489427,1.0228224451147212,1.1196409328315364,127.76385146682402,108.0,0.12776385146682404,0.0,0.6362515413070283,2,ram_trend,,1.0,10,60,200,5,0.001,-0.15,-0.22,-0.3,False,True
fixed_513100_518880_50_50_x1_5,1.0350961577028448,0.24739558271894047,0.2008528773913814,-0.24785774960461293,1.2317253600348779,0.9981353543054041,1.5417664660286503,4.5,4.0,0.0045000000000000005,0.0,1.5,,fixed_blend,513100:0.50;518880:0.50,1.5,,,,21,0.001,-0.15,-0.22,-0.3,False,True
sat_top1_m10_v10_t120_f5_dd30,0.8647524208486008,0.21392891424155014,0.2493546220996794,-0.21710596321833509,0.8579304142837672,0.9853663670509598,0.9595063930725201,166.0,91.0,0.166,0.0,0.7163995067817509,1,ram_trend,,1.0,10,10,120,5,0.001,-0.15,-0.22,-0.3,False,True
sat_top2_m60_v20_t200_f10_dd30,0.8919338980185856,0.21940654146005545,0.19799804237349508,-0.22362356066740363,1.108124801790597,0.981142330464811,1.1109029652358327,36.993137163517275,49.0,0.03699313716351728,0.0,0.7040690505548706,2,ram_trend,,1.0,60,20,200,10,0.001,-0.15,-0.22,-0.3,False,True
sat_top2_m10_v20_t120_f5_dd30,0.8482746945422894,0.21058148571713597,0.21298850584822793,-0.22429232975075553,0.9886988261572802,0.9388706513109222,1.1185473602254143,145.3702672038661,120.0,0.1453702672038661,0.0,0.7133168927250308,2,ram_trend,,1.0,10,20,120,5,0.001,-0.15,-0.22,-0.3,False,True
sat_top2_m20_v10_t120_f10_dd30,0.8164433410064205,0.20405631433996274,0.2283539897722727,-0.21866985732272837,0.8935964488444412,0.9331707480780127,0.9443452975700752,70.88149126154401,57.0,0.07088149126154401,0.0,0.7102342786683107,2,ram_trend,,1.0,20,10,120,10,0.001,-0.15,-0.22,-0.3,False,True
sat_top2_m20_v60_t200_f10_dd30,0.7537632403822816,0.19097344267561178,0.21531544111569453,-0.2068633878019297,0.8869472699498445,0.9231862859099434,0.89288450097889,64.52127239593567,52.0,0.06452127239593566,0.0,0.6362515413070283,2,ram_trend,,1.0,20,60,200,10,0.001,-0.15,-0.22,-0.3,False,True
sat_top2_m20_v20_t120_f10_dd30,0.8192033042928666,0.20462518903165905,0.2266061795551496,-0.22271941863941358,0.9029991566574158,0.9187577368947366,0.9881117026535211,71.07304901730136,57.0,0.07107304901730135,0.0,0.7163995067817509,2,ram_trend,,1.0,20,20,120,10,0.001,-0.15,-0.22,-0.3,False,True
sat_top1_m120_v10_t120_f10_dd30,1.029617383891308,0.24634984853795916,0.22605363805526404,-0.2699697394051569,1.0897849318299104,0.9125091170616341,1.2441364901298226,50.5,32.0,0.0505,0.0,0.7318125770653514,1,ram_trend,,1.0,120,10,120,10,0.001,-0.15,-0.22,-0.3,False,True
sat_top1_m120_v10_t60_f10_dd30,0.9707158547953809,0.23498249918001335,0.2181659564704104,-0.2631224679419174,1.0770814245341882,0.8930537214020211,1.1919304245738096,56.0,35.0,0.056,0.0,0.7194821208384711,1,ram_trend,,1.0,120,10,60,10,0.001,-0.15,-0.22,-0.3,False,True
sat_top2_m10_v20_t200_f5_dd30,0.776994462466936,0.19585937361566064,0.2079258164323934,-0.2198906287469321,0.9419675583158951,0.8907126908126286,0.9917558882308104,131.89690251327403,108.0,0.13189690251327404,0.0,0.6424167694204685,2,ram_trend,,1.0,10,20,200,5,0.001,-0.15,-0.22,-0.3,False,True
sat_top2_m60_v60_t200_f10_dd30,0.7559792593129462,0.1914414268602691,0.21064083390306315,-0.21749339109530597,0.9088523972914501,0.8802172143997661,0.9142161082763367,34.538763749228046,49.0,0.03453876374922805,0.0,0.7102342786683107,2,ram_trend,,1.0,60,60,200,10,0.001,-0.15,-0.22,-0.3,False,True
sat_top2_m60_v20_t120_f10_dd30,0.7802051281420399,0.1965311651953865,0.2088067035529847,-0.22362356066740396,0.9412109949119364,0.8788482063734238,1.0222084171682164,42.332834982101744,56.0,0.04233283498210175,0.0,0.8027127003699137,2,ram_trend,,1.0,60,20,120,10,0.001,-0.15,-0.22,-0.3,False,True
sat_top2_m20_v20_t200_f5_dd30,0.7353465562947419,0.18706831315007721,0.21337769476305146,-0.21473967372331826,0.876700413123359,0.8711399710474821,0.8953145609155908,96.16793111448551,99.0,0.09616793111448552,0.0,0.6454993834771886,2,ram_trend,,1.0,20,20,200,5,0.001,-0.15,-0.22,-0.3,False,True
sat_top2_m120_v20_t200_f10_dd30,0.8144047912336381,0.20363575261968148,0.19467240127781446,-0.2338311076934021,1.0460432566867839,0.8708668176292754,1.0603561123812888,31.484045249140543,51.0,0.031484045249140544,0.0,0.6886559802712701,2,ram_trend,,1.0,120,20,200,10,0.001,-0.15,-0.22,-0.3,False,True
sat_top2_m20_v20_t120_f5_dd30,0.7292694052900475,0.18577343284746273,0.22092880795731276,-0.2147396737233177,0.8408746444843778,0.8651099707212154,0.922495193285581,102.46720376595194,109.0,0.10246720376595193,0.0,0.7133168927250308,2,ram_trend,,1.0,20,20,120,5,0.001,-0.15,-0.22,-0.3,False,True
sat_top2_m20_v10_t200_f10_dd30,0.7350188398586828,0.18699856519308478,0.215679874643232,-0.21866985732272792,0.8670190739975598,0.8551638871611806,0.8442212594258559,65.77444446731549,52.0,0.0657744444673155,0.0,0.6362515413070283,2,ram_trend,,1.0,20,10,200,10,0.001,-0.15,-0.22,-0.3,False,True
sat_top2_m120_v20_t60_f21_dd30,0.8243769589734389,0.20568996616075563,0.18506566306277047,-0.24606713977648031,1.1114431643161693,0.8359099323363451,1.2095082502005254,29.293885686737095,27.0,0.029293885686737096,0.0,0.7669543773119606,2,ram_trend,,1.0,120,20,60,21,0.001,-0.15,-0.22,-0.3,False,True
sat_top2_m60_v20_t200_f21_dd30,0.8049399204692242,0.20167883275716858,0.19199977091740306,-0.24244631753940682,1.0504118405637546,0.8318494370383169,1.121670258945313,27.113454631281588,25.0,0.027113454631281588,0.0,0.7022194821208385,2,ram_trend,,1.0,60,20,200,21,0.001,-0.15,-0.22,-0.3,False,True
sat_top2_m120_v20_t60_f10_dd30,0.7381614336930229,0.18766703072334812,0.20037012435021104,-0.22567157613953504,0.936601857846531,0.8315935658964498,0.9968332303100297,48.306471620262705,55.0,0.048306471620262706,0.0,0.7749691738594328,2,ram_trend,,1.0,120,20,60,10,0.001,-0.15,-0.22,-0.3,False,True
sat_top2_m60_v10_t200_f10_dd30,0.7870852115532543,0.1979679308288933,0.19559195795597215,-0.2384223195261036,1.012147600022778,0.8303246576175467,0.982439428241662,43.3102158089328,49.0,0.0433102158089328,0.0,0.7009864364981504,2,ram_trend,,1.0,60,10,200,10,0.001,-0.15,-0.22,-0.3,False,True
sat_top1_m10_v10_t200_f5_dd30,0.7028575478846582,0.18010905735050553,0.2473220348637652,-0.21710596321833542,0.7282370026177277,0.8295905588248469,0.7614071701906739,156.0,86.0,0.156,0.0,0.6393341553637485,1,ram_trend,,1.0,10,10,200,5,0.001,-0.15,-0.22,-0.3,False,True
sat_top1_m10_v60_t120_f5_dd30,0.8106911665173218,0.2028687782531482,0.23410099109666266,-0.24551506430661807,0.8665865842890927,0.8262986991290688,0.9519038368425983,146.0,82.0,0.146,0.0,0.6948212083847103,1,ram_trend,,1.0,10,60,120,5,0.001,-0.15,-0.22,-0.3,False,True
sat_top2_m20_v20_t200_f10_dd30,0.7114580752014341,0.18196015950228372,0.21351508178994508,-0.2227194186394138,0.8522122089777953,0.816992791261188,0.8607893479567639,66.68011057095507,52.0,0.06668011057095506,0.0,0.6424167694204685,2,ram_trend,,1.0,20,20,200,10,0.001,-0.15,-0.22,-0.3,False,True
sat_top2_m120_v20_t120_f21_dd30,0.8011795307633323,0.2008993869118676,0.18705974708956405,-0.2460671397764801,1.0739851306207377,0.8164413464323538,1.1808278380236952,24.771028834350385,28.0,0.024771028834350384,0.0,0.7669543773119606,2,ram_trend,,1.0,120,20,120,21,0.001,-0.15,-0.22,-0.3,False,True
sat_top2_m60_v10_t200_f21_dd30,0.7731540942488293,0.19505472551905179,0.183241083441392,-0.24400322883608527,1.0644704880357154,0.7993940344538811,1.1741973344690566,27.173151645977963,25.0,0.027173151645977965,0.0,0.689272503082614,2,ram_trend,,1.0,60,10,200,21,0.001,-0.15,-0.22,-0.3,False,True
sat_top2_m20_v60_t200_f21_dd30,0.6546185944122873,0.16960535182886471,0.19908474607106166,-0.21738973671634354,0.8519253994895495,0.7801902444464097,0.8737234447744875,41.02596001801524,27.0,0.04102596001801524,0.0,0.6763255240443896,2,ram_trend,,1.0,20,60,200,21,0.001,-0.15,-0.22,-0.3,False,True
sat_top2_m120_v20_t120_f10_dd30,0.709724552361316,0.18158756774581297,0.20352528821337726,-0.23383110769340176,0.8922113283310297,0.776575749638537,0.9604266656292795,39.62388897940636,54.0,0.03962388897940636,0.0,0.7749691738594328,2,ram_trend,,1.0,120,20,120,10,0.001,-0.15,-0.22,-0.3,False,True
sat_top1_m120_v10_t200_f10_dd30,0.8401364284687611,0.20892061922116723,0.20276813741220034,-0.2699697394051569,1.0303424487076078,0.7738668032998682,1.049385655990106,36.5,31.0,0.0365,0.0,0.5036991368680641,1,ram_trend,,1.0,120,10,200,10,0.001,-0.15,-0.22,-0.3,False,True
sat_top2_m60_v60_t120_f10_dd30,0.648678126749535,0.16829732869963343,0.22124964186629462,-0.2174933910953062,0.7606671237069785,0.7738043342470351,0.8287710225317821,40.22923200030076,56.0,0.04022923200030076,0.0,0.8088779284833539,2,ram_trend,,1.0,60,60,120,10,0.001,-0.15,-0.22,-0.3,False,True
sat_top2_m120_v60_t60_f21_dd30,0.7278441099037032,0.1854692863679097,0.1953027280103426,-0.24036355181379288,0.9496502596629774,0.7716198440585152,0.9875108523032039,29.362468392041567,27.0,0.02936246839204157,0.0,0.7669543773119606,2,ram_trend,,1.0,120,60,60,21,0.001,-0.15,-0.22,-0.3,False,True
sat_top2_m120_v60_t120_f21_dd30,0.7253898874711406,0.18494516992060506,0.1977393386970224,-0.24036355181379288,0.9352978074028019,0.7694393285712475,0.9832211243568864,23.879133664309332,28.0,0.023879133664309334,0.0,0.7669543773119606,2,ram_trend,,1.0,120,60,120,21,0.001,-0.15,-0.22,-0.3,False,True
sat_top1_m20_v10_t120_f21_dd30,0.7389971340974135,0.18784465356615176,0.21037618827257698,-0.24706791256956795,0.8928988356931731,0.7602956272731675,1.0121025358859024,40.0,21.0,0.04,0.0,0.7410604192355117,1,ram_trend,,1.0,20,10,120,21,0.001,-0.15,-0.22,-0.3,False,True
sat_top2_m120_v60_t60_f10_dd30,0.6367175702474532,0.1656538687881195,0.20343388399980303,-0.22011106139115955,0.8142884829760213,0.7525922038681003,0.8482854853952019,44.553226358055866,54.0,0.044553226358055864,0.0,0.7780517879161529,2,ram_trend,,1.0,120,60,60,10,0.001,-0.15,-0.22,-0.3,False,True
sat_top2_m60_v20_t120_f21_dd30,0.7036626704132862,0.18028261773822285,0.204920862412973,-0.24244631753940693,0.8797670262332921,0.7435980862399361,1.0221853834053944,30.599319024598255,28.0,0.030599319024598257,0.0,0.8057953144266338,2,ram_trend,,1.0,60,20,120,21,0.001,-0.15,-0.22,-0.3,False,True
sat_top1_m120_v20_t200_f10_dd30,0.7995462908730067,0.20056050310933027,0.21465191693229096,-0.2699697394051569,0.9343522572528171,0.7428999396422694,0.9704853546623157,41.0,28.0,0.041,0.0,0.657829839704069,1,ram_trend,,1.0,120,20,200,10,0.001,-0.15,-0.22,-0.3,False,True
sat_top2_m10_v60_t200_f21_dd30,0.5283493679819316,0.14107373964648606,0.20220169354532383,-0.19027958594723193,0.6976882199795431,0.7414023892484632,0.7427754558588815,47.2506495339438,28.0,0.047250649533943805,0.0,0.6504315659679408,2,ram_trend,,1.0,10,60,200,21,0.001,-0.15,-0.22,-0.3,False,True
sat_top1_m10_v20_t120_f5_dd30,0.7068400207427583,0.18096700866470017,0.23223484128541502,-0.2455150643066174,0.7792414250293003,0.7370912623051723,0.8580358557490548,153.0,87.0,0.153,0.0,0.6824907521578298,1,ram_trend,,1.0,10,20,120,5,0.001,-0.15,-0.22,-0.3,False,True
sat_top2_m60_v10_t120_f10_dd30,0.6795548176389925,0.17506100030764915,0.20689567118274,-0.2384223195261037,0.8461317692482171,0.7342475346083636,0.8915232814824493,49.267695109089026,56.0,0.04926769510908903,0.0,0.7996300863131935,2,ram_trend,,1.0,60,10,120,10,0.001,-0.15,-0.22,-0.3,False,True
sat_top2_m10_v10_t200_f21_dd30,0.5501505139078822,0.14611296613361668,0.20043290292189614,-0.20364969513814613,0.7289869278127123,0.7174720592363308,0.7583738282319487,49.90174036904075,28.0,0.049901740369040756,0.0,0.6374845869297164,2,ram_trend,,1.0,10,10,200,21,0.001,-0.15,-0.22,-0.3,False,True
sat_top2_m60_v10_t120_f21_dd30,0.6790961646605009,0.17496115979000115,0.19669301859493044,-0.24400322883608494,0.8895138273835541,0.717044444963208,1.0660151724585845,30.545851969738518,28.0,0.030545851969738518,0.0,0.7928483353884094,2,ram_trend,,1.0,60,10,120,21,0.001,-0.15,-0.22,-0.3,False,True
sat_top2_m120_v10_t200_f10_dd30,0.6695063103224137,0.17286930398570743,0.19439434750219625,-0.2426151213099088,0.8892712478882874,0.7125248543963989,0.9042947708923874,39.06034102559622,51.0,0.039060341025596225,0.0,0.6886559802712701,2,ram_trend,,1.0,120,10,200,10,0.001,-0.15,-0.22,-0.3,False,True
sat_top1_m10_v60_t200_f5_dd30,0.6738979405309453,0.173828284423309,0.22711556961448467,-0.24551506430661807,0.765373702553164,0.7080147400088611,0.7787204453129439,135.0,77.0,0.135,0.0,0.6115906288532675,1,ram_trend,,1.0,10,60,200,5,0.001,-0.15,-0.22,-0.3,False,True
sat_top2_m10_v10_t120_f5_dd30,0.6225150323571886,0.1624975574935552,0.21390553680458665,-0.23084669173778238,0.7596697117849961,0.7039198017970099,0.8383222327200467,150.51796268259776,120.0,0.15051796268259776,0.0,0.7009864364981504,2,ram_trend,,1.0,10,10,120,5,0.001,-0.15,-0.22,-0.3,False,True
sat_top1_m20_v10_t200_f21_dd30,0.6713833795505348,0.17327940349805027,0.19472644212405263,-0.24706791256956773,0.889860676382413,0.7013432124629272,0.9272011775329038,36.0,19.0,0.036000000000000004,0.0,0.6374845869297164,1,ram_trend,,1.0,20,10,200,21,0.001,-0.15,-0.22,-0.3,False,True
sat_top2_m20_v20_t120_f21_dd30,0.5938995763225978,0.15607990603067456,0.20534723985305153,-0.22384294842870822,0.760077935025408,0.6972741697976003,0.8279574283656046,44.74077489402613,30.0,0.044740774894026135,0.0,0.779901356350185,2,ram_trend,,1.0,20,20,120,21,0.001,-0.15,-0.22,-0.3,False,True
sat_top2_m60_v60_t200_f21_dd30,0.6319149990105108,0.16458868476261057,0.19233452672587165,-0.23668156936602247,0.8557417514391145,0.6954013580503096,0.8910626966957798,27.338231713104573,25.0,0.027338231713104573,0.0,0.689272503082614,2,ram_trend,,1.0,60,60,200,21,0.001,-0.15,-0.22,-0.3,False,True
sat_top2_m20_v20_t200_f21_dd30,0.5892943725118496,0.15503968897535558,0.19458177765337384,-0.2238429484287079,0.7967842150745577,0.6926270854796859,0.803164357363731,40.59310506173806,27.0,0.040593105061738056,0.0,0.6763255240443896,2,ram_trend,,1.0,20,20,200,21,0.001,-0.15,-0.22,-0.3,False,True
sat_top2_m10_v10_t200_f5_dd30,0.6154749555704548,0.16092594160047002,0.21061195293589471,-0.23421084953516413,0.7640874098416061,0.6870985777125956,0.7918316592491014,137.9087500150349,108.0,0.13790875001503491,0.0,0.6331689272503083,2,ram_trend,,1.0,10,10,200,5,0.001,-0.15,-0.22,-0.3,False,True
sat_top1_m10_v10_t60_f5_dd30,0.5626972493407167,0.1489909798836051,0.24500891043546932,-0.21710596321833542,0.6081043322824232,0.6862592702429384,0.6742756552588762,166.0,97.0,0.166,0.0,0.7225647348951911,1,ram_trend,,1.0,10,10,60,5,0.001,-0.15,-0.22,-0.3,False,True
sat_top2_m20_v60_t120_f21_dd30,0.5632903632137622,0.14912663575893292,0.20733269889142794,-0.2173897367163432,0.7192625020379672,0.6859874712186524,0.7886042935793415,44.70760544918116,30.0,0.04470760544918116,0.0,0.779901356350185,2,ram_trend,,1.0,20,60,120,21,0.001,-0.15,-0.22,-0.3,False,True
sat_top2_m60_v20_t60_f10_dd30,0.5782702829631516,0.15254112043046586,0.2081878287208944,-0.22324189936656513,0.7327091183364475,0.6832996890964094,0.7948277343859558,52.94551595282056,68.0,0.05294551595282056,0.0,0.8088779284833539,2,ram_trend,,1.0,60,20,60,10,0.001,-0.15,-0.22,-0.3,False,True
sat_top2_m10_v60_t120_f21_dd30,0.4784832035212616,0.12935835038056487,0.21589238751451217,-0.19027958594723204,0.5991797666875561,0.6798330453401252,0.6931359653553614,52.14025126443844,31.0,0.05214025126443844,0.0,0.7540073982737361,2,ram_trend,,1.0,10,60,120,21,0.001,-0.15,-0.22,-0.3,False,True
sat_top2_m20_v60_t200_f5_dd30,0.5614517749880288,0.14870600187761607,0.21521793247679974,-0.21972513339896704,0.6909554430072709,0.6767819392222298,0.6967451278358725,94.55965879166762,99.0,0.09455965879166761,0.0,0.6424167694204685,2,ram_trend,,1.0,20,60,200,5,0.001,-0.15,-0.22,-0.3,False,True
sat_top2_m60_v20_t200_f5_dd30,0.6155350204206005,0.1609393703212656,0.2019262894414944,-0.23804061990209835,0.7970203917796238,0.6761004503662313,0.8066504690007928,55.16930266794206,95.0,0.055169302667942066,0.0,0.6979038224414303,2,ram_trend,,1.0,60,20,200,5,0.001,-0.15,-0.22,-0.3,False,True
sat_top2_m20_v60_t120_f5_dd30,0.5603850481166981,0.14846179870961906,0.22291543513861234,-0.21972513339896693,0.6660005334188868,0.6756705362424282,0.7207688208957002,100.89477963073121,109.0,0.10089477963073121,0.0,0.7102342786683107,2,ram_trend,,1.0,20,60,120,5,0.001,-0.15,-0.22,-0.3,False,True
sat_top1_m10_v20_t200_f5_dd30,0.635097097654949,0.1652946978080505,0.22640036976894942,-0.24551506430661818,0.7300990628979109,0.6732568458675827,0.7486556952502681,139.0,80.0,0.139,0.0,0.6054254007398274,1,ram_trend,,1.0,10,20,200,5,0.001,-0.15,-0.22,-0.3,False,True
sat_top2_m10_v60_t60_f5_dd30,0.5422102539585023,0.14428330114805532,0.20777819242351886,-0.2152298113508644,0.6944102240237007,0.6703685713539324,0.7752151733516274,149.38754817124018,135.0,0.1493875481712402,0.0,0.7040690505548706,2,ram_trend,,1.0,10,60,60,5,0.001,-0.15,-0.22,-0.3,False,True
sat_top2_m120_v60_t200_f10_dd30,0.5719127325951785,0.15109473543437746,0.19361581000785683,-0.22618160522626418,0.7803842848796599,0.6680239769420133,0.7548800341349688,28.743627802955622,51.0,0.028743627802955623,0.0,0.6177558569667078,2,ram_trend,,1.0,120,60,200,10,0.001,-0.15,-0.22,-0.3,False,True
sat_top2_m10_v10_t120_f21_dd30,0.5017931852826449,0.1348680606815369,0.21434931190621917,-0.20364969513814635,0.6291975443361515,0.6622551562871173,0.7133297547475298,54.72404102476494,31.0,0.054724041024764934,0.0,0.7410604192355117,2,ram_trend,,1.0,10,10,120,21,0.001,-0.15,-0.22,-0.3,False,True
sat_top2_m120_v20_t200_f21_dd30,0.6172808945247972,0.16132954584054704,0.17685084328350348,-0.2460671397764801,0.9122350950960704,0.655632222925393,0.9495798732452148,21.16583221823003,27.0,0.02116583221823003,0.0,0.6763255240443896,2,ram_trend,,1.0,120,20,200,21,0.001,-0.15,-0.22,-0.3,False,True
sat_top1_m20_v20_t200_f5_dd30,0.5159127064130704,0.1381768526153906,0.24754717412101762,-0.21103710000730802,0.5581839223413655,0.6547514755017276,0.5720934846358976,99.0,58.0,0.099,0.0,0.6017262638717632,1,ram_trend,,1.0,20,20,200,5,0.001,-0.15,-0.22,-0.3,False,True
sat_top2_m20_v10_t120_f21_dd30,0.5527775277110631,0.14671688429938712,0.19385083245892726,-0.2241654069435548,0.7568545486152256,0.6545027901487523,0.8447665326331234,43.342158417193,30.0,0.043342158417193,0.0,0.779901356350185,2,ram_trend,,1.0,20,10,120,21,0.001,-0.15,-0.22,-0.3,False,True
sat_top2_m20_v10_t200_f21_dd30,0.5434739549285752,0.14457492784450432,0.17920063839587028,-0.22416540694355536,0.8067768571511745,0.6449475403709732,0.8277941593821738,39.19463293068221,27.0,0.03919463293068221,0.0,0.6763255240443896,2,ram_trend,,1.0,20,10,200,21,0.001,-0.15,-0.22,-0.3,False,True
sat_top2_m20_v10_t200_f5_dd30,0.5571843464575339,0.14772837899423052,0.21354635003471106,-0.22955560392958363,0.6917860172754903,0.6435407215741347,0.6864838276321635,98.3163044567126,99.0,0.0983163044567126,0.0,0.6362515413070283,2,ram_trend,,1.0,20,10,200,5,0.001,-0.15,-0.22,-0.3,False,True
fixed_518880_x1_5,0.5085802596441538,0.13646121747142925,0.1977594215656593,-0.21302111249600286,0.6900364917689747,0.6405994967939613,0.8800622268898527,2.5,2.0,0.0025,0.0,1.5,,fixed_blend,518880:1.00,1.5,,,,21,0.001,-0.15,-0.22,-0.3,False,True
sat_top1_m120_v20_t60_f21_dd30,0.6949673877735114,0.17840517523141863,0.18559409054785425,-0.28079904204088146,0.9612653867630446,0.6353482331518947,1.0148640573721863,29.0,20.0,0.029,0.0,0.6827990135635018,1,ram_trend,,1.0,120,20,60,21,0.001,-0.15,-0.22,-0.3,False,True
sat_top2_m20_v10_t120_f5_dd30,0.5473174716153866,0.1454608938777442,0.2206309287749627,-0.22955560392958407,0.6592951164435797,0.633663005336015,0.7015146919470636,103.29569523719961,109.0,0.10329569523719961,0.0,0.7009864364981504,2,ram_trend,,1.0,20,10,120,5,0.001,-0.15,-0.22,-0.3,False,True
sat_top2_m120_v10_t120_f10_dd30,0.5807904073986538,0.15311335467711307,0.20342020866722724,-0.2426151213099086,0.7526949051929714,0.631095678828407,0.813032529400575,46.918868068169544,54.0,0.04691886806816955,0.0,0.7749691738594328,2,ram_trend,,1.0,120,10,120,10,0.001,-0.15,-0.22,-0.3,False,True
sat_top2_m120_v20_t60_f5_dd30,0.546444670716494,0.14525983838477186,0.19905582927543752,-0.23075571801630834,0.7297442075096073,0.6294961599803383,0.7749181343526016,66.81272837772461,102.0,0.06681272837772462,0.0,0.748766954377312,2,ram_trend,,1.0,120,20,60,5,0.001,-0.15,-0.22,-0.3,False,True
sat_top1_m120_v10_t60_f5_dd30,0.5884021517440075,0.15483791534438995,0.19899211653873525,-0.24700347220042074,0.7781108017625896,0.6268653390376356,0.8412844290668962,67.0,54.0,0.067,0.0,0.6008014796547472,1,ram_trend,,1.0,120,10,60,5,0.001,-0.15,-0.22,-0.3,False,True
fixed_518880_x1_0,0.3873873873873921,0.10723370492995454,0.13426746973217504,-0.1713111009593422,0.7986573750429268,0.6259588802444545,1.005780787431931,1.0,1.0,0.001,0.0,1.0,,fixed_blend,518880:1.00,1.0,,,,21,0.001,-0.15,-0.22,-0.3,False,True
sat_top2_m10_v20_t200_f21_dd30,0.4663964176936266,0.12647784583167376,0.1915471150162403,-0.2023507928718561,0.6602962713426948,0.6250425018683725,0.6948186034135767,47.35706234880565,28.0,0.04735706234880565,0.0,0.6374845869297164,2,ram_trend,,1.0,10,20,200,21,0.001,-0.15,-0.22,-0.3,False,True
sat_top2_m60_v60_t60_f10_dd30,0.4855685896022559,0.13103939354840666,0.22069009417134164,-0.21749339109530597,0.593771070878555,0.6024982777108154,0.6446239590633963,52.60463766080985,68.0,0.052604637660809854,0.0,0.8088779284833539,2,ram_trend,,1.0,60,60,60,10,0.001,-0.15,-0.22,-0.3,False,True
sat_top1_m10_v10_t120_f21_dd30,0.5138360009341982,0.13769152944552498,0.234062735012475,-0.22948592952248548,0.5882676259345015,0.5999998768204815,0.6737242886373667,53.5,29.0,0.0535,0.0,0.6827990135635018,1,ram_trend,,1.0,10,10,120,21,0.001,-0.15,-0.22,-0.3,False,True
sat_top2_m60_v60_t120_f21_dd30,0.5312690362585859,0.14175146627003232,0.20530724745435566,-0.23668156936602258,0.6904357640932612,0.5989121444890242,0.7848864684229392,30.921017016658297,28.0,0.0309210170166583,0.0,0.7928483353884094,2,ram_trend,,1.0,60,60,120,21,0.001,-0.15,-0.22,-0.3,False,True
sat_top2_m120_v10_t60_f10_dd30,0.5235903654812761,0.13996714417452116,0.19650387955901763,-0.23459717109560863,0.7122869252689928,0.5966275872844111,0.7490150582538684,49.459588029354464,54.0,0.04945958802935446,0.0,0.7564734895191122,2,ram_trend,,1.0,120,10,60,10,0.001,-0.15,-0.22,-0.3,False,True
sat_top2_m60_v10_t60_f10_dd30,0.5179308440769395,0.13864804994319568,0.20548204054440683,-0.2325658428531605,0.674745343076503,0.5961668671643089,0.7055863121072571,56.547260931123425,66.0,0.05654726093112342,0.0,0.7996300863131935,2,ram_trend,,1.0,60,10,60,10,0.001,-0.15,-0.22,-0.3,False,True
sat_top2_m20_v20_t60_f5_dd30,0.47017681639193754,0.1273805368721488,0.22079219392688493,-0.2147396737233176,0.5769250017703557,0.5931858545909541,0.646822072771823,114.98969598033972,129.0,0.11498969598033972,0.0,0.7688039457459926,2,ram_trend,,1.0,20,20,60,5,0.001,-0.15,-0.22,-0.3,False,True
sat_top1_m120_v20_t120_f21_dd30,0.638609174657325,0.16607282525308809,0.19025612740256717,-0.2807990420408817,0.8728908105108799,0.5914294580424867,0.9481901820309155,25.5,16.0,0.025500000000000002,0.0,0.689272503082614,1,ram_trend,,1.0,120,20,120,21,0.001,-0.15,-0.22,-0.3,False,True
sat_top1_m120_v20_t60_f10_dd30,0.5877263146504215,0.15468502439677234,0.21356808334000363,-0.26312246794191707,0.7242890509557621,0.5878822344845073,0.7843921427636128,54.5,35.0,0.0545,0.0,0.7102342786683107,1,ram_trend,,1.0,120,20,60,10,0.001,-0.15,-0.22,-0.3,False,True
fixed_518880_x2_0,0.5775061427965753,0.152367485922692,0.2597123007700704,-0.26209462921645854,0.5866779720132957,0.5813453193535486,0.7457902795993586,6.0,5.0,0.006,0.0,2.0,,fixed_blend,518880:1.00,2.0,,,,21,0.001,-0.15,-0.22,-0.3,False,True
sat_top2_m60_v10_t200_f5_dd30,0.5158967552075935,0.138173126586987,0.19440978960135843,-0.23885202748783985,0.710731321042598,0.5784883973573199,0.6896539909626582,63.35454905215979,95.0,0.06335454905215979,0.0,0.6624537607891492,2,ram_trend,,1.0,60,10,200,5,0.001,-0.15,-0.22,-0.3,False,True
sat_top2_m10_v20_t120_f21_dd30,0.42559215526616856,0.1166309159605261,0.20617998896279421,-0.20235079287185564,0.5656752459210409,0.5763798318022204,0.6491006340629566,52.179874327259796,31.0,0.0521798743272598,0.0,0.7410604192355117,2,ram_trend,,1.0,10,20,120,21,0.001,-0.15,-0.22,-0.3,False,True
sat_top2_m120_v60_t120_f10_dd30,0.46927107324850925,0.1271644075350924,0.20260485334730208,-0.22618160522626418,0.6276473906432496,0.5622225883837085,0.6469350597872449,38.649229858644766,54.0,0.03864922985864477,0.0,0.7102342786683107,2,ram_trend,,1.0,120,60,120,10,0.001,-0.15,-0.22,-0.3,False,True
sat_top2_m120_v20_t200_f5_dd30,0.4877822255308495,0.13156345711270734,0.18595719089260265,-0.2354191450724339,0.7074932487482575,0.5588477397291873,0.6952033417737731,40.833978478558365,101.0,0.040833978478558366,0.0,0.5869297163995068,2,ram_trend,,1.0,120,20,200,5,0.001,-0.15,-0.22,-0.3,False,True
sat_top1_m120_v20_t120_f10_dd30,0.5653752505992868,0.14960320605120114,0.2206508899014835,-0.26996973940515634,0.6780086231149858,0.5541480551888245,0.7409216653311423,51.0,35.0,0.051000000000000004,0.0,0.7133168927250308,1,ram_trend,,1.0,120,20,120,10,0.001,-0.15,-0.22,-0.3,False,True
sat_top2_m60_v60_t200_f5_dd30,0.44371461796610356,0.12102789947795167,0.20523581700332774,-0.2185638703004823,0.5897016478171025,0.5537415644752361,0.5759477000782167,55.6278742579486,95.0,0.0556278742579486,0.0,0.6763255240443896,2,ram_trend,,1.0,60,60,200,5,0.001,-0.15,-0.22,-0.3,False,True
sat_top1_m60_v20_t200_f21_dd30,0.5903182331376127,0.15527113652130287,0.1759302689986711,-0.2807990420408818,0.8825720406445563,0.5529617743450022,0.915798560560923,22.5,16.0,0.0225,0.0,0.5906288532675709,1,ram_trend,,1.0,60,20,200,21,0.001,-0.15,-0.22,-0.3,False,True
sat_top1_m120_v20_t200_f21_dd30,0.5823447450642716,0.15346597843758691,0.18015599045643316,-0.2807990420408817,0.8518505437913781,0.546533126759185,0.8722841818004676,21.5,14.0,0.021500000000000002,0.0,0.6115906288532675,1,ram_trend,,1.0,120,20,200,21,0.001,-0.15,-0.22,-0.3,False,True
sat_top1_m10_v10_t200_f21_dd30,0.4549767114135661,0.1237412527178523,0.22009303248346063,-0.2294859295224857,0.5622224898334803,0.5392106303655875,0.5952447582686218,49.5,27.0,0.0495,0.0,0.5792231812577066,1,ram_trend,,1.0,10,10,200,21,0.001,-0.15,-0.22,-0.3,False,True
sat_top2_m120_v60_t60_f5_dd30,0.4449602973175124,0.12132873410769696,0.19640683623923555,-0.22584458086737857,0.6177419097567007,0.5372222509910217,0.6205333494647418,57.78688864148965,102.0,0.05778688864148965,0.0,0.6670776818742293,2,ram_trend,,1.0,120,60,60,5,0.001,-0.15,-0.22,-0.3,False,True
sat_top1_m120_v10_t200_f21_dd30,0.44474481976677294,0.12127670853161465,0.18874565285017691,-0.22748747140809744,0.6425404066279716,0.5331137920736403,0.7195877573297241,24.0,16.0,0.024,0.0,0.55980271270037,1,ram_trend,,1.0,120,10,200,21,0.001,-0.15,-0.22,-0.3,False,True
sat_top1_m20_v10_t200_f5_dd30,0.4274416955027178,0.1170814210264497,0.24487326045024602,-0.2245806043598837,0.4781306901830492,0.5213336270073894,0.4806242616850541,106.0,60.0,0.106,0.0,0.5992601726263872,1,ram_trend,,1.0,20,10,200,5,0.001,-0.15,-0.22,-0.3,False,True
sat_top1_m60_v60_t200_f21_dd30,0.547184424044745,0.14543025053268743,0.18583161606834572,-0.2807990420408818,0.7825915396398461,0.5179157645114548,0.8081412776354283,26.0,18.0,0.026000000000000002,0.0,0.5856966707768188,1,ram_trend,,1.0,60,60,200,21,0.001,-0.15,-0.22,-0.3,False,True
sat_top1_m20_v20_t120_f5_dd30,0.393087711742917,0.10864703308930679,0.25182154635474185,-0.2110371000073079,0.43144454738696325,0.514824327502342,0.4634687129469873,115.0,68.0,0.115,0.0,0.6633785450061652,1,ram_trend,,1.0,20,20,120,5,0.001,-0.15,-0.22,-0.3,False,True
sat_top1_m120_v20_t200_f5_dd30,0.4362570927007263,0.1192231388935232,0.197413921210019,-0.2540005258659327,0.6039246784763854,0.46938146481024184,0.6145973691618413,50.5,40.0,0.0505,0.0,0.5776818742293465,1,ram_trend,,1.0,120,20,200,5,0.001,-0.15,-0.22,-0.3,False,True
sat_top2_m10_v20_t60_f5_dd30,0.36056245232486117,0.10052852925829447,0.19902995186540717,-0.21532751345269208,0.5050924663152021,0.46686337313034926,0.5444603041282158,139.50806171104637,136.0,0.13950806171104638,0.0,0.6331689272503083,2,ram_trend,,1.0,10,20,60,5,0.001,-0.15,-0.22,-0.3,False,True
sat_top1_m60_v10_t200_f21_dd30,0.48363133883867526,0.13058032075215786,0.17304937031242754,-0.2807990420408819,0.7545842005458037,0.46503121877868264,0.7801134635975229,21.0,15.0,0.021,0.0,0.5776818742293465,1,ram_trend,,1.0,60,10,200,21,0.001,-0.15,-0.22,-0.3,False,True
sat_top1_m120_v60_t60_f21_dd30,0.4752751071580066,0.1285953879305619,0.20018980961697766,-0.2807990420408817,0.6423673021948667,0.45796234558321475,0.6374236389823223,28.5,20.0,0.0285,0.0,0.6359432799013564,1,ram_trend,,1.0,120,60,60,21,0.001,-0.15,-0.22,-0.3,False,True
sat_top2_m120_v20_t120_f5_dd30,0.38044736508763166,0.10550759800707632,0.1917320547559126,-0.23541914507243344,0.5502866911920095,0.44816914943180974,0.5713414022854965,57.462991404239816,107.0,0.05746299140423982,0.0,0.6670776818742293,2,ram_trend,,1.0,120,20,120,5,0.001,-0.15,-0.22,-0.3,False,True
sat_top1_m120_v10_t200_f5_dd30,0.40206316186215596,0.11086433702176146,0.17031302121742728,-0.2540005258659328,0.6509445738751141,0.436472864155715,0.6584409926904125,46.5,49.0,0.0465,0.0,0.45745992601726265,1,ram_trend,,1.0,120,10,200,5,0.001,-0.15,-0.22,-0.3,False,True
sat_top2_m60_v10_t60_f21_dd30,0.38201655847125493,0.1058984064178361,0.1811790939405002,-0.24400322883608494,0.5844957280369968,0.4340041192199793,0.6710325868903245,36.077676039563585,35.0,0.036077676039563585,0.0,0.689272503082614,2,ram_trend,,1.0,60,10,60,21,0.001,-0.15,-0.22,-0.3,False,True
sat_top2_m120_v10_t120_f21_dd30,0.3839118886938042,0.10637003199925643,0.1697211762704476,-0.24760163668354007,0.6267340018299056,0.4296014898124768,0.6649786254210837,29.692735833683397,28.0,0.029692735833683398,0.0,0.7410604192355117,2,ram_trend,,1.0,120,10,120,21,0.001,-0.15,-0.22,-0.3,False,True
sat_top2_m20_v60_t60_f5_dd30,0.3328993407180547,0.0935177658504105,0.2227756684051392,-0.21972513339896693,0.4197844698207317,0.4256125114308393,0.46495195337166473,113.40993860745303,129.0,0.11340993860745303,0.0,0.7657213316892725,2,ram_trend,,1.0,20,60,60,5,0.001,-0.15,-0.22,-0.3,False,True
sat_top1_m20_v10_t120_f5_dd30,0.33800233292488024,0.094818525531289,0.25146744862698495,-0.22458060435988236,0.3770608325212635,0.422202646580048,0.40227643777582495,112.0,64.0,0.112,0.0,0.6670776818742293,1,ram_trend,,1.0,20,10,120,5,0.001,-0.15,-0.22,-0.3,False,True
sat_top2_m120_v60_t200_f21_dd30,0.3634787602248295,0.10126187934519737,0.17650703309991123,-0.24036355181379288,0.5736988354899061,0.4212863330611951,0.555217116929504,20.312619684634356,27.0,0.020312619684634357,0.0,0.5986436498150431,2,ram_trend,,1.0,120,60,200,21,0.001,-0.15,-0.22,-0.3,False,True
sat_top1_m120_v20_t60_f5_dd30,0.37078051914153987,0.10309329035000792,0.19869584800107953,-0.24700347220042063,0.5188497464197027,0.4173758750498745,0.5432112677880787,70.5,56.0,0.07050000000000001,0.0,0.6085080147965475,1,ram_trend,,1.0,120,20,60,5,0.001,-0.15,-0.22,-0.3,False,True
sat_top2_m120_v10_t60_f21_dd30,0.36963745791500924,0.10280703466865404,0.15891221669683425,-0.2476016366835404,0.646942298116606,0.4152114503186895,0.6775421281468628,31.045596522690015,27.0,0.031045596522690014,0.0,0.7151664611590629,2,ram_trend,,1.0,120,10,60,21,0.001,-0.15,-0.22,-0.3,False,True
sat_top2_m20_v20_t60_f10_dd30,0.34801739771998785,0.09736147726023447,0.20567135354787164,-0.23648414042493482,0.4733837531611947,0.41170404529152393,0.493703249851582,66.69466162690779,71.0,0.06669466162690779,0.0,0.5869297163995068,2,ram_trend,,1.0,20,20,60,10,0.001,-0.15,-0.22,-0.3,False,True
sat_top2_m10_v10_t60_f21_dd30,0.31133614339987514,0.08798308437514746,0.2211284792981353,-0.22023506621216193,0.39788219343979087,0.39949625592497406,0.46669563853339474,57.47556434297265,34.0,0.05747556434297266,0.0,0.779901356350185,2,ram_trend,,1.0,10,10,60,21,0.001,-0.15,-0.22,-0.3,False,True
sat_top1_m120_v10_t120_f21_dd30,0.407319099630016,0.11215823260371982,0.18009413106979721,-0.28079904204088146,0.6227756114953675,0.39942526793731276,0.6601480904440623,30.0,20.0,0.03,0.0,0.6698520345252774,1,ram_trend,,1.0,120,10,120,21,0.001,-0.15,-0.22,-0.3,False,True
sat_top1_m10_v10_t60_f21_dd30,0.31917663861691503,0.09000272830107736,0.24257677721166548,-0.2254377840692836,0.3710278013238818,0.39923533081489526,0.4356398066931426,56.5,32.0,0.0565,0.0,0.7086929716399507,1,ram_trend,,1.0,10,10,60,21,0.001,-0.15,-0.22,-0.3,False,True
sat_top2_m10_v20_t120_f10_dd30,0.40282349701612996,0.11105172120622386,0.19944125242612087,-0.28052022570036894,0.556814198944929,0.39587776934430796,0.6005008372656654,82.9184091804061,61.0,0.0829184091804061,0.0,0.6609124537607891,2,ram_trend,,1.0,10,20,120,10,0.001,-0.15,-0.22,-0.3,False,True
sat_top2_m10_v60_t120_f10_dd30,0.40548776317690427,0.11170777655663588,0.20464773183421728,-0.2824620710600356,0.5458539684531126,0.39547885539964434,0.5800858223388071,82.6840203257578,61.0,0.0826840203257578,0.0,0.6609124537607891,2,ram_trend,,1.0,10,60,120,10,0.001,-0.15,-0.22,-0.3,False,True
sat_top2_m60_v20_t120_f5_dd30,0.33422312152195044,0.09385552846804801,0.20726280633121805,-0.23804061990209846,0.45283343465909365,0.3942836668239605,0.48456632129024524,69.72746002615352,113.0,0.06972746002615353,0.0,0.7564734895191122,2,ram_trend,,1.0,60,20,120,5,0.001,-0.15,-0.22,-0.3,False,True
sat_top1_m10_v20_t60_f5_dd30,0.3431397320182836,0.09612460795701461,0.22633568323780778,-0.24551506430661774,0.42469930760329033,0.39152224010567005,0.4674697493728622,151.5,98.0,0.1515,0.0,0.654747225647349,1,ram_trend,,1.0,10,20,60,5,0.001,-0.15,-0.22,-0.3,False,True
sat_top2_m20_v20_t60_f21_dd30,0.3090151086884185,0.08738361055211796,0.21099964943859972,-0.22384294842870822,0.41414102243589906,0.39037910805552484,0.45889963792970334,48.35806813353574,34.0,0.04835806813353574,0.0,0.7928483353884094,2,ram_trend,,1.0,20,20,60,21,0.001,-0.15,-0.22,-0.3,False,True
sat_top2_m20_v10_t60_f5_dd30,0.3147771119221199,0.08887046962903256,0.22106019424484394,-0.22955560392958385,0.4020193229840401,0.38714136404308197,0.4391074519002124,115.53606617107485,129.0,0.11553606617107486,0.0,0.7626387176325524,2,ram_trend,,1.0,20,10,60,5,0.001,-0.15,-0.22,-0.3,False,True
sat_top2_m120_v60_t200_f5_dd30,0.32240572520521393,0.09083210919754103,0.1804380137409568,-0.2360739373619407,0.5033978556643991,0.384761275270638,0.4725627391561167,39.99132842016547,101.0,0.03999132842016547,0.0,0.560727496917386,2,ram_trend,,1.0,120,60,200,5,0.001,-0.15,-0.22,-0.3,False,True
sat_top2_m10_v10_t60_f5_dd30,0.2768157378511906,0.07899062349866104,0.20051042175134548,-0.2076606469368304,0.39394772006722883,0.38038321012594023,0.4181513626694731,148.86516292794352,136.0,0.14886516292794352,0.0,0.6393341553637485,2,ram_trend,,1.0,10,10,60,5,0.001,-0.15,-0.22,-0.3,False,True
sat_top1_m60_v20_t120_f21_dd30,0.3831804282013269,0.10618807136540731,0.18943495588471004,-0.2807990420408819,0.5605516197867583,0.37816393743233373,0.6292513451530645,27.5,19.0,0.0275,0.0,0.6812577065351418,1,ram_trend,,1.0,60,20,120,21,0.001,-0.15,-0.22,-0.3,False,True
sat_top1_m20_v60_t120_f5_dd30,0.27660605063419474,0.07893549178530668,0.26069319492033766,-0.2110371000073079,0.3027907644824703,0.3740360902541461,0.3281238369806389,101.0,59.0,0.101,0.0,0.6855733662145499,1,ram_trend,,1.0,20,60,120,5,0.001,-0.15,-0.22,-0.3,False,True
sat_top2_m10_v10_t120_f10_dd30,0.3780194867346751,0.10490233016664208,0.2045505921633998,-0.2813101216115692,0.5128429551689767,0.3729063482169703,0.5396703265288422,84.92040675903068,61.0,0.08492040675903069,0.0,0.6639950678175093,2,ram_trend,,1.0,10,10,120,10,0.001,-0.15,-0.22,-0.3,False,True
sat_top1_m60_v10_t60_f21_dd30,0.3530376330766185,0.09863128369415475,0.17326698823508005,-0.28079904204088135,0.5692445208335746,0.3512522086161358,0.6217554254613148,28.0,23.0,0.028,0.0,0.5647348951911221,1,ram_trend,,1.0,60,10,60,21,0.001,-0.15,-0.22,-0.3,False,True
sat_top1_m120_v60_t120_f21_dd30,0.35245041507030206,0.09848292195876818,0.18981621684106043,-0.28079904204088146,0.5188330249002449,0.3507238530551328,0.5226830442108844,27.0,20.0,0.027,0.0,0.6180641183723797,1,ram_trend,,1.0,120,60,120,21,0.001,-0.15,-0.22,-0.3,False,True
sat_top1_m20_v20_t120_f21_dd30,0.3060639392602549,0.08662032799621255,0.21085132392214131,-0.25051514164539657,0.41081235054610266,0.3457688322840915,0.43742877067718783,43.0,25.0,0.043000000000000003,0.0,0.7086929716399507,1,ram_trend,,1.0,20,20,120,21,0.001,-0.15,-0.22,-0.3,False,True
sat_top1_m120_v60_t200_f5_dd30,0.29896841473210967,0.08478028558868145,0.21146021600280726,-0.25234175322371255,0.4009278302617261,0.33597406891882786,0.3877520223956487,42.5,33.0,0.0425,0.0,0.5468557336621455,1,ram_trend,,1.0,120,60,200,5,0.001,-0.15,-0.22,-0.3,False,True
sat_top1_m120_v10_t120_f5_dd30,0.29992830394154124,0.0850296125904646,0.178593214387924,-0.254000525865933,0.47610774508918896,0.3347615612234798,0.5110212510479807,55.0,50.0,0.055,0.0,0.5792231812577066,1,ram_trend,,1.0,120,10,120,5,0.001,-0.15,-0.22,-0.3,False,True
sat_top2_m20_v10_t60_f10_dd30,0.2707739898070525,0.0773995994927692,0.21584835820528459,-0.23703009402687447,0.3585832208144831,0.32653912496019866,0.3626437780689457,71.60071847428519,71.0,0.07160071847428519,0.0,0.623921085080148,2,ram_trend,,1.0,20,10,60,10,0.001,-0.15,-0.22,-0.3,False,True
sat_top2_m60_v10_t120_f5_dd30,0.27152607242137683,0.07759793526536085,0.20107460861846194,-0.2388520274878403,0.385916132317843,0.32487869615974385,0.4001933599621159,75.65001710240962,111.0,0.07565001710240962,0.0,0.7426017262638718,2,ram_trend,,1.0,60,10,120,5,0.001,-0.15,-0.22,-0.3,False,True
sat_top2_m10_v20_t60_f21_dd30,0.23760921278543123,0.06857194074063133,0.21308968377123316,-0.22014566534569424,0.3217985006456162,0.3114844011711653,0.38102204484247504,55.8969733605361,34.0,0.055896973360536104,0.0,0.779901356350185,2,ram_trend,,1.0,10,20,60,21,0.001,-0.15,-0.22,-0.3,False,True
sat_top1_m20_v60_t120_f21_dd30,0.26920170678261424,0.07698470285796799,0.21725602696014282,-0.2505151416453971,0.35435013672643195,0.30730558780730083,0.38407917331619573,42.0,25.0,0.042,0.0,0.6957459926017263,1,ram_trend,,1.0,20,60,120,21,0.001,-0.15,-0.22,-0.3,False,True
sat_top1_m10_v60_t60_f5_dd30,0.26269743080372576,0.07526457189114422,0.22114373620197503,-0.24551506430661796,0.340342318456642,0.3065578566582296,0.36683806361569626,140.0,91.0,0.14,0.0,0.6393341553637485,1,ram_trend,,1.0,10,60,60,5,0.001,-0.15,-0.22,-0.3,False,True
sat_top2_m10_v60_t60_f21_dd30,0.2363663646389682,0.06823797331734038,0.21785169481973046,-0.22293969407470837,0.3132313171756889,0.3060826543274678,0.3676861030559484,55.335456239370444,34.0,0.055335456239370445,0.0,0.7669543773119606,2,ram_trend,,1.0,10,60,60,21,0.001,-0.15,-0.22,-0.3,False,True
sat_top1_m120_v20_t120_f5_dd30,0.2672367885818754,0.07646569896721855,0.1933111383133073,-0.2540005258659328,0.39555764677815647,0.30104543566015635,0.41407155421347797,57.5,47.0,0.0575,0.0,0.6054254007398274,1,ram_trend,,1.0,120,20,120,5,0.001,-0.15,-0.22,-0.3,False,True
sat_top1_m120_v10_t60_f21_dd30,0.29457317342616895,0.08363701700749382,0.16650394586933,-0.28079904204088124,0.5023125222097198,0.2978536408087788,0.5041177298149802,31.5,21.0,0.0315,0.0,0.6424167694204685,1,ram_trend,,1.0,120,10,60,21,0.001,-0.15,-0.22,-0.3,False,True
sat_top1_m60_v10_t120_f21_dd30,0.2903894250769179,0.08254627420396154,0.18674323005253968,-0.2807990420408818,0.442030879409858,0.29396921586343433,0.4937454416351125,26.0,18.0,0.026000000000000002,0.0,0.6683107274969173,1,ram_trend,,1.0,60,10,120,21,0.001,-0.15,-0.22,-0.3,False,True
sat_top1_m20_v20_t200_f21_dd30,0.2552830122074323,0.07329628199505334,0.19521161648532964,-0.2505151416453967,0.375470903395555,0.292582242788358,0.3659693714385023,39.0,23.0,0.039,0.0,0.6051171393341553,1,ram_trend,,1.0,20,20,200,21,0.001,-0.15,-0.22,-0.3,False,True
sat_top1_m60_v10_t200_f10_dd30,0.306051635197234,0.08661714322041103,0.17772677731230044,-0.2968847264250919,0.4873612436476463,0.29175345011312237,0.4934369780818452,39.5,28.0,0.0395,0.0,0.5838471023427867,1,ram_trend,,1.0,60,10,200,10,0.001,-0.15,-0.22,-0.3,False,True
sat_top2_m10_v10_t200_f10_dd30,0.2832043536474682,0.08066735958963855,0.1928064621263759,-0.2813101216115689,0.4183851448753038,0.28675597993954693,0.4035774444010349,73.14041576241716,53.0,0.07314041576241717,0.0,0.5900123304562269,2,ram_trend,,1.0,10,10,200,10,0.001,-0.15,-0.22,-0.3,False,True
sat_top1_m120_v60_t200_f21_dd30,0.28020891812566195,0.0798819047481254,0.16954539170236654,-0.2807990420408816,0.4711535002281657,0.28448068827989587,0.4486109146713088,18.0,17.0,0.018000000000000002,0.0,0.42385943279901356,1,ram_trend,,1.0,120,60,200,21,0.001,-0.15,-0.22,-0.3,False,True
sat_top2_m20_v10_t60_f21_dd30,0.21756733825874508,0.06315801823420175,0.19735689772799966,-0.22416540694355536,0.3200193099977033,0.28174738955196993,0.3557348665261432,46.98786476066987,34.0,0.04698786476066987,0.0,0.7669543773119606,2,ram_trend,,1.0,20,10,60,21,0.001,-0.15,-0.22,-0.3,False,True
sat_top1_m60_v60_t60_f21_dd30,0.27156022320739925,0.07760693943542485,0.17932797327040256,-0.2807990420408818,0.4327653852330332,0.27637893231888583,0.455467653810584,31.0,24.0,0.031,0.0,0.5841553637484587,1,ram_trend,,1.0,60,60,60,21,0.001,-0.15,-0.22,-0.3,False,True
sat_top2_m120_v10_t200_f21_dd30,0.2364773059358667,0.06826779390298654,0.15796568873114156,-0.24760163668354018,0.43216849463543117,0.2757162465377386,0.42857146495821935,24.774240517674645,27.0,0.024774240517674646,0.0,0.6504315659679408,2,ram_trend,,1.0,120,10,200,21,0.001,-0.15,-0.22,-0.3,False,True
sat_top1_m20_v10_t60_f21_dd30,0.2275416924623419,0.06586000733663866,0.21082285133336706,-0.2470679125695675,0.312395012780168,0.26656641346777193,0.3506305062551508,42.0,25.0,0.042,0.0,0.7022194821208385,1,ram_trend,,1.0,20,10,60,21,0.001,-0.15,-0.22,-0.3,False,True
sat_top2_m60_v60_t120_f5_dd30,0.19934810754024102,0.05818291607703552,0.21169256488104046,-0.2185638703004824,0.2748462899947908,0.2662055535393175,0.2865789980144567,68.14602460629568,111.0,0.06814602460629568,0.0,0.7472256473489519,2,ram_trend,,1.0,60,60,120,5,0.001,-0.15,-0.22,-0.3,False,True
sat_top1_m60_v20_t60_f21_dd30,0.25596093018629396,0.07347657956679066,0.17498193687896174,-0.2807990420408816,0.4199095111035133,0.26166962334612665,0.44233902501146216,32.5,23.0,0.0325,0.0,0.5971023427866831,1,ram_trend,,1.0,60,20,60,21,0.001,-0.15,-0.22,-0.3,False,True
sat_top2_m120_v60_t120_f5_dd30,0.2075651055368759,0.06043312090018671,0.18789548959949326,-0.2360739373619405,0.32163156778804175,0.25599234534531745,0.3165923714045843,52.74159218666669,107.0,0.05274159218666669,0.0,0.6377928483353884,2,ram_trend,,1.0,120,60,120,5,0.001,-0.15,-0.22,-0.3,False,True
sat_top1_m20_v60_t200_f21_dd30,0.21985401609914712,0.0637788080723567,0.20211023085618215,-0.2505151416453971,0.3155644709432869,0.25459063134249693,0.3142012727779425,38.0,23.0,0.038,0.0,0.592170160295931,1,ram_trend,,1.0,20,60,200,21,0.001,-0.15,-0.22,-0.3,False,True
sat_top2_m10_v20_t200_f10_dd30,0.2409613213287254,0.069471539990555,0.18578370571488217,-0.2805202257003686,0.3739377450957476,0.2476525170942913,0.3676272814955912,72.20360384793399,53.0,0.07220360384793399,0.0,0.5869297163995068,2,ram_trend,,1.0,10,20,200,10,0.001,-0.15,-0.22,-0.3,False,True
sat_top2_m10_v60_t200_f10_dd30,0.2418151415954597,0.069700410624423,0.19153566131482225,-0.2824620710600353,0.3639030462836799,0.2467602477134308,0.3536725146291373,72.2477185931587,53.0,0.07224771859315869,0.0,0.5869297163995068,2,ram_trend,,1.0,10,60,200,10,0.001,-0.15,-0.22,-0.3,False,True
sat_top2_m60_v20_t60_f5_dd30,0.19280512617167322,0.05638352930124446,0.19051976022298628,-0.22880796343167742,0.29594583383504475,0.2464229323822495,0.30633854540382943,69.68820499817211,125.0,0.06968820499817212,0.0,0.6393341553637485,2,ram_trend,,1.0,60,20,60,5,0.001,-0.15,-0.22,-0.3,False,True
sat_top1_m120_v60_t120_f5_dd30,0.1912311957256605,0.05594966824221559,0.22463268354803262,-0.2540005258659326,0.2490718062861588,0.22027382837682444,0.25055045192298203,55.5,40.0,0.0555,0.0,0.6300863131935882,1,ram_trend,,1.0,120,60,120,5,0.001,-0.15,-0.22,-0.3,False,True
sat_top1_m20_v10_t60_f5_dd30,0.15907277969556266,0.04699727947726595,0.25024192056933936,-0.22458060435988225,0.18780738003584618,0.20926686706192366,0.20367867377055948,118.0,71.0,0.11800000000000001,0.0,0.6917385943279901,1,ram_trend,,1.0,20,10,60,5,0.001,-0.15,-0.22,-0.3,False,True
sat_top1_m120_v60_t60_f5_dd30,0.15302134013279578,0.04529358518870863,0.20711894590878469,-0.2470195154983298,0.21868393057898214,0.18336035149828023,0.21609334993211657,63.0,47.0,0.063,0.0,0.5792231812577066,1,ram_trend,,1.0,120,60,60,5,0.001,-0.15,-0.22,-0.3,False,True
sat_top2_m20_v60_t60_f10_dd30,0.13633192920597392,0.040562780003245535,0.2053827506313831,-0.243304367758566,0.19749847481615831,0.16671620150895317,0.20107343962717564,66.2895507229344,71.0,0.0662895507229344,0.0,0.5807644882860666,2,ram_trend,,1.0,20,60,60,10,0.001,-0.15,-0.22,-0.3,False,True
sat_top1_m60_v60_t120_f21_dd30,0.15294848883170564,0.04527303748824729,0.18789072057483133,-0.2807990420408817,0.24095408942889426,0.16122931602329316,0.26038849933307,31.0,22.0,0.031,0.0,0.6245376078914919,1,ram_trend,,1.0,60,60,120,21,0.001,-0.15,-0.22,-0.3,False,True
sat_top2_m60_v60_t60_f21_dd30,0.1293088665855333,0.03855769901497097,0.14616423767510306,-0.26367858953466294,0.26379707942429687,0.14622991985438472,0.27060525797073626,23.906126714734288,35.0,0.02390612671473429,0.0,0.48212083847102344,2,ram_trend,,1.0,60,60,60,21,0.001,-0.15,-0.22,-0.3,False,True
sat_top1_m60_v20_t200_f5_dd30,0.11783632443821679,0.03526373525266191,0.20364825750981522,-0.26791748860643194,0.1731600146441828,0.13162162513572967,0.16561724582771428,51.0,43.0,0.051000000000000004,0.0,0.5801479654747226,1,ram_trend,,1.0,60,20,200,5,0.001,-0.15,-0.22,-0.3,False,True
sat_top1_m60_v20_t60_f5_dd30,0.10105477308979638,0.030403252253796476,0.19823492019062108,-0.24700347220042063,0.15336981105327435,0.12308835978276059,0.15494373821069932,60.5,53.0,0.0605,0.0,0.531442663378545,1,ram_trend,,1.0,60,20,60,5,0.001,-0.15,-0.22,-0.3,False,True
sat_top2_m10_v60_t60_f10_dd30,0.11586474507432198,0.034695318865128666,0.20320036705001385,-0.28246207106003585,0.170744371030536,0.12283177962592491,0.17779523759127652,86.75199418548205,73.0,0.08675199418548205,0.0,0.6115906288532675,2,ram_trend,,1.0,10,60,60,10,0.001,-0.15,-0.22,-0.3,False,True
sat_top1_m20_v60_t200_f5_dd30,0.10872242483381123,0.03263033978968899,0.19295288325757043,-0.2800945318318411,0.16911040269935304,0.11649759663740633,0.1652473728489338,71.5,53.0,0.07150000000000001,0.0,0.4966091245376079,1,ram_trend,,1.0,20,60,200,5,0.001,-0.15,-0.22,-0.3,False,True
sat_top2_m120_v10_t60_f5_dd30,0.07630958701376289,0.023142253610735075,0.18215659880553814,-0.237972119780685,0.1270459251132629,0.09724775167806618,0.12700050765274698,71.48103191128695,102.0,0.07148103191128695,0.0,0.6587546239210851,2,ram_trend,,1.0,120,10,60,5,0.001,-0.15,-0.22,-0.3,False,True
sat_top1_m60_v10_t200_f5_dd30,0.078877032257201,0.023900934283906494,0.19253568201510105,-0.2679174886064324,0.12413768727830868,0.08921005645516737,0.12012990679470985,58.5,47.0,0.0585,0.0,0.5755240443896424,1,ram_trend,,1.0,60,10,200,5,0.001,-0.15,-0.22,-0.3,False,True
sat_top1_m10_v10_t60_f10_dd30,0.04026421295168814,0.012356749154060154,0.21928975032189602,-0.28140422310738844,0.056348959018475094,0.04391102954181543,0.05786051388206268,88.5,63.0,0.0885,0.0,0.531442663378545,1,ram_trend,,1.0,10,10,60,10,0.001,-0.15,-0.22,-0.3,False,True
sat_top2_m60_v60_t60_f5_dd30,0.027948867370221953,0.008612788740193,0.18624047987597606,-0.2276996441450958,0.04624552485006779,0.03782521827177174,0.04606358736652828,63.469332104595004,126.0,0.063469332104595,0.0,0.6008014796547472,2,ram_trend,,1.0,60,60,60,5,0.001,-0.15,-0.22,-0.3,False,True
sat_top2_m10_v20_t60_f10_dd30,0.027486923762982673,0.008471754463130532,0.17157794787479475,-0.25286116783648627,0.049375543699313906,0.033503580386090866,0.04993060579512549,77.87395999256555,73.0,0.07787395999256555,0.0,0.5067817509247842,2,ram_trend,,1.0,10,20,60,10,0.001,-0.15,-0.22,-0.3,False,True
sat_top2_m60_v10_t60_f5_dd30,0.025057097203250223,0.007729193158074965,0.1762229305086937,-0.23634489240108802,0.04386031452185876,0.03270302598694696,0.042907166167156924,70.98996356948565,124.0,0.07098996356948566,0.0,0.5915536374845869,2,ram_trend,,1.0,60,10,60,5,0.001,-0.15,-0.22,-0.3,False,True
sat_top2_m20_v60_t60_f21_dd30,0.017283257459460133,0.005345311293964539,0.1663542530603826,-0.2536272192200041,0.03213209879295553,0.021075463865445176,0.03275817755482837,38.01476028875987,35.0,0.038014760288759865,0.0,0.5533292231812577,2,ram_trend,,1.0,20,60,60,21,0.001,-0.15,-0.22,-0.3,False,True
sat_top1_m60_v10_t120_f10_dd30,0.016993914734665383,0.005256341209875615,0.1803450347703751,-0.29688472642509245,0.02914602676235732,0.017704990327961016,0.03024026657284245,50.5,38.0,0.0505,0.0,0.596177558569667,1,ram_trend,,1.0,60,10,120,10,0.001,-0.15,-0.22,-0.3,False,True
sat_top1_m20_v60_t60_f21_dd30,-0.005317274779426784,-0.0016573021594181725,0.1855140244808565,-0.2473566149433778,-0.00893356803646504,-0.006700051906020562,-0.009771003529546827,40.0,29.0,0.04,0.0,0.5727496917385944,1,ram_trend,,1.0,20,60,60,21,0.001,-0.15,-0.22,-0.3,False,True
sat_top1_m10_v60_t120_f21_dd30,-0.013879043387610257,-0.004338729509528183,0.1757913058879578,-0.24299397794594257,-0.02468113816899177,-0.017855296440693665,-0.030014951415482563,46.0,30.0,0.046,0.0,0.5776818742293465,1,ram_trend,,1.0,10,60,120,21,0.001,-0.15,-0.22,-0.3,False,True
sat_top1_m10_v20_t120_f21_dd30,-0.015069615317388707,-0.004712868764049527,0.19229935913819715,-0.22878034626410104,-0.02450797956462556,-0.020599972161109734,-0.028590525160396302,48.5,29.0,0.0485,0.0,0.622996300863132,1,ram_trend,,1.0,10,20,120,21,0.001,-0.15,-0.22,-0.3,False,True
sat_top2_m60_v20_t60_f21_dd30,-0.01746679377172866,-0.005467132397519281,0.15567742111922805,-0.2586314305096289,-0.03511833866603038,-0.021138700685939014,-0.0344270576295549,27.31312182798448,35.0,0.027313121827984482,0.0,0.4935265104808878,2,ram_trend,,1.0,60,20,60,21,0.001,-0.15,-0.22,-0.3,False,True
sat_top1_m20_v20_t60_f21_dd30,-0.018960330340810905,-0.005937709522049417,0.18523463676376134,-0.27126495150723196,-0.03205507148008212,-0.021888966816603718,-0.03340561680385125,39.5,30.0,0.0395,0.0,0.55980271270037,1,ram_trend,,1.0,20,20,60,21,0.001,-0.15,-0.22,-0.3,False,True
sat_top2_m10_v10_t60_f10_dd30,-0.027349161864401172,-0.008590038928785404,0.17157451382274766,-0.25614069961543706,-0.05006593775145246,-0.03353640769187507,-0.05019095160312613,79.4849815414352,73.0,0.0794849815414352,0.0,0.5098643649815043,2,ram_trend,,1.0,10,10,60,10,0.001,-0.15,-0.22,-0.3,False,True
sat_top2_m120_v10_t200_f5_dd30,-0.0383964340692593,-0.012107048188178093,0.15629959493826687,-0.24286034059895212,-0.07746052184562585,-0.049851894954603106,-0.06903889781220872,45.93673349819582,101.0,0.04593673349819582,0.0,0.49290998766954375,2,ram_trend,,1.0,120,10,200,5,0.001,-0.15,-0.22,-0.3,False,True
sat_top2_m120_v10_t120_f5_dd30,-0.05447212125547074,-0.01727497284140489,0.17376170951782025,-0.2416247674898626,-0.09941760408171654,-0.07149504175779357,-0.0967291354824701,60.52472150288909,107.0,0.060524721502889095,0.0,0.5832305795314426,2,ram_trend,,1.0,120,10,120,5,0.001,-0.15,-0.22,-0.3,False,True
sat_top1_m10_v20_t200_f21_dd30,-0.05336458427963198,-0.016916994878093727,0.17497725497436187,-0.2287803462641006,-0.09668110795641668,-0.07394426642997123,-0.10350834312722035,44.5,27.0,0.0445,0.0,0.5194204685573366,1,ram_trend,,1.0,10,20,200,21,0.001,-0.15,-0.22,-0.3,False,True
sat_top1_m60_v60_t200_f5_dd30,-0.08562418631463531,-0.02746448117787237,0.18225032151541262,-0.28969620788093575,-0.15069647586629767,-0.09480442073705081,-0.13339548069702267,45.0,37.0,0.045,0.0,0.4938347718865598,1,ram_trend,,1.0,60,60,200,5,0.001,-0.15,-0.22,-0.3,False,True
sat_top1_m10_v60_t200_f21_dd30,-0.09552924429189269,-0.03075436557704536,0.15237471943314176,-0.2556889715033016,-0.20183377985177922,-0.12028037578714357,-0.22158908525684787,40.0,28.0,0.04,0.0,0.4571516646115906,1,ram_trend,,1.0,10,60,200,21,0.001,-0.15,-0.22,-0.3,False,True
sat_top1_m60_v60_t60_f5_dd30,-0.11822999483912566,-0.03838897626991544,0.16033118805451943,-0.2834954108350106,-0.2394354881026738,-0.13541304304307472,-0.22202505562229863,46.0,44.0,0.046,0.0,0.46763255240443896,1,ram_trend,,1.0,60,60,60,5,0.001,-0.15,-0.22,-0.3,False,True
sat_top1_m10_v20_t60_f21_dd30,-0.11749903217433222,-0.03814104525233475,0.19481713839843506,-0.23276597144026578,-0.19577869568297246,-0.1638600565895982,-0.23249914643829164,50.5,33.0,0.0505,0.0,0.6294697903822442,1,ram_trend,,1.0,10,20,60,21,0.001,-0.15,-0.22,-0.3,False,True
sat_top1_m60_v20_t120_f5_dd30,-0.14141246679882757,-0.04632665018260973,0.17851569273996934,-0.27026738825498997,-0.2595102395288595,-0.17141043350336366,-0.24415698387650006,50.5,51.0,0.0505,0.0,0.45530209617755857,1,ram_trend,,1.0,60,20,120,5,0.001,-0.15,-0.22,-0.3,False,True
sat_top1_m20_v60_t60_f5_dd30,-0.13575116463320136,-0.0443747253109551,0.23634654940347974,-0.24343922621863956,-0.18775279530398664,-0.18228255980037056,-0.19319249221962118,100.0,72.0,0.1,0.0,0.5924784217016029,1,ram_trend,,1.0,20,60,60,5,0.001,-0.15,-0.22,-0.3,False,True
sat_top1_m10_v60_t60_f21_dd30,-0.16214892480658138,-0.053552894180509236,0.18411497929825596,-0.25350319003631894,-0.29086657905089053,-0.2112513620551947,-0.35078657377546685,48.0,33.0,0.048,0.0,0.593094944512947,1,ram_trend,,1.0,10,60,60,21,0.001,-0.15,-0.22,-0.3,False,True
sat_top1_m20_v20_t60_f5_dd30,-0.19709148071559324,-0.06601359684438235,0.14569037265739926,-0.27212507824368526,-0.4531088474845059,-0.2425854951349535,-0.42254704825346334,74.5,81.0,0.0745,0.0,0.3840937114673243,1,ram_trend,,1.0,20,20,60,5,0.001,-0.15,-0.22,-0.3,False,True
fixed_513100_518880_512480_35_35_30_x3_0,1.9304162090377348,0.3972267633280191,0.2839737298142863,-0.3399460868369585,1.3988151776849156,1.1684992965326675,1.4613540682839146,9.999999999999998,4.0,0.009999999999999998,202.0,3.0,,fixed_blend,513100:0.35;518880:0.35;512480:0.30,3.0,,,,21,0.001,-0.15,-0.22,-0.3,False,False
fixed_513100_518880_512480_40_40_20_x3_0,1.5552527584207043,0.33892793512695985,0.2664001319438922,-0.32127648347650106,1.272251378607962,1.0549416236739588,1.3474934152657787,10.000000000000002,5.0,0.010000000000000002,197.0,3.0,,fixed_blend,513100:0.40;518880:0.40;512480:0.20,3.0,,,,21,0.001,-0.15,-0.22,-0.3,False,False
fixed_513100_518880_512480_35_35_30_x2_5,1.4788434483629813,0.32634124638347783,0.24037249311849834,-0.3151687061356485,1.357648049282406,1.0354493959277185,1.4367544887967858,6.0,3.0,0.006,197.0,2.5,,fixed_blend,513100:0.35;518880:0.35;512480:0.30,2.5,,,,21,0.001,-0.15,-0.22,-0.3,False,False
fixed_513100_518880_50_50_x3_0,1.1063132861101836,0.2608156467742533,0.2700853060446361,-0.3153650432262226,0.9656787723622001,0.8270277647328239,1.065745039564187,10.0,5.0,0.01,197.0,3.0,,fixed_blend,513100:0.50;518880:0.50,3.0,,,,21,0.001,-0.15,-0.22,-0.3,False,False
fixed_513100_518880_60_40_x2_5,1.0786479100444795,0.25564010668047654,0.2579442189066264,-0.3249125789332924,0.9910674011772138,0.7867965823907417,1.0756670641091208,8.5,5.0,0.0085,197.0,2.5,,fixed_blend,513100:0.60;518880:0.40,2.5,,,,21,0.001,-0.15,-0.22,-0.3,False,False
fixed_513100_518880_60_40_x3_0,1.0102511366584812,0.24263774996469567,0.2938606275971593,-0.34350140681359653,0.8256898923435131,0.7063661025888164,0.8582143321400855,18.0,10.0,0.018000000000000002,202.0,3.0,,fixed_blend,513100:0.60;518880:0.40,3.0,,,,21,0.001,-0.15,-0.22,-0.3,False,False
sat_top1_m10_v60_t120_f10_dd30,0.05783674492707691,0.0176464288145326,0.19865497781436586,-0.35342050214922927,0.08882953253264257,0.04993040501957502,0.08472642168972967,61.0,31.0,0.061,202.0,0.5413070283600493,1,ram_trend,,1.0,10,60,120,10,0.001,-0.15,-0.22,-0.3,False,False
sat_top1_m20_v60_t120_f10_dd30,0.03087634259276184,0.009505551705501603,0.20666460685093085,-0.31647507188588264,0.04599506345253422,0.0300357043885251,0.042948442809349396,47.0,24.0,0.047,205.0,0.5129469790382244,1,ram_trend,,1.0,20,60,120,10,0.001,-0.15,-0.22,-0.3,False,False
sat_top1_m20_v10_t120_f10_dd30,0.006545430657990847,0.002031782006988392,0.20628246527703267,-0.3126303976768209,0.009849513889897306,0.006498990571891636,0.00923008313405355,46.0,25.0,0.046,202.0,0.5132552404438965,1,ram_trend,,1.0,20,10,120,10,0.001,-0.15,-0.22,-0.3,False,False
sat_top1_m20_v10_t200_f10_dd30,-0.00911110248494984,-0.00284350675356726,0.189041490519563,-0.3126303976768193,-0.015041707223912302,-0.009095426339529292,-0.012750987040781531,40.0,22.0,0.04,202.0,0.43927250308261406,1,ram_trend,,1.0,20,10,200,10,0.001,-0.15,-0.22,-0.3,False,False
fixed_518880_x2_5,-0.013042606356588049,-0.004076063813662323,0.22853113207578546,-0.3396106263919795,-0.01783592360760117,-0.01200216806219049,-0.019272539917486606,16.0,10.0,0.016,196.0,2.5,,fixed_blend,518880:1.00,2.5,,,,21,0.001,-0.15,-0.22,-0.3,False,False
fixed_518880_x3_0,-0.03997174913429569,-0.012610829425039105,0.2702945990368147,-0.35510230600721227,-0.04665586907758184,-0.03551322875606157,-0.049719611818509375,16.0,8.0,0.016,196.0,3.0,,fixed_blend,518880:1.00,3.0,,,,21,0.001,-0.15,-0.22,-0.3,False,False
sat_top1_m10_v60_t200_f10_dd30,-0.040399239740313564,-0.012747637920435761,0.18561145603201787,-0.3534205021492298,-0.06867915479439374,-0.03606932207643444,-0.05949975969018723,53.0,27.0,0.053,202.0,0.46732429099876693,1,ram_trend,,1.0,10,60,200,10,0.001,-0.15,-0.22,-0.3,False,False
sat_top1_m20_v20_t120_f10_dd30,-0.07932037227381028,-0.025383485727719868,0.20904614635733548,-0.3534205021492295,-0.12142527461056521,-0.07182233507495232,-0.11420405827134558,51.0,26.0,0.051000000000000004,202.0,0.5166461159062885,1,ram_trend,,1.0,20,20,120,10,0.001,-0.15,-0.22,-0.3,False,False
sat_top1_m10_v20_t120_f10_dd30,-0.08266743748101968,-0.026487181875730736,0.20033570122299718,-0.35342050214923004,-0.13221398739232898,-0.07494523298636098,-0.12689558612417665,69.0,35.0,0.069,202.0,0.5413070283600493,1,ram_trend,,1.0,10,20,120,10,0.001,-0.15,-0.22,-0.3,False,False
sat_top1_m20_v60_t200_f10_dd30,-0.08055860943460502,-0.025791472309829477,0.1876199150745571,-0.3164750718858811,-0.13746660262360935,-0.0814960627266394,-0.11573522497962546,41.0,21.0,0.041,205.0,0.43896424167694204,1,ram_trend,,1.0,20,60,200,10,0.001,-0.15,-0.22,-0.3,False,False
sat_top1_m20_v20_t200_f10_dd30,-0.09364128682617368,-0.030125388153575572,0.1920487961683956,-0.35342050214922993,-0.15686319703436463,-0.08523950356693027,-0.13363103011341834,45.0,23.0,0.045,202.0,0.44266337854500615,1,ram_trend,,1.0,20,20,200,10,0.001,-0.15,-0.22,-0.3,False,False
sat_top1_m10_v10_t120_f10_dd30,-0.09777699660023442,-0.03150439001723948,0.20657644738121025,-0.35342050214922904,-0.15250717309075504,-0.08914137642172495,-0.14062671960126905,69.0,35.0,0.069,202.0,0.5413070283600493,1,ram_trend,,1.0,10,10,120,10,0.001,-0.15,-0.22,-0.3,False,False
sat_top1_m120_v60_t200_f10_dd30,-0.11854309598320634,-0.0384952185573354,0.1808308656662938,-0.3534205021492297,-0.2128796896232011,-0.10892186028608215,-0.18185887568258055,26.0,14.0,0.026000000000000002,202.0,0.4919852034525277,1,ram_trend,,1.0,120,60,200,10,0.001,-0.15,-0.22,-0.3,False,False
sat_top1_m120_v60_t60_f10_dd30,-0.1249470483954973,-0.040673950911877754,0.18625611216214902,-0.3534205021492296,-0.21837646260149693,-0.11508656307296919,-0.19736080669550446,40.0,21.0,0.04,202.0,0.5721331689272503,1,ram_trend,,1.0,120,60,60,10,0.001,-0.15,-0.22,-0.3,False,False
sat_top1_m120_v60_t120_f10_dd30,-0.1595733636751413,-0.05264870853100134,0.18796511145065076,-0.35342050214922993,-0.28009830188526225,-0.1489690275771571,-0.2563470673230203,34.0,18.0,0.034,202.0,0.5782983970406905,1,ram_trend,,1.0,120,60,120,10,0.001,-0.15,-0.22,-0.3,False,False
sat_top1_m10_v20_t200_f10_dd30,-0.16573881660550727,-0.05481637430257069,0.18631129720356232,-0.35342050214923004,-0.29421927239698586,-0.15510241757119328,-0.2554341083127689,57.0,29.0,0.057,202.0,0.46732429099876693,1,ram_trend,,1.0,10,20,200,10,0.001,-0.15,-0.22,-0.3,False,False
sat_top1_m60_v60_t200_f10_dd30,-0.1563333133334689,-0.051513952021936094,0.16051754523898623,-0.3170715737742801,-0.3209241204457721,-0.16246789773279496,-0.2706812460537827,29.0,16.0,0.029,205.0,0.4636251541307028,1,ram_trend,,1.0,60,60,200,10,0.001,-0.15,-0.22,-0.3,False,False
sat_top1_m10_v10_t200_f10_dd30,-0.17948009123850572,-0.0596875818447653,0.19300352390705822,-0.35342050214922927,-0.30925643551206944,-0.1688854536785267,-0.25823488977144976,57.0,29.0,0.057,202.0,0.46732429099876693,1,ram_trend,,1.0,10,10,200,10,0.001,-0.15,-0.22,-0.3,False,False
sat_top1_m60_v20_t200_f10_dd30,-0.1661791980386994,-0.05497162646398834,0.17196168792759894,-0.3208357841845927,-0.3196736850311277,-0.17133882557302413,-0.26391317931192193,30.0,16.0,0.03,205.0,0.46979038224414305,1,ram_trend,,1.0,60,20,200,10,0.001,-0.15,-0.22,-0.3,False,False
sat_top1_m10_v20_t60_f10_dd30,-0.18388831685432616,-0.061262172781941904,0.16177447448858565,-0.30189503355428415,-0.37868874540071146,-0.2029254077507912,-0.37213567367171013,70.5,60.0,0.07050000000000001,62.0,0.4127620221948212,1,ram_trend,,1.0,10,20,60,10,0.001,-0.15,-0.22,-0.3,False,False
sat_top1_m60_v10_t60_f5_dd30,-0.2231790975169663,-0.07556237263470444,0.12904882708913762,-0.3032067305666035,-0.5855331996354481,-0.24921073649486858,-0.5012409417416146,52.0,49.0,0.052000000000000005,167.0,0.3871763255240444,1,ram_trend,,1.0,60,10,60,5,0.001,-0.15,-0.22,-0.3,False,False
sat_top1_m10_v60_t60_f10_dd30,-0.26621667750269706,-0.09181011556310026,0.18193918973122153,-0.35342050214922893,-0.5046197891654415,-0.25977586191175234,-0.4600611945569438,68.0,44.0,0.068,202.0,0.44266337854500615,1,ram_trend,,1.0,10,60,60,10,0.001,-0.15,-0.22,-0.3,False,False
sat_top1_m20_v60_t60_f10_dd30,-0.2706013058956749,-0.09350193141260577,0.20454964829989486,-0.31647507188588264,-0.45711118151384195,-0.2954480138212008,-0.42344256964938193,57.0,34.0,0.057,205.0,0.5252774352651048,1,ram_trend,,1.0,20,60,60,10,0.001,-0.15,-0.22,-0.3,False,False
sat_top1_m60_v10_t60_f10_dd30,-0.27381451864984196,-0.09474620829297986,0.14471036740221893,-0.3191794212171837,-0.6547299270523935,-0.29684309825385136,-0.562137206982474,37.5,27.0,0.0375,202.0,0.4093711467324291,1,ram_trend,,1.0,60,10,60,10,0.001,-0.15,-0.22,-0.3,False,False
sat_top1_m60_v20_t60_f10_dd30,-0.2753904745386768,-0.09535786435476779,0.1314542548755538,-0.3124086256693305,-0.7254072106303593,-0.3052344158246754,-0.6524083902819421,31.5,26.0,0.0315,193.0,0.40043156596794083,1,ram_trend,,1.0,60,20,60,10,0.001,-0.15,-0.22,-0.3,False,False
sat_top1_m60_v60_t60_f10_dd30,-0.287700176000242,-0.1001672997802926,0.12693345695235786,-0.32408946099946123,-0.7891323704977842,-0.3090729932142382,-0.7078758535116754,29.5,24.0,0.029500000000000002,202.0,0.3908754623921085,1,ram_trend,,1.0,60,60,60,10,0.001,-0.15,-0.22,-0.3,False,False
sat_top1_m20_v20_t60_f10_dd30,-0.2807180680202518,-0.09743240710948065,0.10777405720949097,-0.3122078699801216,-0.9040432329655341,-0.31207543588085784,-0.7035133561412087,32.5,35.0,0.0325,231.0,0.22996300863131935,1,ram_trend,,1.0,20,20,60,10,0.001,-0.15,-0.22,-0.3,False,False
sat_top1_m20_v10_t60_f10_dd30,-0.28772667875275404,-0.10017771602090386,0.13490201557478168,-0.3189096472525189,-0.7425961398284021,-0.31412569950127966,-0.6328901037923177,36.0,31.0,0.036000000000000004,202.0,0.3199753390875462,1,ram_trend,,1.0,20,10,60,10,0.001,-0.15,-0.22,-0.3,False,False
sat_top1_m60_v60_t120_f10_dd30,-0.2946257763659552,-0.10289836384654927,0.14182373797209755,-0.31269175308077535,-0.7255369610043244,-0.3290728419689671,-0.676015391475153,38.0,32.0,0.038,174.0,0.41707768187422933,1,ram_trend,,1.0,60,60,120,10,0.001,-0.15,-0.22,-0.3,False,False
sat_top1_m60_v20_t120_f10_dd30,-0.29464566433064643,-0.10290623307481739,0.1409375790527817,-0.3127111316768293,-0.7301546810044082,-0.3290776139723917,-0.6700908273297729,36.5,30.0,0.0365,184.0,0.42077681874229345,1,ram_trend,,1.0,60,20,120,10,0.001,-0.15,-0.22,-0.3,False,False
sat_top1_m60_v10_t120_f5_dd30,-0.2950484602184915,-0.1030656434163949,0.14393743206344856,-0.31310361119516905,-0.7160447559670433,-0.329174240510916,-0.6072414490964023,44.0,35.0,0.044,192.0,0.38655980271270035,1,ram_trend,,1.0,60,10,120,5,0.001,-0.15,-0.22,-0.3,False,False
sat_top1_m60_v60_t120_f5_dd30,-0.2969628970932502,-0.10382415923653487,0.13027208599804946,-0.3149690156969793,-0.7969793255486015,-0.32963292915268994,-0.6681117734816515,36.0,33.0,0.036000000000000004,199.0,0.35141800246609123,1,ram_trend,,1.0,60,60,120,5,0.001,-0.15,-0.22,-0.3,False,False
