strategy,strategy_family,fixed_weights,gross_exposure,drawdown_half,drawdown_quarter,total_turnover,rebalance_count,estimated_cost,total_return,annual_return,annual_volatility,max_drawdown,sharpe,calmar,sortino,passes_return_gate,passes_drawdown_gate
ext_fixed_tecl_gld_50_50_x1_25,external_fixed,TECL:0.50;GLD:0.50,1.25,-0.08,-0.14,26.0,28.0,0.026000000000000002,1.2450689803428836,0.10778374511162281,0.22025155295046575,-0.2755936382609774,0.48936656140564516,0.39109663703323744,0.5204600469101315,False,True
ext_fixed_tecl_gld_50_50_x1_0,external_fixed,TECL:0.50;GLD:0.50,1.0,-0.08,-0.14,19.0,24.0,0.019,1.2043472186082678,0.10522016483939178,0.19144201214660905,-0.2505113374031416,0.549618987282753,0.42002156840535976,0.5821997005437433,False,True
ext_fixed_btc_gld_50_50_x1_0,external_fixed,BTC-USD:0.50;GLD:0.50,1.0,-0.12,-0.2,12.5,15.0,0.0125,1.1529188232298182,0.10192278874399974,0.18735403467825448,-0.293211214925327,0.5440117098040246,0.3476087664994558,0.7115309288555021,False,True
ext_fixed_tqqq_gld_50_50_x1_0,external_fixed,TQQQ:0.50;GLD:0.50,1.0,-0.08,-0.14,23.0,25.0,0.023,0.8473749764962542,0.08078113887373384,0.1733005936153959,-0.26626383502365913,0.46613307657220454,0.3033875737069435,0.4611235824441536,False,True
ext_fixed_btc_gld_50_50_x1_0,external_fixed,BTC-USD:0.50;GLD:0.50,1.0,-0.08,-0.14,13.5,15.0,0.0135,0.6639109001105821,0.06656747548211794,0.1525852678353951,-0.2876079121237116,0.4362641061385372,0.23145217038912552,0.5450532282579803,False,True
ext_fixed_tqqq_btc_gld_equal_x1_0,external_fixed,TQQQ:0.33;BTC-USD:0.33;GLD:0.33,1.0,-0.08,-0.14,20.0,22.0,0.02,0.5752420166152306,0.059200458074679885,0.17053877281760005,-0.29106556454791543,0.34713782148531,0.20339217442857024,0.4060758445859005,False,True
ext_fixed_tqqq_gld_50_50_x1_25,external_fixed,TQQQ:0.50;GLD:0.50,1.25,-0.08,-0.14,21.0,23.0,0.021,0.492920608549245,0.05202909468521488,0.18516294120777432,-0.2937846947136249,0.2809908632139959,0.1770994051815114,0.2837971744241202,False,True
ext_fixed_tqqq_btc_gld_equal_x3_0,external_fixed,TQQQ:0.33;BTC-USD:0.33;GLD:0.33,3.0,-0.15,-0.22,7.0,2.0,0.007,0.36528321434027666,0.0401957726613662,0.19281421952821184,-0.33228405459793176,0.20846892288192942,0.12096810576722869,0.04923598206778855,False,False
ext_fixed_tqqq_soxl_btc_gld_equal_x3_0,external_fixed,TQQQ:0.25;SOXL:0.25;BTC-USD:0.25;GLD:0.25,3.0,-0.08,-0.14,7.0,2.0,0.007,0.3497185245862089,0.03868731062756803,0.2324552468522698,-0.39546191301766476,0.16642907033264184,0.09782815829811635,0.03606406997571197,False,False
ext_fixed_tqqq_soxl_btc_gld_equal_x3_0,external_fixed,TQQQ:0.25;SOXL:0.25;BTC-USD:0.25;GLD:0.25,3.0,-0.12,-0.2,7.0,2.0,0.007,0.3497185245862089,0.03868731062756803,0.2324552468522698,-0.39546191301766476,0.16642907033264184,0.09782815829811635,0.03606406997571197,False,False
ext_fixed_tqqq_soxl_btc_gld_equal_x3_0,external_fixed,TQQQ:0.25;SOXL:0.25;BTC-USD:0.25;GLD:0.25,3.0,-0.15,-0.22,7.0,2.0,0.007,0.3497185245862089,0.03868731062756803,0.2324552468522698,-0.39546191301766476,0.16642907033264184,0.09782815829811635,0.03606406997571197,False,False
ext_fixed_tqqq_soxl_btc_gld_equal_x2_5,external_fixed,TQQQ:0.25;SOXL:0.25;BTC-USD:0.25;GLD:0.25,2.5,-0.08,-0.14,6.0,2.0,0.006,0.3268645411341333,0.036444634475360616,0.19376151783617157,-0.3354414328096882,0.1880901578515458,0.1086467887109145,0.04074490992927368,False,False
ext_fixed_tqqq_soxl_btc_gld_equal_x2_5,external_fixed,TQQQ:0.25;SOXL:0.25;BTC-USD:0.25;GLD:0.25,2.5,-0.12,-0.2,6.0,2.0,0.006,0.3268645411341333,0.036444634475360616,0.19376151783617157,-0.3354414328096882,0.1880901578515458,0.1086467887109145,0.04074490992927368,False,False
ext_fixed_tqqq_soxl_btc_gld_equal_x2_5,external_fixed,TQQQ:0.25;SOXL:0.25;BTC-USD:0.25;GLD:0.25,2.5,-0.15,-0.22,6.0,2.0,0.006,0.3268645411341333,0.036444634475360616,0.19376151783617157,-0.3354414328096882,0.1880901578515458,0.1086467887109145,0.04074490992927368,False,False
ext_fixed_tqqq_btc_gld_equal_x2_5,external_fixed,TQQQ:0.33;BTC-USD:0.33;GLD:0.33,2.5,-0.15,-0.22,6.0,2.0,0.006,0.26816858376669095,0.03052626846480866,0.1607586853972911,-0.31310312934686946,0.18988876644125038,0.09749589066224347,0.04656419598154015,False,False
ext_fixed_tqqq_soxl_btc_gld_equal_x1_0,external_fixed,TQQQ:0.25;SOXL:0.25;BTC-USD:0.25;GLD:0.25,1.0,-0.15,-0.22,5.0,4.0,0.005,0.2588850099826592,0.029568370796491994,0.16238239912746696,-0.3039614497162908,0.1820909837234355,0.09727671329403874,0.1067014557398245,False,False
ext_fixed_tqqq_soxl_btc_gld_equal_x1_25,external_fixed,TQQQ:0.25;SOXL:0.25;BTC-USD:0.25;GLD:0.25,1.25,-0.15,-0.22,7.5,8.0,0.0075,0.25169213201329454,0.028821943863140742,0.18597946397214968,-0.3157177926215129,0.1549737978998413,0.09129021086782052,0.1000432777827439,False,False
ext_fixed_tqqq_soxl_btc_gld_equal_x1_5,external_fixed,TQQQ:0.25;SOXL:0.25;BTC-USD:0.25;GLD:0.25,1.5,-0.12,-0.2,11.0,10.0,0.011,0.23348270909450908,0.026915413216019646,0.17673682022355602,-0.3051327424333805,0.15229092150675844,0.08820886608685095,0.08584792857662137,False,False
ext_fixed_tqqq_btc_gld_equal_x1_25,external_fixed,TQQQ:0.33;BTC-USD:0.33;GLD:0.33,1.25,-0.15,-0.22,7.5,7.0,0.0075,0.1796070618557044,0.021127016713092805,0.15901404570530103,-0.3064938864975709,0.132862582166152,0.06893128262530693,0.08809256561592296,False,False
ext_fixed_tqqq_btc_gld_equal_x1_75,external_fixed,TQQQ:0.33;BTC-USD:0.33;GLD:0.33,1.75,-0.15,-0.22,12.0,11.0,0.012,0.17297626220959628,0.020398723666104956,0.16784966192542758,-0.3025617484883929,0.1215297274484099,0.06742003497804187,0.0721141006668788,False,False
ext_fixed_tqqq_btc_gld_equal_x1_0,external_fixed,TQQQ:0.33;BTC-USD:0.33;GLD:0.33,1.0,-0.15,-0.22,6.0,8.0,0.006,0.15151518401856556,0.018016636271024566,0.1375110842121627,-0.31915347313734677,0.13101952016629517,0.056451324480091616,0.09348672825307072,False,False
ext_fixed_tqqq_btc_gld_equal_x2_0,external_fixed,TQQQ:0.33;BTC-USD:0.33;GLD:0.33,2.0,-0.12,-0.2,13.0,10.0,0.013000000000000001,0.14730726298215324,0.0175450336883769,0.1669230181208195,-0.3075513441957832,0.10510853377739515,0.05704749473378323,0.05644405579861911,False,False
ext_fixed_btc_gld_50_50_x1_5,external_fixed,BTC-USD:0.50;GLD:0.50,1.5,-0.15,-0.22,4.0,2.0,0.004,0.1410802261010924,0.0168443592218952,0.1570486917421034,-0.3287032235820698,0.10725564813717817,0.05124488600486615,0.04344478909241792,False,False
ext_fixed_tqqq_btc_gld_equal_x3_0,external_fixed,TQQQ:0.33;BTC-USD:0.33;GLD:0.33,3.0,-0.12,-0.2,10.0,4.0,0.01,0.1242746240949042,0.014936563667737213,0.16102220287662158,-0.33228405459793164,0.09276089508713221,0.04495118998656335,0.01917248837990887,False,False
ext_fixed_tqqq_soxl_btc_gld_equal_x1_75,external_fixed,TQQQ:0.25;SOXL:0.25;BTC-USD:0.25;GLD:0.25,1.75,-0.08,-0.14,4.5,2.0,0.0045000000000000005,0.11162398599254719,0.01348394319913293,0.15160133690706948,-0.33152864010417316,0.08894343199228177,0.04067203121545094,0.02120201976423162,False,False
ext_fixed_tqqq_soxl_btc_gld_equal_x1_75,external_fixed,TQQQ:0.25;SOXL:0.25;BTC-USD:0.25;GLD:0.25,1.75,-0.12,-0.2,4.5,2.0,0.0045000000000000005,0.11162398599254719,0.01348394319913293,0.15160133690706948,-0.33152864010417316,0.08894343199228177,0.04067203121545094,0.02120201976423162,False,False
ext_fixed_tqqq_soxl_btc_gld_equal_x1_75,external_fixed,TQQQ:0.25;SOXL:0.25;BTC-USD:0.25;GLD:0.25,1.75,-0.15,-0.22,4.5,2.0,0.0045000000000000005,0.11162398599254719,0.01348394319913293,0.15160133690706948,-0.33152864010417316,0.08894343199228177,0.04067203121545094,0.02120201976423162,False,False
ext_fixed_tqqq_soxl_btc_gld_equal_x2_0,external_fixed,TQQQ:0.25;SOXL:0.25;BTC-USD:0.25;GLD:0.25,2.0,-0.08,-0.14,5.0,2.0,0.005,0.10979561366664292,0.013272805859526393,0.17323846006602817,-0.37336857363173104,0.07661581530144976,0.035548802970808986,0.01826532809979443,False,False
ext_fixed_tqqq_soxl_btc_gld_equal_x2_0,external_fixed,TQQQ:0.25;SOXL:0.25;BTC-USD:0.25;GLD:0.25,2.0,-0.12,-0.2,5.0,2.0,0.005,0.10979561366664292,0.013272805859526393,0.17323846006602817,-0.37336857363173104,0.07661581530144976,0.035548802970808986,0.01826532809979443,False,False
ext_fixed_tqqq_soxl_btc_gld_equal_x2_0,external_fixed,TQQQ:0.25;SOXL:0.25;BTC-USD:0.25;GLD:0.25,2.0,-0.15,-0.22,5.0,2.0,0.005,0.10979561366664292,0.013272805859526393,0.17323846006602817,-0.37336857363173104,0.07661581530144976,0.035548802970808986,0.01826532809979443,False,False
ext_fixed_tqqq_btc_gld_equal_x2_0,external_fixed,TQQQ:0.33;BTC-USD:0.33;GLD:0.33,2.0,-0.15,-0.22,7.0,4.0,0.007,0.10792291713743785,0.013056234844903036,0.14920793937173282,-0.33132146944454643,0.08750362011484569,0.03940654635750452,0.031108453796002522,False,False
ext_fixed_tqqq_btc_gld_equal_x1_5,external_fixed,TQQQ:0.33;BTC-USD:0.33;GLD:0.33,1.5,-0.15,-0.22,9.5,8.0,0.0095,0.10203315583266104,0.012373013505019959,0.1624998538058662,-0.30505029292531116,0.07614169007069775,0.04056056916506348,0.04348076010349927,False,False
ext_fixed_tecl_gld_50_50_x1_25,external_fixed,TECL:0.50;GLD:0.50,1.25,-0.15,-0.22,5.5,6.0,0.0055,0.10018598852241678,0.012158082270543602,0.15362335642714176,-0.30372412004520144,0.07914214708822456,0.04003001891563366,0.05410500625184984,False,False
ext_fixed_tqqq_btc_gld_equal_x1_0,external_fixed,TQQQ:0.33;BTC-USD:0.33;GLD:0.33,1.0,-0.12,-0.2,7.0,8.0,0.007,0.09226686909048465,0.011233048452887306,0.13111510483674746,-0.3004846362092669,0.08567318362650643,0.03738310415666064,0.06268067681089892,False,False
ext_fixed_tqqq_btc_gld_equal_x1_75,external_fixed,TQQQ:0.33;BTC-USD:0.33;GLD:0.33,1.75,-0.12,-0.2,13.75,12.0,0.01375,0.09121893390738145,0.011110200412803861,0.1579691080885787,-0.3031901780304468,0.07033147523105587,0.03664432827269279,0.03811724858215658,False,False
ext_fixed_btc_gld_50_50_x1_25,external_fixed,BTC-USD:0.50;GLD:0.50,1.25,-0.15,-0.22,4.75,5.0,0.00475,0.08872911946524398,0.01081790902890889,0.1425033817555032,-0.30874389418609705,0.07591334953348308,0.035038454954475426,0.04992048528099038,False,False
ext_fixed_tqqq_soxl_btc_gld_equal_x1_5,external_fixed,TQQQ:0.25;SOXL:0.25;BTC-USD:0.25;GLD:0.25,1.5,-0.15,-0.22,7.5,6.0,0.0075,0.07944384061457099,0.00972269120861835,0.14743274064096437,-0.30726806426120357,0.06594662193993624,0.03164237465418225,0.02287545810271646,False,False
ext_fixed_tqqq_btc_gld_equal_x2_5,external_fixed,TQQQ:0.33;BTC-USD:0.33;GLD:0.33,2.5,-0.08,-0.14,8.5,4.0,0.0085,0.07261071599084201,0.008911441798679753,0.13427151205525617,-0.31310312934686946,0.06636881988051543,0.028461682313009606,0.014360287409329852,False,False
ext_fixed_tqqq_btc_gld_equal_x2_5,external_fixed,TQQQ:0.33;BTC-USD:0.33;GLD:0.33,2.5,-0.12,-0.2,8.5,4.0,0.0085,0.07261071599084201,0.008911441798679753,0.13427151205525617,-0.31310312934686946,0.06636881988051543,0.028461682313009606,0.014360287409329852,False,False
ext_fixed_tqqq_soxl_btc_gld_equal_x1_5,external_fixed,TQQQ:0.25;SOXL:0.25;BTC-USD:0.25;GLD:0.25,1.5,-0.08,-0.14,9.0,8.0,0.009000000000000001,0.0659969411688055,0.008121923841111434,0.16072322578949416,-0.31589759766744985,0.05053360397176854,0.025710622369662667,0.02959707547612725,False,False
ext_fixed_tecl_gld_50_50_x1_5,external_fixed,TECL:0.50;GLD:0.50,1.5,-0.15,-0.22,6.0,4.0,0.006,0.06465966098043241,0.00796176650239011,0.16087111394001832,-0.30748219048849124,0.04949158557675369,0.025893423257267033,0.028689830417260306,False,False
ext_fixed_tecl_gld_50_50_x1_0,external_fixed,TECL:0.50;GLD:0.50,1.0,-0.15,-0.22,4.0,6.0,0.004,0.057508696814843274,0.00710234832701806,0.13415404617231458,-0.3025157734619748,0.05294173772362726,0.02347761323563117,0.03725868380984812,False,False
ext_fixed_btc_gld_50_50_x2_0,external_fixed,BTC-USD:0.50;GLD:0.50,2.0,-0.12,-0.2,9.0,6.0,0.009000000000000001,0.05714081251091652,0.0070579980650538054,0.16602494028581058,-0.31743964088343235,0.042511673564848265,0.022234142041653793,0.014847685008309445,False,False
ext_fixed_btc_gld_50_50_x2_5,external_fixed,BTC-USD:0.50;GLD:0.50,2.5,-0.15,-0.22,15.0,7.0,0.015,0.0565827134201764,0.0069906907309083,0.16411649563175065,-0.3055055699206686,0.042595905451175455,0.02288236752188705,0.012589267302517327,False,False
ext_fixed_tqqq_soxl_btc_gld_equal_x1_0,external_fixed,TQQQ:0.25;SOXL:0.25;BTC-USD:0.25;GLD:0.25,1.0,-0.08,-0.14,9.0,10.0,0.009000000000000001,0.04862474275158846,0.006027557289208341,0.12567357655613337,-0.30296597003161485,0.04796200963148424,0.019895162775473953,0.032767060987806344,False,False
ext_fixed_btc_gld_50_50_x1_25,external_fixed,BTC-USD:0.50;GLD:0.50,1.25,-0.12,-0.2,6.75,7.0,0.00675,0.04686807338054533,0.005814092116851466,0.1376821483925009,-0.3052589799352369,0.04222836573029638,0.019046424508412405,0.02724796100710318,False,False
ext_fixed_btc_gld_50_50_x2_5,external_fixed,BTC-USD:0.50;GLD:0.50,2.5,-0.12,-0.2,10.5,5.0,0.0105,0.04131154390082603,0.005136813244751348,0.18869936295559162,-0.3470380310521781,0.027222207665641363,0.014801874103472579,0.00920036941891216,False,False
ext_fixed_tecl_gld_50_50_x1_0,external_fixed,TECL:0.50;GLD:0.50,1.0,-0.12,-0.2,6.0,8.0,0.006,0.031027813853104602,0.0038749709931076293,0.12563268373610428,-0.30178310230554095,0.030843653720294135,0.012840251702311704,0.021704749903203143,False,False
ext_fixed_tqqq_btc_gld_equal_x1_5,external_fixed,TQQQ:0.33;BTC-USD:0.33;GLD:0.33,1.5,-0.08,-0.14,10.5,10.0,0.0105,0.027732866989970795,0.003468346203073569,0.13052195176611556,-0.30458191887173425,0.026572895640486253,0.011387236037915176,0.01636911006273855,False,False
ext_fixed_tecl_gld_50_50_x1_25,external_fixed,TECL:0.50;GLD:0.50,1.25,-0.12,-0.2,5.5,6.0,0.0055,0.01947048107131888,0.0024436668785992044,0.15048295379411641,-0.30372412004520155,0.01623882849842589,0.00804567934293637,0.010853735831445808,False,False
ext_fixed_tqqq_soxl_btc_gld_equal_x1_25,external_fixed,TQQQ:0.25;SOXL:0.25;BTC-USD:0.25;GLD:0.25,1.25,-0.08,-0.14,8.0,9.0,0.008,0.018646553045391645,0.0023410881735816957,0.143905527548427,-0.30093738940357706,0.016268229674456906,0.007779319738971154,0.009984785025387235,False,False
ext_fixed_btc_gld_50_50_x1_0,external_fixed,BTC-USD:0.50;GLD:0.50,1.0,-0.15,-0.22,6.0,8.0,0.006,0.012659333957970142,0.001593497487163198,0.12751894536570665,-0.30368751480171086,0.012496162688557909,0.005247161669466896,0.008904919092552878,False,False
ext_fixed_btc_gld_50_50_x3_0,external_fixed,BTC-USD:0.50;GLD:0.50,3.0,-0.08,-0.14,7.0,2.0,0.007,0.012515291181818489,0.0015754641596739116,0.13955787714831228,-0.350759981937664,0.011288966211485285,0.004491573271759087,0.0016539192967978704,False,False
ext_fixed_btc_gld_50_50_x3_0,external_fixed,BTC-USD:0.50;GLD:0.50,3.0,-0.12,-0.2,7.0,2.0,0.007,0.012515291181818489,0.0015754641596739116,0.13955787714831228,-0.350759981937664,0.011288966211485285,0.004491573271759087,0.0016539192967978704,False,False
ext_fixed_btc_gld_50_50_x3_0,external_fixed,BTC-USD:0.50;GLD:0.50,3.0,-0.15,-0.22,7.0,2.0,0.007,0.012515291181818489,0.0015754641596739116,0.13955787714831228,-0.350759981937664,0.011288966211485285,0.004491573271759087,0.0016539192967978704,False,False
ext_fixed_btc_gld_50_50_x2_5,external_fixed,BTC-USD:0.50;GLD:0.50,2.5,-0.08,-0.14,10.5,6.0,0.0105,0.011798980454630126,0.0014857528826195399,0.16541062256467456,-0.30363282793506063,0.008982209604093712,0.004893255096044176,0.0030459785330691847,False,False
ext_fixed_tqqq_btc_gld_equal_x3_0,external_fixed,TQQQ:0.33;BTC-USD:0.33;GLD:0.33,3.0,-0.08,-0.14,12.0,4.0,0.012,0.008270312081791742,0.001043008504001186,0.15199915100725597,-0.33228405459793176,0.006861936379838043,0.0031389062748233302,0.001324140236750061,False,False
ext_fixed_tqqq_btc_gld_equal_x1_5,external_fixed,TQQQ:0.33;BTC-USD:0.33;GLD:0.33,1.5,-0.12,-0.2,6.0,4.0,0.006,0.004036855288879426,0.0005100445040344681,0.1307262504119124,-0.3206158859821068,0.003901622684253096,0.0015908272993775895,0.0013574812784971108,False,False
ext_fixed_tqqq_soxl_btc_gld_equal_x1_25,external_fixed,TQQQ:0.25;SOXL:0.25;BTC-USD:0.25;GLD:0.25,1.25,-0.12,-0.2,12.0,12.0,0.012,0.003449047811582062,0.00043588834130692256,0.15143335422015972,-0.31136692224942797,0.0028784170010076582,0.001399918585307349,0.0015250170553402715,False,False
ext_fixed_tqqq_btc_gld_equal_x2_0,external_fixed,TQQQ:0.33;BTC-USD:0.33;GLD:0.33,2.0,-0.08,-0.14,11.0,8.0,0.011,0.003427019796093056,0.0004331086104056858,0.14527951300341446,-0.3044017489916043,0.002981209128884584,0.001422819060141574,0.0014995847691022608,False,False
ext_fixed_tqqq_soxl_btc_gld_equal_x1_0,external_fixed,TQQQ:0.25;SOXL:0.25;BTC-USD:0.25;GLD:0.25,1.0,-0.12,-0.2,9.0,10.0,0.009000000000000001,0.003082081304830231,0.00038957362405933615,0.158223237300362,-0.3089501203490327,0.002462177052538697,0.0012609596125718288,0.0016104665496073942,False,False
ext_fixed_btc_gld_50_50_x1_75,external_fixed,BTC-USD:0.50;GLD:0.50,1.75,-0.12,-0.2,8.5,6.0,0.0085,-0.021569450888207164,-0.00275610395910153,0.15468734078731794,-0.34496565316259986,-0.017817256053880588,-0.007989502531147465,-0.006160529558398605,False,False
ext_fixed_btc_gld_50_50_x1_75,external_fixed,BTC-USD:0.50;GLD:0.50,1.75,-0.15,-0.22,8.5,6.0,0.0085,-0.021569450888207164,-0.00275610395910153,0.15468734078731794,-0.34496565316259986,-0.017817256053880588,-0.007989502531147465,-0.006160529558398605,False,False
ext_fixed_tqqq_btc_gld_equal_x1_25,external_fixed,TQQQ:0.33;BTC-USD:0.33;GLD:0.33,1.25,-0.12,-0.2,8.0,9.0,0.008,-0.028119470313600292,-0.003603558477991542,0.12923682330855787,-0.30206650242582833,-0.02788337244554447,-0.011929685844183887,-0.017164911418917787,False,False
ext_fixed_tqqq_btc_gld_equal_x1_75,external_fixed,TQQQ:0.33;BTC-USD:0.33;GLD:0.33,1.75,-0.08,-0.14,10.249999999999998,8.0,0.010249999999999999,-0.033337969403801404,-0.00428231622541031,0.133172897548995,-0.301239469119125,-0.03215606406577452,-0.01421565453535197,-0.01865106712594916,False,False
ext_fixed_tqqq_gld_50_50_x1_0,external_fixed,TQQQ:0.50;GLD:0.50,1.0,-0.15,-0.22,5.0,6.0,0.005,-0.035272094099116025,-0.00453469632220449,0.11978259201748785,-0.3031733198738654,-0.03785772411355433,-0.014957438616601027,-0.024786483034571417,False,False
ext_fixed_btc_gld_50_50_x2_0,external_fixed,BTC-USD:0.50;GLD:0.50,2.0,-0.15,-0.22,9.0,6.0,0.009000000000000001,-0.041903645479521634,-0.005403402892536602,0.17678121382301465,-0.3876990624201725,-0.03056548134094296,-0.01393710590581881,-0.010569226467278973,False,False
ext_fixed_btc_gld_50_50_x1_5,external_fixed,BTC-USD:0.50;GLD:0.50,1.5,-0.12,-0.2,8.0,6.0,0.008,-0.04512133923752781,-0.005826801679441607,0.13881414655437657,-0.32870322358206994,-0.041975561022227076,-0.01772663381862692,-0.014935725963198431,False,False
ext_fixed_tqqq_btc_gld_equal_x1_25,external_fixed,TQQQ:0.33;BTC-USD:0.33;GLD:0.33,1.25,-0.08,-0.14,8.0,8.0,0.008,-0.05077552333311042,-0.006573833088553305,0.11157362309674733,-0.3183364222792848,-0.05891924010438404,-0.020650584188528418,-0.0370135100962062,False,False
ext_fixed_tecl_gld_50_50_x1_75,external_fixed,TECL:0.50;GLD:0.50,1.75,-0.15,-0.22,14.0,13.0,0.014,-0.06311421809097673,-0.00821761296019674,0.17909342914407686,-0.30671090570313897,-0.04588450285122323,-0.02679269894677449,-0.028148178546636038,False,False
ext_fixed_btc_gld_50_50_x1_25,external_fixed,BTC-USD:0.50;GLD:0.50,1.25,-0.08,-0.14,7.5,7.0,0.0075,-0.06462711886172845,-0.008420463393894684,0.12643720567626987,-0.3077949606856347,-0.06659798711033253,-0.027357379000414805,-0.040495884918918826,False,False
ext_fixed_btc_gld_50_50_x1_75,external_fixed,BTC-USD:0.50;GLD:0.50,1.75,-0.08,-0.14,8.25,5.0,0.00825,-0.07250827903803325,-0.009481830815613268,0.1390334674795293,-0.3449656531625994,-0.0681981898855348,-0.027486304009356,-0.022024054513556206,False,False
ext_fixed_tqqq_gld_50_50_x1_25,external_fixed,TQQQ:0.50;GLD:0.50,1.25,-0.15,-0.22,5.5,5.0,0.0055,-0.07262483867292135,-0.009497587095987692,0.13793122133040256,-0.3157284292123349,-0.06885741316853149,-0.03008150745145708,-0.042426571805296506,False,False
ext_fixed_tecl_gld_50_50_x1_5,external_fixed,TECL:0.50;GLD:0.50,1.5,-0.12,-0.2,11.5,11.0,0.0115,-0.08149609120471113,-0.010701889913044216,0.1590053308577365,-0.30333759179830955,-0.06730522716008366,-0.03528046045859014,-0.0416706567477525,False,False
ext_fixed_btc_gld_50_50_x1_5,external_fixed,BTC-USD:0.50;GLD:0.50,1.5,-0.08,-0.14,7.5,5.0,0.0075,-0.09016689856688676,-0.011888839674450757,0.1260606550653931,-0.3287032235820696,-0.09431047037066008,-0.036168917191900886,-0.031427602759494966,False,False
ext_fixed_tqqq_gld_50_50_x1_0,external_fixed,TQQQ:0.50;GLD:0.50,1.0,-0.12,-0.2,5.0,6.0,0.005,-0.0952799946321764,-0.012593412058177655,0.11765600902796061,-0.30317331987386653,-0.10703585955550189,-0.04153865539163232,-0.06876639656091399,False,False
ext_fixed_btc_gld_50_50_x2_0,external_fixed,BTC-USD:0.50;GLD:0.50,2.0,-0.08,-0.14,9.0,5.0,0.009000000000000001,-0.09578642841107643,-0.012663386584027214,0.15888952826431868,-0.3876990624201726,-0.0796993151302029,-0.03266292805811108,-0.02574086490350423,False,False
ext_fixed_tqqq_gld_50_50_x1_25,external_fixed,TQQQ:0.50;GLD:0.50,1.25,-0.12,-0.2,9.5,10.0,0.0095,-0.10989092163318048,-0.014626106762416935,0.13127428523808418,-0.30941160223853015,-0.11141638848682707,-0.04727071207608254,-0.06937620405437621,False,False
ext_fixed_tecl_gld_50_50_x1_75,external_fixed,TECL:0.50;GLD:0.50,1.75,-0.12,-0.2,12.25,11.0,0.01225,-0.11981631706341156,-0.016023631320516762,0.16024258733693497,-0.3069945516057866,-0.09999608460405462,-0.05219516514772808,-0.05770405027311352,False,False
ext_fixed_tecl_gld_50_50_x1_5,external_fixed,TECL:0.50;GLD:0.50,1.5,-0.08,-0.14,9.5,8.0,0.0095,-0.13687543479865083,-0.018458089900830643,0.12772761378272032,-0.3012155297852075,-0.1445113500063504,-0.061278679469125796,-0.08832186135757068,False,False
ext_fixed_tqqq_gld_50_50_x1_5,external_fixed,TQQQ:0.50;GLD:0.50,1.5,-0.15,-0.22,11.5,11.0,0.0115,-0.1419312650476936,-0.019187666264840586,0.14340456112449404,-0.3030840099151312,-0.133800948270977,-0.06330807841104343,-0.07714488886037538,False,False
ext_fixed_tqqq_gld_50_50_x1_75,external_fixed,TQQQ:0.50;GLD:0.50,1.75,-0.15,-0.22,12.25,10.0,0.01225,-0.1610366155004791,-0.021978987187527665,0.1446409790811699,-0.3107061548337495,-0.15195546467639337,-0.07073882137702753,-0.07329668124854095,False,False
ext_fixed_tqqq_gld_50_50_x1_5,external_fixed,TQQQ:0.50;GLD:0.50,1.5,-0.12,-0.2,11.5,11.0,0.0115,-0.18033504651224985,-0.02485546177930431,0.13104613878679242,-0.31573834717214966,-0.1896695469962934,-0.07872170739448509,-0.10296010550051943,False,False
ext_fixed_tecl_gld_50_50_x3_0,external_fixed,TECL:0.50;GLD:0.50,3.0,-0.08,-0.14,7.0,2.0,0.007,-0.18492337985404106,-0.025548059390155586,0.14084055579386232,-0.3037260340412663,-0.18139703614595465,-0.08411547423255937,-0.039475402664557874,False,False
ext_fixed_tecl_gld_50_50_x3_0,external_fixed,TECL:0.50;GLD:0.50,3.0,-0.12,-0.2,7.0,2.0,0.007,-0.18492337985404106,-0.025548059390155586,0.14084055579386232,-0.3037260340412663,-0.18139703614595465,-0.08411547423255937,-0.039475402664557874,False,False
ext_fixed_tecl_gld_50_50_x3_0,external_fixed,TECL:0.50;GLD:0.50,3.0,-0.15,-0.22,7.0,2.0,0.007,-0.18492337985404106,-0.025548059390155586,0.14084055579386232,-0.3037260340412663,-0.18139703614595465,-0.08411547423255937,-0.039475402664557874,False,False
ext_fixed_tqqq_gld_50_50_x3_0,external_fixed,TQQQ:0.50;GLD:0.50,3.0,-0.08,-0.14,7.0,2.0,0.007,-0.19318336350321386,-0.02680351239237022,0.13999569217293723,-0.3310667825007383,-0.19145955119290198,-0.08096104414314187,-0.03927974148090499,False,False
ext_fixed_tqqq_gld_50_50_x3_0,external_fixed,TQQQ:0.50;GLD:0.50,3.0,-0.12,-0.2,7.0,2.0,0.007,-0.19318336350321386,-0.02680351239237022,0.13999569217293723,-0.3310667825007383,-0.19145955119290198,-0.08096104414314187,-0.03927974148090499,False,False
ext_fixed_tqqq_gld_50_50_x3_0,external_fixed,TQQQ:0.50;GLD:0.50,3.0,-0.15,-0.22,7.0,2.0,0.007,-0.19318336350321386,-0.02680351239237022,0.13999569217293723,-0.3310667825007383,-0.19145955119290198,-0.08096104414314187,-0.03927974148090499,False,False
ext_fixed_tecl_gld_50_50_x2_5,external_fixed,TECL:0.50;GLD:0.50,2.5,-0.08,-0.14,6.0,2.0,0.006,-0.2051515325574491,-0.0286426456955704,0.13096151632743927,-0.30892312720075943,-0.21871040057260813,-0.0927177125102597,-0.05143642758180588,False,False
ext_fixed_tecl_gld_50_50_x2_5,external_fixed,TECL:0.50;GLD:0.50,2.5,-0.12,-0.2,6.0,2.0,0.006,-0.2051515325574491,-0.0286426456955704,0.13096151632743927,-0.30892312720075943,-0.21871040057260813,-0.0927177125102597,-0.05143642758180588,False,False
ext_fixed_tecl_gld_50_50_x2_5,external_fixed,TECL:0.50;GLD:0.50,2.5,-0.15,-0.22,6.0,2.0,0.006,-0.2051515325574491,-0.0286426456955704,0.13096151632743927,-0.30892312720075943,-0.21871040057260813,-0.0927177125102597,-0.05143642758180588,False,False
ext_fixed_tqqq_gld_50_50_x1_75,external_fixed,TQQQ:0.50;GLD:0.50,1.75,-0.08,-0.14,6.25,5.0,0.00625,-0.2073349367106142,-0.028980772562261836,0.11432644449730417,-0.300845448368379,-0.2534914182776427,-0.09633109864030744,-0.12290351515813518,False,False
ext_fixed_tqqq_gld_50_50_x1_75,external_fixed,TQQQ:0.50;GLD:0.50,1.75,-0.12,-0.2,8.25,7.0,0.00825,-0.21098388782914113,-0.02954767740831976,0.13124192705767815,-0.3040639335790335,-0.22513900908612963,-0.09717587041818497,-0.11308276828074248,False,False
ext_fixed_tecl_gld_50_50_x2_0,external_fixed,TECL:0.50;GLD:0.50,2.0,-0.08,-0.14,5.0,2.0,0.005,-0.22012538879704235,-0.03097802951196804,0.10812616661427232,-0.3078796189647264,-0.2864989158681506,-0.10061734393505657,-0.06729191543574696,False,False
ext_fixed_tecl_gld_50_50_x2_0,external_fixed,TECL:0.50;GLD:0.50,2.0,-0.12,-0.2,5.0,2.0,0.005,-0.22012538879704235,-0.03097802951196804,0.10812616661427232,-0.3078796189647264,-0.2864989158681506,-0.10061734393505657,-0.06729191543574696,False,False
ext_fixed_tecl_gld_50_50_x2_0,external_fixed,TECL:0.50;GLD:0.50,2.0,-0.15,-0.22,5.0,2.0,0.005,-0.22012538879704235,-0.03097802951196804,0.10812616661427232,-0.3078796189647264,-0.2864989158681506,-0.10061734393505657,-0.06729191543574696,False,False
ext_fixed_tecl_gld_50_50_x1_75,external_fixed,TECL:0.50;GLD:0.50,1.75,-0.08,-0.14,12.0,10.0,0.012,-0.22222461512204794,-0.031308557675423065,0.14077570364626185,-0.30924953882148376,-0.2224002925539945,-0.10124043448774915,-0.12067291268662779,False,False
ext_fixed_tqqq_gld_50_50_x2_0,external_fixed,TQQQ:0.50;GLD:0.50,2.0,-0.08,-0.14,5.0,2.0,0.005,-0.2272118351546003,-0.0320969427746014,0.1072663426466154,-0.32774136498033934,-0.299226597855988,-0.09793375571169309,-0.06672220295770034,False,False
ext_fixed_tqqq_gld_50_50_x2_0,external_fixed,TQQQ:0.50;GLD:0.50,2.0,-0.12,-0.2,5.0,2.0,0.005,-0.2272118351546003,-0.0320969427746014,0.1072663426466154,-0.32774136498033934,-0.299226597855988,-0.09793375571169309,-0.06672220295770034,False,False
ext_fixed_tqqq_gld_50_50_x2_0,external_fixed,TQQQ:0.50;GLD:0.50,2.0,-0.15,-0.22,5.0,2.0,0.005,-0.2272118351546003,-0.0320969427746014,0.1072663426466154,-0.32774136498033934,-0.299226597855988,-0.09793375571169309,-0.06672220295770034,False,False
ext_fixed_tqqq_gld_50_50_x1_5,external_fixed,TQQQ:0.50;GLD:0.50,1.5,-0.08,-0.14,8.5,9.0,0.0085,-0.23088164194191263,-0.032679912888161855,0.10300955077546278,-0.31166505348789864,-0.3172512902167351,-0.10485587820140622,-0.1602327575393967,False,False
ext_fixed_tqqq_gld_50_50_x2_5,external_fixed,TQQQ:0.50;GLD:0.50,2.5,-0.08,-0.14,6.0,2.0,0.006,-0.23095014260848834,-0.032690817695568475,0.13157325621346627,-0.3478265710761911,-0.2484609611130277,-0.09398597006094621,-0.05473166045168128,False,False
ext_fixed_tqqq_gld_50_50_x2_5,external_fixed,TQQQ:0.50;GLD:0.50,2.5,-0.12,-0.2,6.0,2.0,0.006,-0.23095014260848834,-0.032690817695568475,0.13157325621346627,-0.3478265710761911,-0.2484609611130277,-0.09398597006094621,-0.05473166045168128,False,False
ext_fixed_tqqq_gld_50_50_x2_5,external_fixed,TQQQ:0.50;GLD:0.50,2.5,-0.15,-0.22,6.0,2.0,0.006,-0.23095014260848834,-0.032690817695568475,0.13157325621346627,-0.3478265710761911,-0.2484609611130277,-0.09398597006094621,-0.05473166045168128,False,False
