file,symbol,generated_at,source_file,action,reason,daily_log_slope,forecast_horizon_return,actual_horizon_return,direction_hit,long_only_return,horizon_rows,prediction_rows,actual_rows
/Users/jettlin/Documents/kronos-预测/Kronos/webui/prediction_results/prediction_20250826_163800.json,BTC_USDT,2025-08-26T16:38:00.302387,/Users/charles/Kronos/data/BTC_USDT_USDT-5m-futures.feather,hold,slope_inside_no_trade_band,0.0,-0.003857716541202705,0.0005831498264394774,True,0.0,20,120,120
/Users/jettlin/Documents/kronos-预测/Kronos/webui/prediction_results/prediction_20250826_164030.json,BTC_USDT,2025-08-26T16:40:30.376779,/Users/charles/Kronos/data/BTC_USDT_USDT-5m-futures.feather,hold,slope_inside_no_trade_band,-0.00010985001411762986,0.005534124635923732,0.0005831498264394774,True,0.0,20,120,120
/Users/jettlin/Documents/kronos-预测/Kronos/webui/prediction_results/prediction_20250826_164422.json,BCH_USDT,2025-08-26T16:44:22.447117,/Users/charles/Kronos/data/BCH_USDT_USDT-5m-futures.feather,hold,slope_inside_no_trade_band,1.992518241276985e-05,0.012389310255960018,0.0049062049062049695,True,0.0,20,120,120
/Users/jettlin/Documents/kronos-预测/Kronos/webui/prediction_results/prediction_20250826_170831.json,BCH_USDT,2025-08-26T17:08:31.462977,/Users/charles/Kronos/data/BCH_USDT_USDT-5m-futures.feather,hold,slope_inside_no_trade_band,-9.379731605454608e-11,0.01554059528954177,0.0049062049062049695,True,0.0,20,120,120
/Users/jettlin/Documents/kronos-预测/Kronos/webui/prediction_results/prediction_20250826_171720.json,BCH_USDT,2025-08-26T17:17:20.963944,/Users/charles/Kronos/data/BCH_USDT_USDT-5m-futures.feather,hold,slope_inside_no_trade_band,-9.379731605454608e-11,0.01554059528954177,0.0049062049062049695,True,0.0,20,120,120
/Users/jettlin/Documents/kronos-预测/Kronos/webui/prediction_results/prediction_20250826_171913.json,BCH_USDT,2025-08-26T17:19:13.484561,/Users/charles/Kronos/data/BCH_USDT_USDT-5m-futures.feather,hold,slope_inside_no_trade_band,-9.379731605454608e-11,0.01554059528954177,0.0049062049062049695,True,0.0,20,120,120
/Users/jettlin/Documents/kronos-预测/Kronos/webui/prediction_results/prediction_20250826_172031.json,BCH_USDT,2025-08-26T17:20:31.700803,/Users/charles/Kronos/data/BCH_USDT_USDT-5m-futures.feather,hold,slope_inside_no_trade_band,-5.304975098558551e-06,-0.016761075660796654,-0.007381676074685317,False,0.0,20,120,120
/Users/jettlin/Documents/kronos-预测/Kronos/webui/prediction_results/prediction_20250826_172153.json,BTC_USDT,2025-08-26T17:21:53.891786,/Users/charles/Kronos/data/BTC_USDT_USDT-5m-futures.feather,hold,slope_inside_no_trade_band,-6.9766428185331254e-06,0.003727122752538392,0.0009210438169531265,True,0.0,20,120,120
/Users/jettlin/Documents/kronos-预测/Kronos/webui/prediction_results/prediction_20250826_172740.json,BTC_USDT,2025-08-26T17:27:40.312779,/Users/charles/Kronos/data/BTC_USDT_USDT-5m-futures.feather,hold,slope_inside_no_trade_band,1.8099826863066156e-05,-0.0009982084525469448,0.0009210438169531265,True,0.0,20,120,120
/Users/jettlin/Documents/kronos-预测/Kronos/webui/prediction_results/prediction_20250826_173322.json,BTC_USDT,2025-08-26T17:33:22.236787,/Users/charles/Kronos/data/BTC_USDT_USDT-5m-futures.feather,hold,slope_inside_no_trade_band,1.809999943072735e-05,0.00036233950993946884,0.0009210438169531265,True,0.0,20,120,120
/Users/jettlin/Documents/kronos-预测/Kronos/webui/prediction_results/prediction_20250826_173455.json,BTC_USDT,2025-08-26T17:34:55.733007,/Users/charles/Kronos/data/BTC_USDT_USDT-5m-futures.feather,hold,slope_inside_no_trade_band,0.0002573194489242142,0.0047615914184657715,0.0007990250280465183,True,0.0,20,120,120
/Users/jettlin/Documents/kronos-预测/Kronos/webui/prediction_results/prediction_20250826_174410.json,BTC_USDT,2025-08-26T17:44:10.054830,/Users/charles/Kronos/data/BTC_USDT_USDT-5m-futures.feather,hold,slope_inside_no_trade_band,5.481796350960416e-06,0.00010973295315142018,0.0007990250280465183,True,0.0,20,120,120
/Users/jettlin/Documents/kronos-预测/Kronos/webui/prediction_results/prediction_20250826_174809.json,BTC_USDT,2025-08-26T17:48:09.112086,/Users/charles/Kronos/data/BTC_USDT_USDT-5m-futures.feather,hold,slope_inside_no_trade_band,5.481796350960416e-06,0.00010973295315142018,0.0007990250280465183,True,0.0,20,120,120
/Users/jettlin/Documents/kronos-预测/Kronos/webui/prediction_results/prediction_20250826_175057.json,BTC_USDT,2025-08-26T17:50:57.301544,/Users/charles/Kronos/data/BTC_USDT_USDT-5m-futures.feather,hold,slope_inside_no_trade_band,4.303202367845562e-05,0.0008606827680031071,0.001446879638762777,True,0.0,20,120,120
/Users/jettlin/Documents/kronos-预测/Kronos/webui/prediction_results/prediction_20250826_175135.json,BTC_USDT,2025-08-26T17:51:35.167889,/Users/charles/Kronos/data/BTC_USDT_USDT-5m-futures.feather,buy,positive_slope_and_buy_filters_passed,0.0021147718915585203,0.09948680966829082,-0.0028595036891557735,False,-0.0038595036891557735,20,120,120
/Users/jettlin/Documents/kronos-预测/Kronos/webui/prediction_results/prediction_20250826_175909.json,BTC_USDT,2025-08-26T17:59:09.111444,/Users/charles/Kronos/data/BTC_USDT_USDT-5m-futures.feather,hold,slope_inside_no_trade_band,0.0,-0.02065140051800196,-0.0028595036891557735,True,0.0,20,120,120
/Users/jettlin/Documents/kronos-预测/Kronos/webui/prediction_results/prediction_20250826_180308.json,BTC_USDT,2025-08-26T18:03:08.713864,/Users/charles/Kronos/data/BTC_USDT_USDT-5m-futures.feather,hold,slope_inside_no_trade_band,0.0,-0.02065140051800196,-0.0028595036891557735,True,0.0,20,120,120
/Users/jettlin/Documents/kronos-预测/Kronos/webui/prediction_results/prediction_20250826_180632.json,BTC_USDT,2025-08-26T18:06:32.780028,/Users/charles/Kronos/data/BTC_USDT_USDT-5m-futures.feather,hold,slope_inside_no_trade_band,0.0,-0.02065133720619261,-0.0028595036891557735,True,0.0,20,120,120
/Users/jettlin/Documents/kronos-预测/Kronos/webui/prediction_results/prediction_20250826_180745.json,BTC_USDT,2025-08-26T18:07:45.265759,/Users/charles/Kronos/data/BTC_USDT_USDT-5m-futures.feather,hold,slope_inside_no_trade_band,-1.6064585195161955e-05,-0.029108275451144694,-0.0028595036891557735,True,0.0,20,120,120
/Users/jettlin/Documents/kronos-预测/Kronos/webui/prediction_results/prediction_20250826_180806.json,BTC_USDT,2025-08-26T18:08:06.708529,/Users/charles/Kronos/data/BTC_USDT_USDT-5m-futures.feather,hold,slope_inside_no_trade_band,-0.00019623470916569095,-0.015862305323783632,-0.0028595036891557735,True,0.0,20,120,120
/Users/jettlin/Documents/kronos-预测/Kronos/webui/prediction_results/prediction_20250826_181012.json,BTC_USDT,2025-08-26T18:10:12.745009,/Users/charles/Kronos/data/BTC_USDT_USDT-5m-futures.feather,hold,slope_inside_no_trade_band,-0.00021644497095365357,-0.010716448083911145,-0.0028595036891557735,True,0.0,20,120,120
/Users/jettlin/Documents/kronos-预测/Kronos/webui/prediction_results/prediction_20250826_181139.json,BTC_USDT,2025-08-26T18:11:39.742082,/Users/charles/Kronos/data/BTC_USDT_USDT-5m-futures.feather,hold,slope_inside_no_trade_band,-0.0004698059352950899,0.026529636106005672,-0.0028595036891557735,True,0.0,20,120,120
/Users/jettlin/Documents/kronos-预测/Kronos/webui/prediction_results/prediction_20250826_181240.json,BTC_USDT,2025-08-26T18:12:40.293407,/Users/charles/Kronos/data/BTC_USDT_USDT-5m-futures.feather,hold,slope_inside_no_trade_band,-0.0002408845536565544,0.01649932124832576,-0.00013618643636970074,True,0.0,20,120,120
/Users/jettlin/Documents/kronos-预测/Kronos/webui/prediction_results/prediction_20250826_181434.json,BTC_USDT,2025-08-26T18:14:34.105087,/Users/charles/Kronos/data/BTC_USDT_USDT-5m-futures.feather,hold,slope_inside_no_trade_band,0.0,0.01141044595817764,-0.00013618643636970074,True,0.0,20,120,120
/Users/jettlin/Documents/kronos-预测/Kronos/webui/prediction_results/prediction_20250826_181513.json,BTC_USDT,2025-08-26T18:15:13.692886,/Users/charles/Kronos/data/BTC_USDT_USDT-5m-futures.feather,hold,slope_inside_no_trade_band,0.0001138244818373003,0.0036185947321614176,-0.00013618643636970074,True,0.0,20,120,120
/Users/jettlin/Documents/kronos-预测/Kronos/webui/prediction_results/prediction_20250826_181612.json,BTC_USDT,2025-08-26T18:16:12.251254,/Users/charles/Kronos/data/BTC_USDT_USDT-5m-futures.feather,hold,slope_inside_no_trade_band,-0.00018105118464876508,0.014182268675655418,-0.00013618643636970074,True,0.0,20,120,120
/Users/jettlin/Documents/kronos-预测/Kronos/webui/prediction_results/prediction_20250826_181648.json,BTC_USDT,2025-08-26T18:16:48.070871,/Users/charles/Kronos/data/BTC_USDT_USDT-5m-futures.feather,hold,slope_inside_no_trade_band,-0.00016044773222397015,0.01661130412232903,-0.00013618643636970074,True,0.0,20,120,120
/Users/jettlin/Documents/kronos-预测/Kronos/webui/prediction_results/prediction_20250826_181800.json,BTC_USDT,2025-08-26T18:18:00.682200,/Users/charles/Kronos/data/BTC_USDT_USDT-5m-futures.feather,hold,slope_inside_no_trade_band,-6.627069751643324e-05,0.009703414009188727,-0.00013618643636970074,True,0.0,20,120,120
/Users/jettlin/Documents/kronos-预测/Kronos/webui/prediction_results/prediction_20250826_181932.json,BTC_USDT,2025-08-26T18:19:32.369389,/Users/charles/Kronos/data/BTC_USDT_USDT-5m-futures.feather,hold,slope_inside_no_trade_band,-2.030022270462745e-05,0.0007122217973742906,0.0004616348381594193,True,0.0,20,120,120
