date,open,high,low,close,volume,amount
2024-06-03,9.86,10.11,9.82,9.94,217733.75,219373.733
2024-06-04,9.92,10.0,9.79,9.97,151261.03,151309.724
2024-06-05,9.97,10.05,9.87,9.87,131482.73,132595.256
2024-06-06,9.85,9.99,9.67,9.71,156356.0,154827.143
2024-06-07,9.75,9.83,9.59,9.76,145246.0,142575.99
2024-06-11,9.71,9.95,9.56,9.91,160508.88,158843.224
2024-06-12,9.91,10.09,9.88,10.03,146872.16,148909.876
2024-06-13,9.99,10.15,9.88,9.93,192248.07,194770.451
2024-06-14,9.95,10.13,9.9,10.11,228209.99,231958.647
2024-06-17,10.11,10.35,10.04,10.25,246988.36,255615.051
2024-06-18,10.27,10.55,10.27,10.53,281105.48,296742.754
2024-06-19,10.6,10.66,10.38,10.5,234040.83,248090.971
2024-06-20,10.46,10.55,10.38,10.41,185227.65,195851.73
2024-06-21,10.4,10.61,10.28,10.47,192462.92,203948.14
2024-06-24,10.41,10.65,10.2,10.26,270781.0,284761.74
2024-06-25,10.17,10.32,9.95,10.06,217656.71,222885.302
2024-06-26,10.04,10.4,9.94,10.39,181501.26,187142.688
2024-06-27,10.32,10.46,10.19,10.22,195873.99,204240.463
2024-06-28,10.25,10.66,10.19,10.5,276035.77,293653.13
2024-07-01,10.48,10.51,10.13,10.43,273134.91,284223.035
2024-07-02,10.97,11.06,10.63,10.68,608301.6,665791.858
2024-07-03,10.68,10.86,10.53,10.6,354355.51,382320.71
2024-07-04,10.62,10.83,10.53,10.58,251180.01,271364.352
2024-07-05,10.53,10.6,10.31,10.53,224157.38,236458.755
2024-07-08,10.53,10.59,10.25,10.32,226889.66,239264.186
2024-07-09,10.39,10.86,10.26,10.82,394291.92,424236.478
2024-07-10,10.8,10.93,10.75,10.83,265012.21,290833.349
2024-07-11,11.02,11.17,10.88,11.13,357342.36,399200.454
2024-07-12,11.11,11.13,10.93,11.07,231309.4,258295.942
2024-07-15,11.01,11.12,10.84,10.91,214290.0,237389.215
2024-07-16,10.84,10.97,10.76,10.91,226293.53,248920.733
2024-07-17,10.91,10.92,10.6,10.6,200662.42,216912.068
2024-07-18,10.49,10.54,10.2,10.47,236853.91,248192.689
2024-07-19,10.45,10.62,10.35,10.5,191262.8,203237.82
2024-07-22,10.46,10.6,10.41,10.46,166536.81,176652.029
2024-07-23,10.48,10.5,10.03,10.06,200473.49,207454.604
2024-07-24,10.05,10.2,9.87,9.9,174701.84,176818.615
2024-07-25,9.81,9.91,9.69,9.76,143063.0,141580.83
2024-07-26,9.78,10.32,9.78,10.28,237784.22,244042.252
2024-07-29,10.25,10.25,10.0,10.03,170080.86,173171.507
2024-07-30,10.01,10.1,9.89,10.07,124175.32,125410.897
2024-07-31,10.0,10.19,9.75,10.17,414832.6,421034.771
2024-08-01,10.26,10.57,10.19,10.35,406754.22,426216.399
2024-08-02,10.22,10.27,9.9,9.94,271497.42,276658.746
2024-08-05,9.76,9.91,9.34,9.35,354935.3,344283.361
2024-08-06,9.53,9.6,9.34,9.44,199820.06,191190.277
2024-08-07,9.38,9.62,9.38,9.49,149339.56,143881.988
2024-08-08,9.5,9.53,9.28,9.47,152954.99,145414.437
2024-08-09,9.55,9.66,9.49,9.5,126251.99,122334.118
2024-08-12,9.43,9.6,9.41,9.49,103507.98,99484.692
2024-08-13,9.48,9.54,9.37,9.53,112326.51,107412.062
2024-08-14,9.51,9.54,9.36,9.37,101423.3,96540.247
2024-08-15,9.32,9.63,9.31,9.4,155222.33,148860.582
2024-08-16,9.49,9.6,9.44,9.47,144017.0,138850.433
2024-08-19,9.47,9.63,9.41,9.46,124865.14,120112.458
2024-08-20,9.48,9.51,9.29,9.35,112977.26,107041.668
2024-08-21,9.3,9.47,9.28,9.36,90675.08,86146.575
2024-08-22,9.37,9.4,9.2,9.24,117765.49,110295.273
2024-08-23,9.23,9.37,9.2,9.35,118113.0,111196.487
2024-08-26,9.32,9.45,9.27,9.32,108178.4,102227.384
2024-08-27,9.3,9.3,9.04,9.09,152631.0,140982.166
2024-08-28,9.09,9.3,9.08,9.24,103155.26,96073.442
2024-08-29,9.23,9.6,9.18,9.54,152748.01,145895.318
2024-08-30,9.54,9.85,9.5,9.73,201788.5,198703.069
2024-09-02,9.73,9.77,9.5,9.51,167325.3,163221.846
2024-09-03,9.54,9.71,9.49,9.65,140983.24,137190.032
2024-09-04,9.56,9.71,9.48,9.63,114170.63,110780.954
2024-09-05,9.64,9.74,9.54,9.59,116810.0,113769.576
2024-09-06,9.59,9.65,9.23,9.26,180996.0,171486.26
2024-09-09,9.2,9.38,9.12,9.15,145435.0,135846.01
2024-09-10,9.15,9.29,8.98,9.24,122255.63,112623.625
2024-09-11,9.19,9.26,9.09,9.18,103957.0,96424.152
2024-09-12,9.22,9.34,9.12,9.13,105675.02,98556.217
2024-09-13,9.2,9.2,8.93,8.95,127078.55,115858.055
2024-09-18,8.96,9.02,8.8,8.93,108527.0,97584.758
2024-09-19,8.96,9.17,8.88,9.03,143949.52,131325.12
2024-09-20,9.03,9.1,8.91,8.98,113986.37,103519.68
2024-09-23,9.0,9.2,8.95,9.11,125755.0,115724.046
2024-09-24,9.16,9.4,9.05,9.39,219348.87,205568.21
2024-09-25,9.49,9.65,9.37,9.39,199055.62,191608.796
2024-09-26,9.38,9.69,9.35,9.69,199874.4,192453.536
2024-09-27,9.84,10.38,9.84,10.27,366606.19,374463.512
2024-09-30,10.63,11.25,10.59,11.17,581338.09,645318.811
2024-10-08,12.29,12.29,11.32,12.11,727995.22,880938.746
2024-10-09,11.87,11.97,11.14,11.25,595012.46,699042.933
2024-10-10,11.44,11.63,11.04,11.15,368840.18,422697.649
2024-10-11,11.15,11.2,10.5,10.67,330959.1,360156.261
2024-10-14,10.68,10.89,10.36,10.87,312938.27,337965.517
2024-10-15,10.93,11.0,10.66,10.66,287145.42,314182.281
2024-10-16,10.44,10.69,10.43,10.52,208762.25,222316.091
2024-10-17,10.6,10.71,10.4,10.41,208517.97,222761.396
2024-10-18,10.38,11.15,10.37,10.93,388382.43,424301.017
2024-10-21,11.04,11.33,10.88,11.09,399230.19,449192.759
2024-10-22,11.1,11.27,10.94,11.2,318564.13,358135.358
2024-10-23,11.2,11.32,11.06,11.17,287253.59,325399.699
2024-10-24,11.12,11.17,11.0,11.13,233705.54,262003.208
2024-10-25,11.24,11.33,11.09,11.32,379478.84,431250.824
2024-10-28,11.38,11.42,11.06,11.27,356621.4,404053.407
2024-10-29,11.35,11.52,11.23,11.3,478007.38,549956.634
2024-10-30,11.22,11.52,11.17,11.34,362825.08,415837.852
2024-10-31,11.38,11.6,11.17,11.49,505745.52,583958.495
2024-11-01,11.49,11.49,11.07,11.1,391465.79,444914.858
2024-11-04,11.08,11.96,11.08,11.95,761014.58,899638.853
2024-11-05,12.11,12.12,11.63,11.95,823611.3,989970.146
2024-11-06,11.95,12.2,11.65,11.76,659920.57,791696.381
2024-11-07,11.67,11.8,11.53,11.7,531818.84,626506.239
2024-11-08,11.79,12.0,11.65,11.68,488399.06,584476.5
2024-11-11,11.77,12.41,11.77,12.34,743367.45,914346.503
2024-11-12,12.46,12.61,12.04,12.18,636502.12,793739.911
2024-11-13,12.1,12.21,11.83,12.09,353404.41,429454.774
2024-11-14,12.12,12.22,11.75,11.79,385101.26,466356.761
2024-11-15,11.71,12.4,11.7,11.85,596251.46,728794.103
2024-11-18,12.01,12.11,11.42,11.53,459545.12,541787.704
2024-11-19,11.51,11.97,11.49,11.97,425306.24,507201.133
2024-11-20,12.01,12.85,11.97,12.85,1116415.05,1418185.097
2024-11-21,12.85,13.13,12.52,12.8,956957.72,1238434.338
2024-11-22,12.69,12.99,12.09,12.12,729184.43,927641.617
2024-11-25,12.23,12.3,11.43,11.71,696450.77,827678.486
2024-11-26,11.62,11.75,11.33,11.34,422496.12,491451.85
2024-11-27,11.27,11.73,11.08,11.72,460392.92,530304.219
2024-11-28,11.77,12.14,11.64,11.7,445254.21,533188.108
2024-11-29,11.69,12.38,11.58,12.27,662737.26,808091.012
2024-12-02,12.44,12.65,12.24,12.5,599060.99,753415.922
2024-12-03,12.49,12.5,12.14,12.3,452340.71,564185.215
2024-12-04,12.27,12.51,12.03,12.22,480254.95,595036.693
2024-12-05,12.32,12.74,12.25,12.58,712051.99,905911.435
2024-12-06,12.56,12.7,12.23,12.5,570033.37,716560.141
2024-12-09,12.58,12.84,12.48,12.6,579108.47,739826.767
2024-12-10,13.0,13.85,12.81,13.85,1427805.03,1963471.971
2024-12-11,14.02,14.34,13.62,14.0,2151415.76,3044228.989
2024-12-12,13.97,13.99,13.28,13.61,1242786.27,1698721.677
2024-12-13,13.64,14.63,13.64,14.04,1682990.75,2425256.443
2024-12-16,14.1,14.21,13.35,13.46,1009819.21,1401028.865
2024-12-17,13.55,13.81,13.29,13.35,651994.87,890833.959
2024-12-18,13.51,13.55,13.13,13.28,553549.19,744562.843
2024-12-19,13.08,13.48,13.05,13.38,470781.03,634307.817
2024-12-20,13.43,13.76,13.3,13.59,633376.96,870000.883
2024-12-23,13.62,13.72,13.03,13.08,579541.64,780382.832
2024-12-24,13.14,13.52,13.14,13.47,469950.31,635293.925
2024-12-25,13.41,13.48,13.07,13.26,373460.32,500761.345
2024-12-26,13.16,13.62,12.95,13.57,482095.51,656883.871
2024-12-27,13.57,13.96,13.47,13.71,649534.36,903160.731
2024-12-30,13.79,14.33,13.65,14.14,862895.46,1228357.835
2024-12-31,14.15,14.15,13.45,13.46,642415.16,889921.815
2025-01-02,13.35,13.51,12.61,12.77,665951.65,879515.368
2025-01-03,12.78,12.84,12.18,12.23,534290.89,674480.708
2025-01-06,12.26,12.43,12.04,12.2,351434.49,434024.68
2025-01-07,12.2,12.55,12.19,12.44,408150.6,510903.651
2025-01-08,12.35,12.55,11.76,12.39,562511.6,692797.877
2025-01-09,12.3,12.85,12.26,12.68,527585.0,675777.819
2025-01-10,12.57,13.13,12.51,12.6,589953.46,766689.085
2025-01-13,12.43,12.97,12.4,12.69,467530.44,600791.11
2025-01-14,12.67,13.95,12.57,13.89,1225618.12,1682726.328
2025-01-15,13.91,14.02,13.61,13.65,828920.63,1150340.589
2025-01-16,13.79,14.02,13.53,13.74,598644.51,833300.65
2025-01-17,13.7,13.96,13.66,13.89,586907.12,821053.55
2025-01-20,14.07,14.28,13.94,14.12,710725.4,1013874.866
2025-01-21,14.16,14.51,14.04,14.45,778680.67,1127247.612
2025-01-22,14.33,14.52,14.17,14.28,548645.32,793932.181
2025-01-23,14.39,14.56,14.04,14.09,738844.51,1067468.247
2025-01-24,13.97,14.56,13.95,14.51,660730.14,957091.565
2025-01-27,14.53,14.59,14.11,14.13,490835.03,708253.273
2025-02-05,14.31,14.5,14.08,14.26,576172.23,832676.757
2025-02-06,14.11,15.48,14.04,15.18,1113127.66,1685500.159
2025-02-07,15.13,15.4,14.76,14.98,949093.2,1451459.394
2025-02-10,15.18,15.38,14.71,14.86,744491.24,1126013.543
2025-02-11,14.83,14.99,14.63,14.88,552385.89,829225.905
2025-02-12,14.81,15.24,14.65,15.07,568057.53,860143.454
2025-02-13,15.11,15.13,14.35,14.36,786656.27,1160841.412
2025-02-14,14.38,14.57,14.25,14.51,419227.42,611817.937
2025-02-17,14.52,15.05,14.43,14.89,679135.55,1016299.873
2025-02-18,14.82,15.02,14.63,14.71,555186.35,831860.725
2025-02-19,14.82,15.64,14.81,15.6,1155617.98,1795086.569
2025-02-20,15.6,16.94,15.38,16.56,1378519.59,2256261.451
2025-02-21,16.42,17.19,16.4,16.78,1228811.67,2091081.941
2025-02-24,16.77,17.0,16.58,16.73,810731.86,1374859.061
2025-02-25,16.51,17.58,16.45,17.19,1039022.31,1792550.134
2025-02-26,17.11,18.26,16.89,17.46,1209009.02,2157661.46
2025-02-27,17.4,18.24,17.2,17.71,1194447.39,2141675.363
2025-02-28,17.28,17.29,16.12,16.21,1277470.91,2127362.908
2025-03-03,16.18,16.32,15.65,15.78,757320.15,1219261.906
2025-03-04,15.68,16.4,15.62,16.11,618828.71,1009429.011
2025-03-05,16.12,16.56,16.12,16.47,594240.12,982679.05
2025-03-06,16.69,18.08,16.59,17.69,1246888.84,2216435.249
2025-03-07,17.68,18.35,17.41,17.75,957182.77,1734439.779
2025-03-10,17.74,17.9,17.43,17.58,507723.47,903110.671
2025-03-11,17.36,17.71,17.07,17.48,617857.86,1085621.117
2025-03-12,17.62,17.74,17.35,17.48,506073.57,895649.39
2025-03-13,17.53,17.54,16.3,16.53,771193.31,1302932.077
2025-03-14,16.61,17.08,16.37,16.98,540766.57,917948.89
2025-03-17,16.99,17.02,16.52,16.88,435260.83,738815.417
2025-03-18,16.94,17.07,16.71,16.88,382187.08,651964.09
2025-03-19,16.8,16.88,16.43,16.66,430147.27,723707.457
2025-03-20,16.64,16.79,16.46,16.49,395407.6,663581.129
2025-03-21,16.32,16.33,15.49,15.52,740919.65,1181653.755
2025-03-24,15.55,15.79,15.3,15.74,415780.35,653946.775
2025-03-25,15.8,16.0,15.18,15.28,395723.48,620627.26
2025-03-26,15.29,15.7,15.28,15.44,319152.02,500645.554
2025-03-27,15.34,15.72,15.24,15.47,292439.72,458972.68
2025-03-28,15.51,15.66,15.34,15.36,264876.25,413908.777
2025-03-31,15.26,15.27,14.64,14.97,471115.59,707947.817
2025-04-01,15.04,15.11,14.55,14.59,362927.98,540391.132
2025-04-02,14.69,14.95,14.61,14.92,320822.99,481413.272
2025-04-03,14.65,14.88,14.09,14.12,497549.71,723922.84
2025-04-07,12.71,12.97,12.71,12.71,184239.71,237186.962
2025-04-08,12.46,12.6,11.44,11.52,916902.79,1089565.072
2025-04-09,11.15,11.8,10.56,11.72,789208.51,905282.969
2025-04-10,12.36,12.78,12.25,12.35,689043.59,870473.408
2025-04-11,12.18,12.88,12.16,12.65,475798.0,604322.409
2025-04-14,13.01,13.12,12.75,12.84,470544.93,614609.548
2025-04-15,12.83,12.92,12.61,12.77,327749.94,422296.817
2025-04-16,12.73,12.73,12.18,12.39,307547.7,386215.687
2025-04-17,12.31,12.57,12.24,12.35,200247.23,251812.868
2025-04-18,12.35,12.43,12.21,12.37,163680.0,204189.095
2025-04-21,12.37,12.83,12.26,12.8,337822.6,430137.458
2025-04-22,12.77,13.07,12.66,12.89,375621.51,490178.962
2025-04-23,13.02,13.57,13.02,13.46,578719.64,781942.665
2025-04-24,13.37,13.5,12.97,13.08,520928.02,692713.332
2025-04-25,13.26,13.53,13.12,13.32,370706.86,499929.716
2025-04-28,13.35,13.45,13.23,13.28,237914.64,320589.026
2025-04-29,13.25,13.53,13.19,13.44,269865.13,366164.963
2025-04-30,13.48,14.08,13.42,13.83,425944.38,593456.569
2025-05-06,14.12,14.29,14.04,14.25,381094.74,546498.989
2025-05-07,14.42,14.59,14.15,14.35,423906.35,615884.744
2025-05-08,14.28,14.6,14.24,14.45,300361.88,439684.306
2025-05-09,14.44,14.47,14.1,14.24,258944.42,373325.059
2025-05-12,14.49,14.63,14.37,14.53,284748.5,417616.107
2025-05-13,14.72,14.77,14.32,14.33,289073.84,422910.316
2025-05-14,14.32,14.45,14.11,14.28,299477.0,429609.334
2025-05-15,14.28,14.32,13.84,13.86,268736.7,377294.76
2025-05-16,13.82,14.11,13.79,13.9,215885.63,304392.966
2025-05-19,13.9,14.01,13.64,13.95,204796.12,285066.536
2025-05-20,13.92,14.05,13.75,13.97,193616.0,271599.164
2025-05-21,13.97,13.97,13.7,13.79,195927.0,272149.74
2025-05-22,13.75,13.86,13.55,13.57,189776.8,261001.832
2025-05-23,13.63,13.88,13.46,13.47,248487.0,342281.983
2025-05-26,13.49,13.6,13.41,13.52,145988.0,198417.779
2025-05-27,13.56,13.56,13.24,13.3,171684.25,230358.251
2025-05-28,13.31,13.47,13.23,13.28,153995.81,206248.908
2025-05-29,13.31,13.64,13.28,13.56,213251.19,289775.001
2025-05-30,13.47,13.48,13.14,13.23,184859.36,246539.36
2025-06-03,13.16,13.28,13.06,13.18,181382.64,240175.378
2025-06-04,13.2,13.37,13.19,13.28,142289.88,190453.703
2025-06-05,13.31,13.55,13.18,13.52,193176.0,260800.99
2025-06-06,13.52,13.53,13.38,13.46,124674.89,168722.687
2025-06-09,13.48,13.55,13.41,13.46,172581.85,234203.328
2025-06-10,13.49,13.5,12.95,13.09,308943.7,408876.588
2025-06-11,13.12,13.3,13.1,13.15,152004.95,202104.398
2025-06-12,13.15,13.2,13.04,13.15,156025.48,206092.224
2025-06-13,13.05,13.16,12.85,12.87,211501.63,276172.485
2025-06-16,12.83,13.0,12.79,12.83,151660.0,196507.612
2025-06-17,12.87,12.95,12.77,12.86,133082.92,172160.082
2025-06-18,12.83,13.14,12.81,13.06,174583.63,228033.593
2025-06-19,13.04,13.16,12.94,13.01,177999.16,233614.146
2025-06-20,12.98,13.08,12.76,12.78,174028.0,225217.92
2025-06-23,12.66,12.86,12.62,12.82,185984.32,238235.208
2025-06-24,12.91,13.49,12.91,13.47,391533.47,523683.805
2025-06-25,13.48,13.69,13.42,13.67,315213.16,430861.358
2025-06-26,13.76,13.89,13.59,13.61,274289.0,379277.926
2025-06-27,13.63,13.79,13.52,13.62,205207.64,282182.795
2025-06-30,13.66,13.76,13.61,13.72,194412.82,267833.191
2025-07-01,13.71,13.71,13.5,13.65,204278.01,279678.847
2025-07-02,13.6,13.6,13.28,13.36,225096.3,302865.805
2025-07-03,13.32,13.62,13.31,13.61,214469.48,291389.07
2025-07-04,13.52,13.56,13.32,13.35,195047.68,263119.279
2025-07-07,13.33,13.35,13.12,13.22,176415.19,234399.287
2025-07-08,13.18,13.53,13.18,13.51,235286.52,317795.705
2025-07-09,13.54,13.71,13.43,13.47,202216.69,276149.298
2025-07-10,13.43,13.51,13.32,13.46,158349.1,213675.176
2025-07-11,13.43,13.69,13.37,13.61,216339.5,295496.522
2025-07-14,13.61,13.72,13.56,13.7,214217.24,294406.983
2025-07-15,13.72,13.77,13.58,13.74,222668.83,306800.899
2025-07-16,13.76,13.93,13.69,13.86,257893.33,359034.827
2025-07-17,13.86,14.17,13.76,14.16,340943.32,481096.689
2025-07-18,14.2,14.26,13.94,14.04,277158.28,390835.553
2025-07-21,14.13,14.32,14.04,14.11,306825.21,436809.526
2025-07-22,14.1,14.14,13.88,14.03,330803.24,465519.696
2025-07-23,14.03,14.07,13.84,13.9,241883.61,339175.92
2025-07-24,13.91,14.31,13.91,14.28,405172.31,576606.131
2025-07-25,14.27,14.4,14.17,14.26,241834.59,346968.92
2025-07-28,14.31,14.43,14.23,14.29,223245.88,321066.127
2025-07-29,14.26,14.29,14.05,14.2,246119.13,350152.01
2025-07-30,14.16,14.2,13.84,13.94,280715.31,395246.909
2025-07-31,13.89,14.1,13.71,13.77,294858.36,413229.099
2025-08-01,13.85,14.33,13.79,14.08,383435.87,541795.562
2025-08-04,13.98,14.19,13.92,14.17,230320.5,326770.211
2025-08-05,14.2,14.59,14.18,14.56,472372.92,685420.82
2025-08-06,14.62,15.13,14.52,15.1,816385.8,1227502.831
2025-08-07,15.1,15.1,14.77,14.86,498858.75,746902.905
2025-08-08,14.81,14.84,14.7,14.72,259906.73,385821.344
2025-08-11,14.72,14.97,14.66,14.89,333518.3,498822.77
2025-08-12,14.89,14.89,14.69,14.81,253340.12,376368.52
2025-08-13,14.79,14.96,14.74,14.89,317364.91,474028.8
2025-08-14,14.91,15.22,14.83,14.94,551659.72,834919.434
2025-08-15,14.88,15.2,14.85,15.2,454499.66,690921.865
2025-08-18,15.3,15.64,15.14,15.54,569257.6,884797.15
2025-08-19,15.62,15.87,15.42,15.53,626479.38,984418.756
2025-08-20,15.5,15.75,15.31,15.75,445330.75,699936.039
2025-08-21,15.85,15.88,15.37,15.44,461142.92,722772.763
2025-08-22,15.35,15.62,15.33,15.61,396653.45,619642.517
2025-08-25,15.12,15.27,14.9,15.03,1256893.73,1901943.874
2025-08-26,15.0,15.1,14.85,14.96,553272.7,835000.6
2025-08-27,15.11,15.85,15.03,15.04,1097840.24,1717724.205
2025-08-28,15.05,15.4,14.77,15.25,684894.75,1038872.135
2025-08-29,15.17,15.34,14.94,15.1,496977.52,755798.959
2025-09-01,15.09,15.23,14.8,14.83,498407.75,747845.206
2025-09-02,14.8,14.85,14.12,14.47,650703.62,943716.102
2025-09-03,14.56,14.68,14.19,14.23,365725.66,531704.699
2025-09-04,14.38,14.66,13.82,14.05,458381.41,657443.175
2025-09-05,14.06,14.45,13.96,14.42,366921.19,526083.655
2025-09-08,14.45,15.08,14.43,14.85,513060.94,762754.018
2025-09-09,14.88,14.88,14.47,14.51,319498.76,469469.948
2025-09-10,14.55,14.67,14.36,14.38,280314.73,408570.663
2025-09-11,14.4,14.74,14.23,14.73,368604.94,539842.492
2025-09-12,14.79,14.81,14.52,14.52,329617.69,485086.837
2025-09-15,14.64,15.0,14.62,14.71,495162.33,737286.857
2025-09-16,14.72,15.26,14.67,15.2,694388.89,1049170.061
2025-09-17,15.4,15.76,15.21,15.66,794075.45,1243650.759
2025-09-18,15.81,16.84,15.73,16.17,1376509.53,2268984.904
2025-09-19,16.23,16.3,15.55,15.6,759104.34,1209723.469
2025-09-22,15.64,15.96,15.5,15.77,557167.09,880632.385
2025-09-23,15.66,15.73,15.09,15.47,509914.41,788709.01
2025-09-24,15.32,15.82,15.16,15.75,535754.03,840557.828
2025-09-25,15.71,15.97,15.59,15.64,455473.36,721512.954
2025-09-26,15.64,16.11,15.52,15.52,577815.06,918802.277
2025-09-29,15.49,15.78,15.43,15.55,349602.04,547369.956
2025-09-30,15.69,15.72,15.37,15.55,350486.0,547767.275
2025-10-09,15.52,15.75,15.41,15.68,456571.97,716115.41
2025-10-10,15.53,15.65,15.26,15.27,505404.5,784508.58
2025-10-13,14.56,14.81,14.3,14.76,498587.56,731038.661
2025-10-14,14.82,14.98,14.1,14.14,496622.62,724419.518
2025-10-15,14.2,14.52,13.97,14.49,316454.63,454273.61
2025-10-16,14.49,14.51,14.17,14.25,211406.01,304215.722
2025-10-17,14.24,14.26,13.73,13.75,279856.08,393021.91
2025-10-20,13.93,14.08,13.85,13.91,184760.12,259424.362
2025-10-21,13.98,14.09,13.91,14.06,181981.0,256924.17
2025-10-22,13.99,14.02,13.8,13.9,169046.87,236463.71
2025-10-23,13.97,13.97,13.71,13.94,159998.83,222303.992
2025-10-24,14.03,14.15,14.01,14.14,231059.99,327580.299
2025-10-27,14.26,14.33,14.12,14.17,229197.19,328016.102
2025-10-28,13.76,13.86,13.64,13.74,447756.48,620151.825
2025-10-29,13.71,13.8,13.6,13.79,244406.93,337020.9
2025-10-30,13.72,13.77,13.54,13.55,245306.18,336746.162
2025-10-31,13.55,13.88,13.55,13.7,232294.47,321242.027
2025-11-03,13.74,13.76,13.51,13.74,198051.68,271576.996
2025-11-04,13.66,13.72,13.51,13.58,157337.58,215252.859
2025-11-05,13.45,13.68,13.42,13.63,147580.65,201972.441
2025-11-06,13.67,13.89,13.67,13.86,219559.88,304921.448
2025-11-07,13.79,13.82,13.7,13.73,135338.8,187470.085
2025-11-10,13.74,13.8,13.6,13.69,154106.11,212017.118
2025-11-11,13.74,13.78,13.61,13.63,123001.48,169395.881
2025-11-12,13.61,13.65,13.38,13.42,177292.55,240763.158
2025-11-13,13.48,13.65,13.43,13.62,135507.62,184950.452
2025-11-14,13.51,13.58,13.44,13.45,121471.84,165099.863
2025-11-17,13.5,13.52,13.31,13.33,145790.54,196367.264
2025-11-18,13.34,13.36,13.11,13.19,141229.75,187905.611
2025-11-19,13.18,13.3,12.93,13.11,133949.04,176373.623
2025-11-20,13.15,13.24,12.96,12.97,90505.58,118887.531
2025-11-21,12.83,12.91,12.62,12.63,201814.64,258774.919
2025-11-24,12.72,12.75,12.49,12.67,172143.73,218347.893
2025-11-25,12.7,12.88,12.67,12.75,134716.46,173428.812
2025-11-26,12.73,12.86,12.67,12.8,116561.57,150165.822
2025-11-27,12.81,12.9,12.68,12.7,119422.99,154056.927
2025-11-28,12.7,12.81,12.65,12.8,85556.37,109859.918
2025-12-01,12.97,13.52,12.92,13.34,405293.47,542295.124
2025-12-02,13.29,13.4,13.24,13.33,137323.23,183966.669
2025-12-03,13.36,13.38,13.15,13.22,109028.93,145177.534
2025-12-04,13.33,13.4,13.19,13.25,124512.0,166414.854
2025-12-05,13.23,13.34,13.1,13.3,135769.21,180775.175
2025-12-08,13.35,13.4,13.28,13.34,151459.24,203346.533
2025-12-09,13.34,13.51,13.29,13.5,207634.38,281282.133
2025-12-10,13.5,13.54,13.34,13.52,141879.67,192033.555
2025-12-11,13.53,13.62,13.42,13.51,179864.78,245020.666
2025-12-12,13.53,13.94,13.46,13.74,488238.62,676875.087
2025-12-15,13.73,13.84,13.41,13.42,230906.0,316726.074
2025-12-16,13.41,13.46,13.21,13.23,167586.59,224713.119
2025-12-17,13.22,13.45,13.2,13.41,124239.18,166475.802
2025-12-18,13.36,13.42,13.24,13.26,119982.34,160576.705
2025-12-19,13.28,13.42,13.27,13.31,132944.23,178536.066
2025-12-22,13.31,13.48,13.31,13.39,139044.07,187790.475
2025-12-23,13.36,13.39,13.23,13.26,120581.16,161418.113
2025-12-24,13.28,13.45,13.25,13.4,126674.2,170466.293
2025-12-25,13.47,13.66,13.43,13.59,185212.13,252714.186
2025-12-26,13.58,13.71,13.46,13.55,164593.94,225202.566
2025-12-29,13.57,13.64,13.47,13.51,149644.33,204108.134
2025-12-30,13.47,13.86,13.44,13.81,289555.42,399577.954
2025-12-31,13.89,13.94,13.68,13.69,195943.07,271268.135
2026-01-05,13.68,13.85,13.66,13.84,216437.64,300814.296
2026-01-06,13.88,13.97,13.79,13.94,246615.32,345100.747
2026-01-07,13.95,14.08,13.81,13.85,258118.17,362123.536
2026-01-08,13.78,13.95,13.77,13.85,251799.11,351908.001
2026-01-09,13.76,14.03,13.76,13.95,257810.6,361538.564
2026-01-12,13.95,14.33,13.95,14.32,456530.38,651153.476
2026-01-13,14.39,14.4,13.87,13.9,366031.87,518583.974
2026-01-14,13.91,14.19,13.76,13.93,379296.41,535497.738
2026-01-15,13.82,13.96,13.73,13.85,206221.69,286984.66
2026-01-16,13.91,14.15,13.87,14.12,300066.7,424124.554
2026-01-19,14.23,14.23,14.04,14.09,236978.73,336917.056
2026-01-20,14.13,14.56,14.13,14.4,530066.66,768432.765
2026-01-21,14.26,14.4,14.2,14.32,312645.34,450238.514
2026-01-22,14.36,14.4,14.18,14.25,266597.97,382870.977
2026-01-23,14.27,14.38,14.2,14.32,305938.8,439774.964
2026-01-26,14.34,14.39,13.78,13.82,451514.63,635703.301
2026-01-27,13.81,13.96,13.42,13.91,297248.33,410513.769
2026-01-28,13.87,14.01,13.71,13.74,222864.95,309162.857
2026-01-29,13.72,13.79,13.41,13.45,236977.85,323613.08
2026-01-30,13.07,13.08,12.68,12.78,481635.97,622179.91
2026-02-02,12.71,12.85,12.62,12.62,219941.38,281525.871
2026-02-03,12.73,12.8,12.62,12.8,149920.44,192020.211
2026-02-04,12.74,12.8,12.64,12.79,140949.24,180264.712
2026-02-05,12.78,12.78,12.62,12.65,132608.97,169126.374
2026-02-06,12.57,12.75,12.47,12.62,143086.24,182077.922
2026-02-09,12.75,12.87,12.71,12.86,146460.0,188599.181
2026-02-10,12.87,13.0,12.8,12.95,133813.99,174183.229
2026-02-11,12.95,13.06,12.89,12.96,97111.88,126796.13
2026-02-12,12.95,13.04,12.87,12.98,114720.27,149865.469
2026-02-13,12.95,13.09,12.91,13.01,143519.48,187939.984
2026-02-24,13.36,13.45,13.12,13.12,223790.42,298460.225
2026-02-25,13.21,13.37,13.16,13.24,188709.88,252106.789
2026-02-26,13.27,13.31,13.18,13.24,151286.7,201588.206
2026-02-27,13.22,13.25,13.14,13.18,135393.16,179577.812
2026-03-02,12.95,13.05,12.78,12.83,226702.19,294169.6
2026-03-03,12.86,12.92,12.42,12.45,229256.14,290738.565
2026-03-04,12.49,12.58,12.25,12.26,171501.96,214009.591
2026-03-05,12.45,12.62,12.43,12.49,160153.09,201804.881
2026-03-06,12.46,12.61,12.43,12.59,106224.21,133992.696
2026-03-09,12.47,12.5,12.2,12.43,156063.8,193449.627
2026-03-10,12.72,12.75,12.59,12.68,132858.53,169294.078
2026-03-11,12.62,12.79,12.62,12.72,129478.36,165859.522
2026-03-12,12.73,13.05,12.72,12.94,280287.77,364179.771
2026-03-13,12.83,12.92,12.66,12.72,167215.06,215467.654
2026-03-16,12.67,12.96,12.54,12.95,156638.66,201808.866
2026-03-17,12.97,13.02,12.77,12.83,113439.75,146974.015
2026-03-18,12.85,12.87,12.68,12.8,99224.99,127475.14
2026-03-19,12.66,12.72,12.44,12.51,125875.93,159265.664
2026-03-20,12.54,12.72,12.36,12.4,123532.73,155419.439
2026-03-23,12.52,12.91,12.37,12.4,368215.56,469624.287
2026-03-24,12.6,12.66,11.98,12.42,278360.37,343237.68
2026-03-25,12.47,12.61,12.42,12.52,147193.12,185429.652
2026-03-26,12.56,12.56,12.25,12.32,114583.64,143152.81
2026-03-27,12.17,12.38,12.16,12.29,99491.32,123016.437
2026-03-30,12.2,12.21,11.91,12.1,122048.33,148033.84
2026-03-31,12.07,12.16,11.95,11.97,97704.11,118369.79
2026-04-01,12.18,12.28,12.1,12.22,137568.46,168839.879
2026-04-02,12.2,12.32,11.93,12.0,114162.18,138862.522
2026-04-03,12.03,12.05,11.69,11.72,99749.95,118623.16
2026-04-07,11.72,11.77,11.56,11.7,82325.93,96886.494
2026-04-08,11.92,12.18,11.92,12.16,164150.93,199344.32
2026-04-09,12.04,12.05,11.94,12.0,98555.51,119042.134
2026-04-10,12.05,12.33,12.05,12.22,130804.09,160898.168
2026-04-13,12.2,12.42,12.13,12.31,124388.57,154148.104
2026-04-14,12.38,12.45,12.28,12.4,123714.83,154031.02
2026-04-15,12.42,12.47,12.25,12.3,100110.57,124411.342
2026-04-16,12.34,12.39,12.27,12.32,92660.66,114933.922
2026-04-17,12.29,12.39,12.24,12.35,107256.95,132887.116
2026-04-20,12.39,12.45,12.26,12.28,144026.25,179127.145
2026-04-21,12.3,12.31,11.97,12.02,173210.07,210005.639
2026-04-22,11.98,12.21,11.97,12.18,127566.35,155957.523
2026-04-23,12.18,12.22,11.95,12.02,150468.25,181897.623
2026-04-24,11.94,12.02,11.79,11.82,127724.22,152307.714
2026-04-27,11.83,12.04,11.78,11.94,129603.41,155568.738
2026-04-28,11.33,11.33,10.75,10.78,574285.98,634185.693
2026-04-29,10.73,10.89,10.68,10.79,170504.08,185533.923
2026-04-30,10.77,10.88,10.58,10.64,190396.96,204464.47
2026-05-06,10.71,10.9,10.71,10.81,194588.81,211910.05
2026-05-07,10.89,11.02,10.76,10.99,186816.55,205366.612
2026-05-08,10.93,11.36,10.87,11.26,247808.32,278816.973
2026-05-11,11.27,11.33,11.07,11.12,219805.57,246297.997
2026-05-12,11.09,11.12,10.85,10.9,194281.17,214070.84
2026-05-13,10.93,11.01,10.82,10.94,180210.33,198464.04
2026-05-14,11.0,11.02,10.78,10.83,192009.99,209276.652
2026-05-15,10.84,11.22,10.76,11.02,293249.57,322431.156
