date,ram_top2_m60_v60_monthly_stop05_cost,ram_top2_m60_v60_monthly_stop10_cost,ram_top2_m60_v60_monthly_stop15_cost
2021-01-04,0.999,0.999,0.999
2021-01-05,1.0175416197975253,1.0175416197975253,1.0175416197975253
2021-01-06,1.026718785151856,1.026718785151856,1.026718785151856
2021-01-07,1.0486316085489313,1.0486316085489313,1.0486316085489313
2021-01-08,1.0433875140607423,1.0433875140607423,1.0433875140607423
2021-01-11,1.031588301462317,1.031588301462317,1.031588301462317
2021-01-12,1.0615545556805397,1.0615545556805397,1.0615545556805397
2021-01-13,1.057434195725534,1.057434195725534,1.057434195725534
2021-01-14,1.0381434195725532,1.0381434195725532,1.0381434195725532
2021-01-15,1.034959505061867,1.034959505061867,1.034959505061867
2021-01-18,1.0325247469066363,1.0325247469066363,1.0325247469066363
2021-01-19,1.0184780652418444,1.0184780652418444,1.0184780652418444
2021-01-20,1.0240967379077612,1.0240967379077612,1.0240967379077612
2021-01-21,1.0417019122609672,1.0417019122609672,1.0417019122609672
2021-01-22,1.042263779527559,1.042263779527559,1.042263779527559
2021-01-25,1.054624859392576,1.054624859392576,1.054624859392576
2021-01-26,1.032150168728909,1.032150168728909,1.032150168728909
2021-01-27,1.0340230596175477,1.0340230596175477,1.0340230596175477
2021-01-28,1.0085517435320583,1.0085517435320583,1.0085517435320583
2021-01-29,1.0016220472440944,1.0016220472440944,1.0016220472440944
2021-02-01,1.0134212598425196,1.0134212598425196,1.0134212598425196
2021-02-02,1.0276499577456246,1.0276499577456246,1.0276499577456246
2021-02-03,1.0266394453577903,1.0266394453577903,1.0266394453577903
2021-02-04,1.0253051224131404,1.0253051224131404,1.0253051224131404
2021-02-05,1.0251868388783867,1.0251868388783867,1.0251868388783867
2021-02-08,1.0329528238042414,1.0329528238042414,1.0329528238042414
2021-02-09,1.0494865867621372,1.0494865867621372,1.0494865867621372
2021-02-10,1.0638279431540858,1.0638279431540858,1.0638279431540858
2021-02-18,1.0584972546190519,1.0584972546190519,1.0584972546190519
2021-02-19,1.06253835760148,1.06253835760148,1.06253835760148
2021-02-22,1.038142730575332,1.038142730575332,1.038142730575332
2021-02-23,1.036965058405843,1.036965058405843,1.036965058405843
2021-02-24,1.0197862843642962,1.0197862843642962,1.0197862843642962
2021-02-25,1.0257733394165913,1.0257733394165913,1.0257733394165913
2021-02-26,1.007762722732514,1.007762722732514,1.007762722732514
2021-03-01,1.0178677682864528,1.0178677682864528,1.0178677682864528
2021-03-02,1.0107937545788155,1.0107937545788155,1.0107937545788155
2021-03-03,1.022888362787086,1.022888362787086,1.022888362787086
2021-03-04,1.003025490450916,1.003025490450916,1.003025490450916
2021-03-05,1.0009457453702368,1.0009457453702368,1.0009457453702368
2021-03-08,0.9777476699414109,0.9789874675260092,0.9789874675260092
2021-03-09,0.9778607100207721,0.9667697264085828,0.9667697264085828
2021-03-10,0.9770104929293923,0.9684470055527095,0.9684470055527095
2021-03-11,0.9758560092057201,0.9673026408675386,0.9673026408675386
2021-03-12,0.9755563722087366,0.9670056301858913,0.9670056301858913
2021-03-15,0.9748865953919496,0.9663417239563264,0.9663417239563264
2021-03-16,0.9742961342508347,0.9657564382013154,0.9657564382013154
2021-03-17,0.9738819301667692,0.9653458646119794,0.9653458646119794
2021-03-18,0.9723220552118838,0.9637996619457562,0.9637996619457562
2021-03-19,0.9733972232598839,0.9648654061563733,0.9648654061563733
2021-03-22,0.9742080057223103,0.965669082118478,0.965669082118478
2021-03-23,0.9744723913078841,0.9659311503669904,0.9659311503669904
2021-03-24,0.9756004364729989,0.96704930822731,0.96704930822731
2021-03-25,0.9759970148513596,0.9674424106000786,0.9674424106000786
2021-03-26,0.9752479223589006,0.9666998838959602,0.9666998838959602
2021-03-29,0.9750716653018512,0.9665251717302851,0.9665251717302851
2021-03-30,0.9758383835000152,0.967285169650971,0.967285169650971
2021-03-31,0.9776450183347695,0.9690759693491391,0.9690759693491391
2021-04-01,0.9765962888453267,0.9680364319633732,0.9680364319633732
2021-04-02,0.9766491659624414,0.9680888456130757,0.9680888456130757
2021-04-06,0.9764024060825726,0.9678442485811308,0.9678442485811308
2021-04-07,0.9767108559324087,0.9681499948710619,0.9681499948710619
2021-04-08,0.9757943192357529,0.9672414916095523,0.9672414916095523
2021-04-09,0.9750747237736305,0.9665282033945892,0.9665282033945892
2021-04-12,0.9801206833648404,0.9715299351995313,0.9715299351995313
2021-04-13,0.979368314641504,0.9707841609806671,0.9707841609806671
2021-04-14,0.9884760526780079,0.9798120697827153,0.9798120697827153
2021-04-15,0.9811012021796873,0.9725018597765944,0.9725018597765944
2021-04-16,0.988430220387397,0.9797666392116815,0.9797666392116815
2021-04-19,0.9896122048263439,0.9809382635686277,0.9809382635686277
2021-04-20,0.9794590914674096,0.970874142148585,0.970874142148585
2021-04-21,0.9742627210740387,0.9657233178906857,0.9657233178906857
2021-04-22,0.9803574286555095,0.9717646054200525,0.9717646054200525
2021-04-23,0.9729226414357589,0.9643949840372765,0.9643949840372765
2021-04-26,0.9796191359156369,0.9710327838087952,0.9710327838087952
2021-04-27,0.9848675042392904,0.9762351502356288,0.9762351502356288
2021-04-28,0.9817207398970842,0.9731159672519821,0.9731159672519821
2021-04-29,0.984033332843999,0.9754082903444259,0.9754082903444259
2021-04-30,0.979537038030574,0.9709514055108889,0.9709514055108889
2021-05-06,0.963540934428394,0.9550955075997067,0.9550955075997067
2021-05-07,0.9619844111009592,0.9535526271839525,0.9535526271839525
2021-05-10,0.9672427660561157,0.9587648927095619,0.9587648927095619
2021-05-11,0.9480536174918911,0.9397439368440732,0.9397439368440732
2021-05-12,0.9481543428954058,0.9398437793904152,0.9398437793904152
2021-05-13,0.9375741300851839,0.9293563020415816,0.9293563020415816
2021-05-14,0.9385373663804507,0.930311095580179,0.930311095580179
2021-05-17,0.9392586422457359,0.9310260494695876,0.9310260494695876
2021-05-18,0.9394930475793591,0.9312584002427634,0.9312584002427634
2021-05-19,0.9416013960714994,0.9333482690810732,0.9333482690810732
2021-05-20,0.9431916143540666,0.934924549116009,0.934924549116009
2021-05-21,0.945731219429316,0.9374418945777117,0.9374418945777117
2021-05-24,0.9467822662043008,0.9384837289380346,0.9384837289380346
2021-05-25,0.9459448191999839,0.937653622148487,0.937653622148487
2021-05-26,0.9482420360628152,0.9399307039280733,0.9399307039280733
2021-05-27,0.9458333805340344,0.9375431602413503,0.9375431602413503
2021-05-28,0.9451875341359024,0.9369029746805559,0.9369029746805559
2021-05-31,0.9452154166823451,0.9369306128367529,0.9369306128367529
2021-06-01,0.9466429208495097,0.9383456049439098,0.9383456049439098
2021-06-02,0.946387470665196,0.9380923937779532,0.9380923937779532
2021-06-03,0.9465787006770264,0.9382819476606077,0.9382819476606077
2021-06-04,0.9440792087082722,0.9358043637144157,0.9358043637144157
2021-06-07,0.9433571171777367,0.9350886013090547,0.9350886013090547
2021-06-08,0.9438166161482126,0.9355440727755664,0.9355440727755664
2021-06-09,0.9438335557894493,0.935560863941014,0.935560863941014
2021-06-10,0.9435926006878372,0.9353220208085016,0.9353220208085016
2021-06-11,0.9429047465529288,0.934640195708331,0.934640195708331
2021-06-15,0.9349125218232227,0.9267180227499004,0.9267180227499004
2021-06-16,0.9354092647955015,0.927210411774905,0.927210411774905
2021-06-17,0.9278218740069749,0.9196895243921348,0.9196895243921348
2021-06-18,0.9239511113099398,0.9158526888921299,0.9158526888921299
2021-06-21,0.9248684032915354,0.9167619408185144,0.9167619408185144
2021-06-22,0.9260551601165994,0.9179382957316601,0.9179382957316601
2021-06-23,0.9263829123465576,0.918263175216541,0.918263175216541
2021-06-24,0.9247353000848432,0.9166300042601216,0.9166300042601216
2021-06-25,0.9248165809726799,0.9167105727217747,0.9167105727217747
2021-06-28,0.9251893976814101,0.9170801216957136,0.9170801216957136
2021-06-29,0.9243988303816705,0.9162964837105931,0.9162964837105931
2021-06-30,0.9207824552986273,0.9135159655380606,0.9135159655380606
2021-07-01,0.9213267885449516,0.918977287067274,0.918977287067274
2021-07-02,0.9215702544439248,0.9195624999320214,0.9195624999320214
2021-07-05,0.9215794561230405,0.920988380901206,0.920988380901206
2021-07-06,0.9217737749043968,0.9249477738802022,0.9249477738802022
2021-07-07,0.9223760128317678,0.925212068076965,0.925212068076965
2021-07-08,0.9241025122114082,0.9262429922750449,0.9262429922750449
2021-07-09,0.9250945689410698,0.9282958486521475,0.9282958486521475
2021-07-12,0.9252616351208628,0.9277852164937694,0.9277852164937694
2021-07-13,0.9267240395536055,0.9308811092890419,0.9308811092890419
2021-07-14,0.9278594644210668,0.9320216274098904,0.9320216274098904
2021-07-15,0.9255619113291741,0.9297137680261391,0.9297137680261391
2021-07-16,0.9238913467588823,0.928035709689505,0.928035709689505
2021-07-19,0.922311817819042,0.9264490953481085,0.9264490953481085
2021-07-20,0.9230868838516614,0.9272276381477152,0.9272276381477152
2021-07-21,0.9249301014020496,0.9290791239457883,0.9290791239457883
2021-07-22,0.9267710161358503,0.9309282965973712,0.9309282965973712
2021-07-23,0.9287527973057912,0.9329189675793512,0.9329189675793512
2021-07-26,0.9326663268655057,0.9368500523276624,0.9368500523276624
2021-07-27,0.9325295171709783,0.9367126289364828,0.9367126289364828
2021-07-28,0.93059486853009,0.9347693019091811,0.9347693019091811
2021-07-29,0.9307061957539083,0.9348811285211809,0.9348811285211809
2021-07-30,0.9282190276720204,0.932382803578438,0.932382803578438
2021-08-02,0.9330511012740196,0.9372365527451932,0.9372365527451932
2021-08-03,0.9341495053642076,0.9383398840221227,0.9383398840221227
2021-08-04,0.9345579264155603,0.9387501371558639,0.9387501371558639
2021-08-05,0.9346760554640505,0.938868796103948,0.938868796103948
2021-08-06,0.9364238382288087,0.9406244190180122,0.9406244190180122
2021-08-09,0.9331512361004374,0.937337136753286,0.937337136753286
2021-08-10,0.9334652100212653,0.9376525190885159,0.9376525190885159
2021-08-11,0.9297855821383728,0.933956385245859,0.933956385245859
2021-08-12,0.9291416784996113,0.9333095932042775,0.9333095932042775
2021-08-13,0.9312348758670512,0.9354121801710535,0.9354121801710535
2021-08-16,0.9323507081421099,0.9365330178116607,0.9365330178116607
2021-08-17,0.9341664815118931,0.9383569363208811,0.9383569363208811
2021-08-18,0.9323378819325105,0.9365201340666512,0.9365201340666512
2021-08-19,0.9242582604438144,0.9284042692643786,0.9284042692643786
2021-08-20,0.9285616920171708,0.9327270050365994,0.9327270050365994
2021-08-23,0.9361991191518725,0.9403986919032636,0.9403986919032636
2021-08-24,0.9436167405562769,0.9478495870419548,0.9478495870419548
2021-08-25,0.9431983846761686,0.9474293545141136,0.9474293545141136
2021-08-26,0.940969508052693,0.9451904796655354,0.9451904796655354
2021-08-27,0.9417557129828271,0.9459802113291753,0.9459802113291753
2021-08-30,0.9455211356606942,0.949762524822417,0.949762524822417
2021-08-31,0.9524377540446541,0.9567101695569714,0.9567101695569714
2021-09-01,0.9513631774737112,0.9556307726840283,0.9556307726840283
2021-09-02,0.9504903400445672,0.9547540199080218,0.9547540199080218
2021-09-03,0.9496637768506037,0.9539237489427137,0.9539237489427137
2021-09-06,0.9507276318987382,0.9549923761985765,0.9549923761985765
2021-09-07,0.9509444343368245,0.9552101511622643,0.9552101511622643
2021-09-08,0.9498451277050848,0.9541059132951905,0.9541059132951905
2021-09-09,0.947039647586529,0.9512878484415934,0.9512878484415934
2021-09-10,0.9454546016651101,0.9496956923707146,0.9496956923707146
2021-09-13,0.9424335355118417,0.9466610744133077,0.9466610744133077
2021-09-14,0.9391858464556226,0.9433988169750143,0.9433988169750143
2021-09-15,0.9376553941134603,0.9418614993775639,0.9418614993775639
2021-09-16,0.940522945501541,0.944741913938047,0.944741913938047
2021-09-17,0.9438355501719329,0.9480693781869465,0.9480693781869465
2021-09-22,0.9325774679239117,0.9367607947854052,0.9367607947854052
2021-09-23,0.9368954713581324,0.9410981677844885,0.9410981677844885
2021-09-24,0.9377267780669493,0.9419332035429604,0.9419332035429604
2021-09-27,0.940891173509618,0.9451117937318149,0.9451117937318149
2021-09-28,0.9321630335592715,0.9363445013640436,0.9363445013640436
2021-09-29,0.926372233963544,0.9305277255804586,0.9305277255804586
2021-09-30,0.927325096105804,0.9314848620419384,0.9314848620419384
2021-10-08,0.9257505030472575,0.9299032057230576,0.9299032057230576
2021-10-11,0.9192112174969627,0.9242648472952858,0.9242648472952858
2021-10-12,0.9183694010320338,0.9194565052217641,0.9194565052217641
2021-10-13,0.9183287254883635,0.9205039040176769,0.9205039040176769
2021-10-14,0.9186849727112795,0.9269575700087992,0.9269575700087992
2021-10-15,0.918652393063605,0.9334433768287201,0.9334433768287201
2021-10-18,0.9169479291536937,0.931413034226859,0.931413034226859
2021-10-19,0.9148240251162708,0.935573270658205,0.935573270658205
2021-10-20,0.9164563156899866,0.9372425834317974,0.9372425834317974
2021-10-21,0.9162772550498739,0.9370594614934605,0.9370594614934605
2021-10-22,0.9195392809719491,0.9403954738598824,0.9403954738598824
2021-10-25,0.915009659101102,0.935763115032167,0.935763115032167
2021-10-26,0.926425640131485,0.9474380234485807,0.9474380234485807
2021-10-27,0.9249771539957073,0.9459566840058607,0.9459566840058607
2021-10-28,0.9287821987979407,0.9498480315359762,0.9498480315359762
2021-10-29,0.9298713974658609,0.9509619344639335,0.9509619344639335
2021-11-01,0.945454818838758,0.9668988054922533,0.9668988054922533
2021-11-02,0.9472705755959913,0.968755745670304,0.968755745670304
2021-11-03,0.9518029979333588,0.9733909684822937,0.9733909684822937
2021-11-04,0.9648458490519602,0.9867296462440491,0.9867296462440491
2021-11-05,0.9766226396622978,0.9987735478105498,0.9987735478105498
2021-11-08,0.9733632225699936,0.9954402034451144,0.9954402034451144
2021-11-09,0.974448848822884,0.9965504529316208,0.9965504529316208
2021-11-10,0.9650265839697356,0.9869144804345633,0.9869144804345633
2021-11-11,0.9570519883339156,0.9787590119331403,0.9787590119331403
2021-11-12,0.956690936927281,0.9783897714714702,0.9783897714714702
2021-11-15,0.9686509271190918,0.9906210277935485,0.9906210277935485
2021-11-16,0.9628561617416098,0.9846948305708436,0.9846948305708436
2021-11-17,0.9699387215182551,0.9919380308289765,0.9919380308289765
2021-11-18,0.972010061088002,0.9940563507273478,0.9940563507273478
2021-11-19,0.9800783360729183,1.0023076233316592,1.0023076233316592
2021-11-22,0.9820226074925256,1.0042959930302557,1.0042959930302557
2021-11-23,0.9718633157385018,0.9939062770270333,0.9939062770270333
2021-11-24,0.9729885052274448,0.9950569870886179,0.9950569870886179
2021-11-25,0.9763318529302804,0.9984761657059392,0.9984761657059392
2021-11-26,0.9708781422428024,0.992898758680081,0.992898758680081
2021-11-29,0.968629412309776,0.9905990250039773,0.9905990250039773
2021-11-30,0.9709880742756328,0.9930111840959879,0.9930111840959879
2021-12-01,0.9711479105567967,0.9931746456451305,0.9931746456451305
2021-12-02,0.9576931704913755,0.9794147368285007,0.9794147368285007
2021-12-03,0.9570888974515716,0.9787967581914091,0.9787967581914091
2021-12-06,0.9490620030020233,0.9705878046798989,0.9705878046798989
2021-12-07,0.9565540962919029,0.9782498271354179,0.9782498271354179
2021-12-08,0.9717480666847441,0.9937884139941394,0.9937884139941394
2021-12-09,0.9688937797009399,0.9908693885471466,0.9908693885471466
2021-12-10,0.9637617802842642,0.9856209895682664,0.9856209895682664
2021-12-13,0.9709010161916838,0.9929221514360432,0.9929221514360432
2021-12-14,0.9620239648851864,0.983843758546695,0.983843758546695
2021-12-15,0.9566989660550345,0.9783979827089396,0.9783979827089396
2021-12-16,0.9711657579903799,0.9931928978787316,0.9931928978787316
2021-12-17,0.9605767797919418,0.982363749655627,0.982363749655627
2021-12-20,0.9546505070067712,0.9763030622882067,0.9763030622882067
2021-12-21,0.9595856984948568,0.9813501895116592,0.9813501895116592
2021-12-22,0.9620706483327323,0.9838915008277315,0.9838915008277315
2021-12-23,0.9682814099107152,0.9902431295161596,0.9902431295161596
2021-12-24,0.9705281807030404,0.9925408596160308,0.9925408596160308
2021-12-27,0.973183733449141,0.995256643307609,0.995256643307609
2021-12-28,0.9783156019011481,1.0005049083513935,1.0005049083513935
2021-12-29,0.9780195335739399,1.000202124859028,1.000202124859028
2021-12-30,0.9769560005495889,0.9991144697005196,0.9991144697005196
2021-12-31,0.9762186928382547,0.9983604390147964,0.9983604390147964
2022-01-04,0.9800506980147852,1.0022793584110488,1.0022793584110488
2022-01-05,0.9720686397090845,0.9941162579779357,0.9941162579779357
2022-01-06,0.9607849297738839,0.9825766207150288,0.9825766207150288
2022-01-07,0.9636204558329668,0.9854764597182685,0.9854764597182685
2022-01-10,0.9608283643423501,0.9826210404287267,0.9826210404287267
2022-01-11,0.9576978971633014,0.9794195707067018,0.9794195707067018
2022-01-12,0.9642107694467928,0.9860801623137825,0.9860801623137825
2022-01-13,0.9648632043906245,0.9867473952214607,0.9867473952214607
2022-01-14,0.9656307314075409,0.9875323306208603,0.9875323306208603
2022-01-17,0.9648148002498035,0.9866978932198757,0.9866978932198757
2022-01-18,0.9663331101015482,0.988250640059563,0.988250640059563
2022-01-19,0.9665850392004903,0.9885082831959479,0.9885082831959479
2022-01-20,0.9658859647256179,0.9877933529198143,0.9877933529198143
2022-01-21,0.9651421857268305,0.9872238158733193,0.9872238158733193
2022-01-24,0.9674170632676172,0.9886539511329482,0.9886539511329482
2022-01-25,0.9672657638334116,0.9863737950453821,0.9863737950453821
2022-01-26,0.9634191636037277,0.9819283828585869,0.9819283828585869
2022-01-27,0.9628654410209375,0.9791004943553339,0.9792900702041497
2022-01-28,0.9632585040764438,0.9795001849201451,0.9810966133161219
2022-02-07,0.9632668692363064,0.9795086911265245,0.9849047820019753
2022-02-08,0.9642351216239631,0.9804932693978249,0.9852945702689764
2022-02-09,0.9642592600142322,0.9805178147899831,0.9869463590967311
2022-02-10,0.9644302060589146,0.9806916431877281,0.9885134221627774
2022-02-11,0.9612044715936118,0.9774115190134839,0.9824581438458159
2022-02-14,0.9595259210166323,0.9757046660829451,0.9788426867755599
2022-02-15,0.9602072679689497,0.9763975013529848,0.9795254758596559
2022-02-16,0.9605604816363901,0.9767566706217844,0.9815079239952592
2022-02-17,0.9611516396529922,0.9773577962636847,0.9814074305382066
2022-02-18,0.9610521550184629,0.9772566342002241,0.9803859700930927
2022-02-21,0.9594469415774055,0.9756243549567001,0.9785441017337567
2022-02-22,0.9572860222807338,0.9734269999977455,0.9724733042990658
2022-02-23,0.9556298288999422,0.971742881232239,0.9707908355153481
2022-02-24,0.9636724007274163,0.9799210603595516,0.978961002234687
2022-02-25,0.9598028888651164,0.97598630393785,0.975030100812153
2022-02-28,0.9584978373943719,0.974659247751463,0.9737043447826107
2022-03-01,0.9569958363132072,0.9731319211506335,0.9721785145495723
2022-03-02,0.9616331168683534,0.9778473917559487,0.9768893652665614
2022-03-03,0.9594999623252052,0.9756782696971923,0.9747223683619022
2022-03-04,0.9605555032579748,0.9767516083020042,0.9757946553846123
2022-03-07,0.9692486400248441,0.9855913216651877,0.9846257082148414
2022-03-08,0.9779389934798355,0.9944282047865538,0.9934539335761262
2022-03-09,0.980112978784146,0.9966388460615327,0.9956624090193835
2022-03-10,0.9697083242557233,0.9860587567174043,0.9850926853068835
2022-03-11,0.9716902778293746,0.9880741283789873,0.9871060824482562
2022-03-14,0.9728660114418247,0.9892696862546128,0.9883004689998854
2022-03-15,0.9633006838589075,0.9795430759037681,0.978583388101639
2022-03-16,0.9593529557056458,0.9755287843716712,0.9745730294916487
2022-03-17,0.9634968361887343,0.9797425355945205,0.9787826523757355
2022-03-18,0.9649793445228396,0.9812500407774559,0.9802886806105189
2022-03-21,0.9633094443195539,0.9795519840761712,0.9785922875464376
2022-03-22,0.9653206724193705,0.9815971238671515,0.9806354236524761
2022-03-23,0.9623613512870932,0.9785879050707051,0.977629153078159
2022-03-24,0.9684713732237836,0.9848009492239904,0.9838361101252876
2022-03-25,0.9727902446276276,0.9891926419220658,0.9882235001499873
2022-03-28,0.9682864527974232,0.9846129108199181,0.9836482559480932
2022-03-29,0.9653945621501214,0.9816722594663992,0.9807104856391183
2022-03-30,0.9643603537499499,0.9806206130859862,0.9796598695882828
2022-03-31,0.962961003179307,0.9791976678050339,0.9782383184096041
2022-04-01,0.9663443905074849,0.9826381030564041,0.9816753829631193
2022-04-06,0.9644938976412167,0.9807564086856486,0.9797955321449133
2022-04-07,0.9656950143406853,0.981977777637245,0.9810157044846265
2022-04-08,0.9678114914958469,0.9841299411074733,0.9831657594155967
2022-04-11,0.9720436259008812,0.9884334343180654,0.9874650363645028
2022-04-12,0.9752072295597267,0.9916503800867656,0.9906788303947136
2022-04-13,0.9772348700174809,0.9937122089675041,0.9927386392397073
2022-04-14,0.9784385305841193,0.994936164678888,0.9939613958048816
2022-04-15,0.9795754897046033,0.9960922942786246,0.9951163927096894
2022-04-18,0.9818895951272865,0.9984454182633602,0.9974672112681089
2022-04-19,0.9774252127878417,0.9939057611427278,0.9929320017860456
2022-04-20,0.9701648662624031,0.9865229965637949,0.9855564703235388
2022-04-21,0.9776824507860067,0.994167336478637,0.9931933208487337
2022-04-22,0.9794507566333535,0.9959654580598548,0.9949896807561767
2022-04-25,0.9757075507627793,0.9921591372987036,0.991187089161915
2022-04-26,0.9684580468029829,0.9847873981039295,0.9838225722816666
2022-04-27,0.9688059737136004,0.985141191474916,0.9841760190306504
2022-04-28,0.9682152832030229,0.9845405412217463,0.9835759572525927
2022-04-29,0.9796170377238426,0.996134542846746,0.9951585998856184
2022-05-05,0.9767722857797306,0.9932418250108612,0.9922687161323691
2022-05-06,0.9752034106032889,0.9916464967381929,0.9906749508507743
2022-05-09,0.979020034687107,0.9955274736307405,0.9945521254335757
2022-05-10,0.9729595987769422,0.9893648515831992,0.9883955410921381
2022-05-11,0.9685038856428342,0.9848340098409876,0.9838691383518043
2022-05-12,0.9768456048393087,0.9933163803167434,0.9923431983941765
2022-05-13,0.9682313884016291,0.9845569179731026,0.9835923179591534
2022-05-16,0.9601409781912116,0.9763300938509717,0.9753735539039603
2022-05-17,0.965823168625933,0.9821080927557386,0.9811458919294805
2022-05-18,0.9569777272373539,0.9731135067342837,0.9721601181743795
2022-05-19,0.9599991194939052,0.9761858432477782,0.9752294446274199
2022-05-20,0.9647893244119413,0.9810568167021164,0.9800956458426155
2022-05-23,0.9655772141211925,0.9818579911663358,0.9808960353721244
2022-05-24,0.9672051173940598,0.9835133428191452,0.9825497652271502
2022-05-25,0.9684353192274765,0.9847642873145442,0.9837994841346166
2022-05-26,0.9717324087600441,0.9881169696871173,0.9871488817834685
2022-05-27,0.9740291766332485,0.9904524637907269,0.9894820877332865
2022-05-30,0.971092889613452,0.9874666674892171,0.9864992167061833
2022-05-31,0.9693980708241183,0.985743272044969,0.9847775097242673
2022-06-01,0.9681922666738101,0.9845171366065523,0.9835525755676041
2022-06-02,0.9692366610587639,0.985579140719532,0.9846135392032244
2022-06-06,0.9683171056331519,0.9846440804988128,0.9836793950891166
2022-06-07,0.9673900278136319,0.9837013710477026,0.9827376092387988
2022-06-08,0.968654729180303,0.9849873967794046,0.9840223750124262
2022-06-09,0.9703227352897362,0.9866835274501681,0.9857168439329761
2022-06-10,0.9690512744107618,0.9853906282327682,0.9844252114078115
2022-06-13,0.9734656674739071,0.9898794531986134,0.9889096385368779
2022-06-14,0.9678709757612135,0.9841904283481049,0.9832261873950601
2022-06-15,0.9665455374161084,0.9828426415404758,0.9818797210546886
2022-06-16,0.9668887320106481,0.9831916228029226,0.9822283604097002
2022-06-17,0.9689508840426267,0.9852885451639591,0.9843232283528541
2022-06-20,0.9675447411350936,0.9838586930192605,0.9828947770772912
2022-06-21,0.9672718989208345,0.9835812503616668,0.9826176062386106
2022-06-22,0.9675161902923581,0.9838296607754541,0.9828657732772469
2022-06-23,0.9677068069935915,0.9840234915003496,0.9830594141003536
2022-06-24,0.9658091859477306,0.9820938743129974,0.9811316874169752
2022-06-27,0.9657394968881938,0.9820230102132628,0.9810608927449296
2022-06-28,0.963370727075369,0.9796143001319334,0.9786545425492865
2022-06-29,0.9564349602026871,0.9725615880036679,0.9716087401751379
2022-06-30,0.9631933150565589,0.9794338967360682,0.9784743159000522
2022-07-01,0.9614437838943941,0.977654866403492,0.9766970285369806
2022-07-04,0.964345028105409,0.9806050290329018,0.9796443008033636
2022-07-05,0.9631010888549938,0.9793401154913605,0.9783806265356494
2022-07-06,0.9562644486360556,0.9723882014097891,0.9714355234533181
2022-07-07,0.958689035910417,0.9748536701012583,0.9738985766509841
2022-07-08,0.958015359597564,0.9741686348067624,0.9732142125061622
2022-07-11,0.9489244325670638,0.9649244239643073,0.9639790584950033
2022-07-12,0.9444380331563178,0.9603623785384383,0.9594214826421992
2022-07-13,0.9457216445073824,0.9616676330992987,0.9607254584059229
2022-07-14,0.9458816028137084,0.9618302884923866,0.9608879544406319
2022-07-15,0.9381661710258774,0.9539847653737873,0.9530501178169132
2022-07-18,0.9437178559757421,0.9596300583164379,0.958689879896338
2022-07-19,0.9407152851201902,0.9565768605550865,0.9556396734446301
2022-07-20,0.9423958358290069,0.9582857473420574,0.9573468859838369
2022-07-21,0.936042061322309,0.9529363038945402,0.9520026835469001
2022-07-22,0.9362903002143866,0.9534900997341821,0.9525559368161076
2022-07-25,0.9364971140045767,0.951301112528519,0.9503690942270234
2022-07-26,0.9368850770465542,0.9554840730376172,0.9545479565639471
2022-07-27,0.9360294116312999,0.9522632829954527,0.9513303220266224
2022-07-28,0.9362167195767526,0.9524538394852932,0.9515206918225405
2022-07-29,0.9329100577733875,0.9490898291395709,0.9481599772988953
2022-08-01,0.9351154960504432,0.9513335170708003,0.9504014670216004
2022-08-02,0.929374481553358,0.945492934237841,0.9445666063832439
2022-08-03,0.9252790545676698,0.9413264788912479,0.9404042330382213
2022-08-04,0.9288468910414595,0.9449561935471161,0.9440303915535112
2022-08-05,0.9344260412651645,0.950632104840428,0.9497007419858787
2022-08-08,0.9325690144461192,0.9487428709837346,0.9478133590683958
2022-08-09,0.932809889053954,0.9489879231605111,0.948058171160187
2022-08-10,0.9296683687085894,0.9457919183763662,0.9448652975980194
2022-08-11,0.9369875685157675,0.9532380575154519,0.952304141530717
2022-08-12,0.9366705604259424,0.952915551448226,0.9519819514323815
2022-08-15,0.9383466932219411,0.954620753976288,0.9536854833222586
2022-08-16,0.9383288723990616,0.9546026240809129,0.9536673711892871
2022-08-17,0.9420371066964481,0.9583751715268222,0.9574362225570393
2022-08-18,0.9395539299031636,0.955848928167321,0.9549124542341109
2022-08-19,0.937701432450269,0.9539643022310915,0.9530296747225737
2022-08-22,0.9396653562568434,0.9559622870255459,0.9550257020312541
2022-08-23,0.9384396078647764,0.9547152800688714,0.9537799168047872
2022-08-24,0.9314979817402566,0.947653262999192,0.9467248186055556
2022-08-25,0.9334703577717676,0.9496598466083489,0.9487294363044213
2022-08-26,0.933581020537983,0.9497724286359563,0.9488419080320314
2022-08-29,0.9273816938048726,0.9434655849044705,0.9425412433049691
2022-08-30,0.9291410853631704,0.9452554901794119,0.944329394955898
2022-08-31,0.9276527933525743,0.9437413862223619,0.9428167744120173
2022-09-01,0.9237772707890205,0.9401466004480351,0.9392255105573935
2022-09-02,0.9250000452508951,0.9432124899716879,0.9422883963369019
2022-09-05,0.9245271874753811,0.9413042267985908,0.9403820027466088
2022-09-06,0.9239659531504516,0.9419503270154089,0.9410274699596191
2022-09-07,0.9239111712686219,0.940072822809568,0.9391518052010972
2022-09-08,0.9234427489817123,0.9430546265279862,0.9421306875567623
2022-09-09,0.9236331619486293,0.9438422450162505,0.9429175343915134
2022-09-13,0.9228325879468794,0.948010348711442,0.9470815544701977
2022-09-14,0.9220033470211411,0.9389413620436046,0.9380214529612644
2022-09-15,0.9220976507285227,0.9394176500486968,0.938497274332678
2022-09-16,0.9207074756261202,0.9345278149734991,0.9336122299759199
2022-09-19,0.9213497382179584,0.9349723815016612,0.934056360948888
2022-09-20,0.923053093307685,0.9397888248885419,0.9388680855213728
2022-09-21,0.9235448161008364,0.9392638732348093,0.9383436481785585
2022-09-22,0.9234506770932235,0.9358963712520848,0.9349794454387729
2022-09-23,0.9218002422184358,0.9331597697981813,0.9322455251155916
2022-09-26,0.9178513149079224,0.9266941970800664,0.9257862869134607
2022-09-27,0.9201617052066878,0.9290268464406776,0.9281166509073604
2022-09-28,0.9188344079078227,0.9276867615220414,0.9267778789102097
2022-09-29,0.9186298611358248,0.9274802440790055,0.9265715637985218
2022-09-30,0.9162284673735761,0.9250557144975412,0.9241494096015836
2022-10-10,0.9158123690611818,0.9246356073568227,0.9237297140524617
2022-10-11,0.9163760304131978,0.9252046992081362,0.9242982483473784
2022-10-12,0.9165556688704884,0.925386068361549,0.9244794398079785
2022-10-13,0.915936336942925,0.9247607695860093,0.9238547536564493
2022-10-14,0.9203628723203864,0.9292299516646715,0.9283195571430599
2022-10-17,0.917893533898822,0.9267368228226431,0.9258288708943159
2022-10-18,0.9224672289707441,0.9313545823807793,0.9304421062945767
2022-10-19,0.9226841090585612,0.9315735519628652,0.9306608613455796
2022-10-20,0.9201411477893067,0.9290060909663594,0.9280959157678047
2022-10-21,0.9206696966751513,0.9295397320664264,0.9286290340436416
2022-10-24,0.9244521178406373,0.9333585943244386,0.9324441548474828
2022-10-25,0.9263563900067808,0.9352812128764458,0.9343648897522897
2022-10-26,0.9255498223479037,0.9344668744788276,0.9335513491864833
2022-10-27,0.926533234302812,0.9354597609487283,0.9345432628956576
2022-10-28,0.9236453317756602,0.932544035416524,0.9316303939874205
2022-10-31,0.9309752118388064,0.93994453396077,0.9390236420407415
2022-11-01,0.9294013732889942,0.9383555325314936,0.9374361974039399
2022-11-02,0.928544513995533,0.9374904179731032,0.9365719304242927
2022-11-03,0.9285606589968124,0.9375067185206478,0.9365882150017008
2022-11-04,0.9275862394072933,0.9365229110515492,0.9356053713983584
2022-11-07,0.9303904788866233,0.9393541674985464,0.9384338539782907
2022-11-08,0.931319548347447,0.9402921879208584,0.9393709553937928
2022-11-09,0.9409128864791247,0.9499779514349026,0.9490472294741128
2022-11-10,0.9390803521095797,0.9481277618250773,0.9471988525506755
2022-11-11,0.9399121315790651,0.9489675549321992,0.9480378228872413
2022-11-14,0.9334114910717264,0.9424042851110314,0.9414809832988467
2022-11-15,0.9344257062172258,0.9434282715396167,0.9425039664971411
2022-11-16,0.9343891516902002,0.9433913648342263,0.9424670959503595
2022-11-17,0.9365198080415087,0.9455425486312745,0.9446161721679649
2022-11-18,0.935847697174376,0.9448639624264611,0.9439382507944586
2022-11-21,0.9355892583032461,0.9446030336700427,0.9436775776777878
2022-11-22,0.9343894306598565,0.9433916464915681,0.9424673773317532
2022-11-23,0.9355408377371319,0.9445541466042309,0.9436287385081042
2022-11-24,0.9383112001050904,0.9473511995565967,0.9464230511035973
2022-11-25,0.9382737541769228,0.9473133928620118,0.9463852814493676
2022-11-28,0.9369621337553281,0.9459891358568503,0.9450623218586088
2022-11-29,0.9338369048550583,0.9428337974710056,0.9419100748526483
2022-11-30,0.932810302046091,0.9417973040321184,0.9408745968975463
2022-12-01,0.9356484672652984,0.9446628130707557,0.9437372985108249
2022-12-02,0.9410882839354455,0.9501550387281439,0.9492241432696088
2022-12-05,0.9318642469730222,0.9408421343525727,0.9399203630264535
2022-12-06,0.9219306687057971,0.9308128527173423,0.9299009073799787
2022-12-07,0.9219306687057971,0.9308128527173423,0.9299009073799787
2022-12-08,0.9247688339250042,0.9336783617559794,0.932763608993257
2022-12-09,0.9280800266807457,0.9370214556343894,0.9361034275420819
2022-12-12,0.927370485375944,0.9363050783747301,0.9353877521387622
2022-12-13,0.9280800266807459,0.9370214556343894,0.9361034275420819
2022-12-14,0.9373040636431693,0.9463343600099607,0.9454072077852372
2022-12-15,0.9302086505951512,0.9391705874133675,0.9382504537520407
2022-12-16,0.9259514027663405,0.9348723238554115,0.933956401332123
2022-12-19,0.9323372745095566,0.9413197191923454,0.9403974799619997
2022-12-20,0.9325737882778238,0.9415585116122317,0.9406360384297728
2022-12-21,0.9415613114719797,0.9506326235679163,0.9497012602051548
2022-12-22,0.9415613114719797,0.9506326235679163,0.9497012602051548
2022-12-23,0.93375635711916,0.9427524737116638,0.9418288307686388
2022-12-26,0.9349389259604962,0.9439464358110959,0.9430216231075047
2022-12-27,0.9373040636431689,0.9463343600099604,0.9454072077852369
2022-12-28,0.9380136049479707,0.9470507372696197,0.9461228831885565
2022-12-29,0.9362598763128909,0.9452801126346867,0.9443539932878134
2022-12-30,0.9415362203534485,0.950607290713277,0.9496759521698748
2023-01-03,0.9417400988380704,0.950813133430436,0.9498815932167349
2023-01-04,0.9447897409262251,0.9538921567758977,0.9529575999504519
2023-01-05,0.9445986635471612,0.9536992384943679,0.9527648706767629
2023-01-06,0.9387632596080291,0.9478076143498251,0.9468790187335304
2023-01-09,0.9471920497888203,0.9563176102740868,0.955380677158926
2023-01-10,0.9466726572164891,0.9557932137024764,0.9548567943544032
2023-01-11,0.9488048791540267,0.9579459781691276,0.957007449692982
2023-01-12,0.9476887240930069,0.9568190697022674,0.9558816452922281
2023-01-13,0.9492111344548866,0.9583561474674935,0.9574172171361542
2023-01-16,0.9533508205406577,0.9625357166538187,0.9615926914728857
2023-01-17,0.9564858254088883,0.9657009251925225,0.9647547989616199
2023-01-18,0.9544444982147934,0.9636399311792391,0.9626958241661366
2023-01-19,0.9567107492963278,0.9659280160708482,0.9649816673521846
2023-01-20,0.9632865520390634,0.9725671722651689,0.9716143189655707
2023-01-30,0.9624376373169583,0.9717100788187543,0.9707580652393747
2023-01-31,0.9573394904913197,0.9665628147658011,0.9656158441157704
2023-02-01,0.9616052183063178,0.9708696400089271,0.9699184498327179
2023-02-02,0.9682615902841661,0.9775901416689341,0.976632367215192
2023-02-03,0.9580015570248169,0.9672312598665572,0.966283634320764
2023-02-06,0.946915906134685,0.9560388061609467,0.955102146198558
2023-02-07,0.9469141448009251,0.9560370278579167,0.9551003696377849
2023-02-08,0.9451516421630384,0.9542575446885411,0.9533226298815717
2023-02-09,0.9519344376747559,0.961105687888423,0.9601640637496663
2023-02-10,0.9460548676849592,0.9551694721829224,0.954233663933169
2023-02-13,0.9526297448748936,0.961807693907361,0.9608653819922013
2023-02-14,0.9531654936005077,0.9623486042128275,0.9614057623515787
2023-02-15,0.9485772835292325,0.9577161898130491,0.9567778864674645
2023-02-16,0.9454535229074994,0.9545623338516206,0.9536271204335444
2023-02-17,0.9382707825958919,0.9473103926517896,0.9463822841785418
2023-02-20,0.9515569142369986,0.9607245272654014,0.959783276561167
2023-02-21,0.9514171319510232,0.9605833982707983,0.9596422858348831
2023-02-22,0.9488737968785058,0.9580155598696859,0.9570769632222561
2023-02-23,0.9476998786271366,0.9568303317028566,0.9558928962590966
2023-02-24,0.9453593851333324,0.9544672891231011,0.953532168823203
2023-02-27,0.9423672639638349,0.9514463408717909,0.9505141802857217
2023-02-28,0.9457285920368601,0.9548400530876603,0.9539045675796988
2023-03-01,0.9526470152310413,0.9618251306518135,0.960882801653351
2023-03-02,0.9517375991415364,0.960906952947879,0.9599655235157187
2023-03-03,0.955019402266118,0.964220374045733,0.9632756983553029
2023-03-06,0.9559477512224845,0.9651576670220104,0.9642120730374711
2023-03-07,0.9496626960349821,0.9588120595407259,0.9578726825386213
2023-03-08,0.9453229216957518,0.9544304743847412,0.9534953901533494
2023-03-09,0.9453147758196824,0.954422250028616,0.9534871738548732
2023-03-10,0.9486723402051681,0.9578121622963394,0.9568737649236277
2023-03-13,0.9520034280248576,0.9611753429143025,0.960233650532423
2023-03-14,0.9581390468630854,0.967370074327256,0.9664223127807622
2023-03-15,0.9575967729004781,0.9668225759185118,0.9658753507726701
2023-03-16,0.9620006989991461,0.9712689308931348,0.9703173495196415
2023-03-17,0.9649939468544562,0.9742910166851201,0.9733364744833152
2023-03-20,0.9795078856286819,0.9889447875305643,0.987975888588886
2023-03-21,0.974289126196717,0.9836757488496709,0.9827120121436057
2023-03-22,0.9675633762080307,0.9768852007681963,0.9759281169662493
2023-03-23,0.9707921822540917,0.9801451141962029,0.9791848365590587
2023-03-24,0.9730653676355036,0.9824402001950205,0.98147767399312
2023-03-27,0.9700278406821804,0.9793734087055936,0.9784138871315206
2023-03-28,0.9676710730464192,0.9769939351934321,0.9760367448610995
2023-03-29,0.9696471321763839,0.9789890323285373,0.9780298873395574
2023-03-30,0.9700243917162126,0.9793699265111505,0.9784104083486881
2023-03-31,0.9738991762861227,0.983282042033076,0.9823186910534162
2023-04-03,0.9673811498779397,0.9767012188095632,0.9757443152602726
2023-04-04,0.9728875608021835,0.9822606803120473,0.9812983299911735
2023-04-06,0.9786971967409361,0.9881262881987996,0.9871581911655255
2023-04-07,0.9826068506112817,0.992073608963497,0.9911016446213907
2023-04-10,0.975700476458205,0.9851006965248826,0.9841355637547382
2023-04-11,0.9811141779656454,0.9905665554174766,0.9895960675810401
2023-04-12,0.9810670633854721,0.9905189869199049,0.9895485456877556
2023-04-13,0.9785457544829912,0.9879733868962128,0.9870054396649421
2023-04-14,0.9850517299697196,0.9945420430957207,0.99356766035448
2023-04-17,0.9821974065732519,0.9916602202066161,0.990688660873904
2023-04-18,0.979951549832981,0.9893927261420781,0.9884233883414747
2023-04-19,0.9779754548160885,0.9873975927742985,0.9864302096658407
2023-04-20,0.9792782334807145,0.9887129228380898,0.9877442510612221
2023-04-21,0.9748524126148782,0.9842444621548931,0.9832801682633043
2023-04-24,0.9725211900603411,0.9818907798336901,0.9809287919154365
2023-04-25,0.9771358508277704,0.9865498997643499,0.9855833471662204
2023-04-26,0.9769259639418237,0.9863379907589469,0.9853716457744413
2023-04-27,0.9786202397130954,0.988048589741581,0.9870805688318217
2023-04-28,0.9838423398556225,0.9933210013185436,0.9923478148686435
2023-05-04,0.9928404959965954,1.0024058486623604,1.001423761514375
2023-05-05,0.9941541119025137,1.0037321203769993,1.00274873384074
2023-05-08,0.9959345231347848,1.005529684678062,1.0045445370140116
2023-05-09,0.9970023627239267,1.0066078121858593,1.0056216082478748
2023-05-10,0.99809966514335,1.0077156863785584,1.0067283970229184
2023-05-11,0.998832226885041,1.0084553058615853,1.0074672918785006
2023-05-12,0.9961316791493152,1.005728740158636,1.0047433974739466
2023-05-15,0.9972813742124707,1.00688951176307,1.0059030318355406
2023-05-16,0.996131046133602,1.0057281010442407,1.004742758985711
2023-05-17,0.9949602126810987,1.0045459873962466,1.0035618034899987
2023-05-18,0.9943534587482958,1.0039333877960157,1.0029498040720144
2023-05-19,0.9940586336106996,1.0036357222158436,1.0026524301237607
2023-05-22,0.9953921590579491,1.0049820952868989,1.0039974841126387
2023-05-23,0.9956650611615945,1.0052576266193833,1.0042727454987925
2023-05-24,0.9969679434256282,1.0065730612806931,1.0055868913892152
2023-05-25,0.995197491327142,1.0047855520629938,1.0038011334480392
2023-05-26,0.9922459371773774,1.0018055616674593,1.0008240626386908
2023-05-29,0.9931347981078554,1.0027029861771881,1.0017206079146457
2023-05-30,0.9921901007871514,1.0017491873310413,1.000767743533905
2023-05-31,0.9969670730688766,1.0065721825386378,1.0055860135080898
2023-06-01,0.9976159470201809,1.0072273079555147,1.006240497078899
2023-06-02,0.9980907006611739,1.0077066355296056,1.006719355041354
2023-06-05,0.9948256918446129,1.0044101705416724,1.0034261196992802
2023-06-06,0.9978947383110434,1.0075087852135873,1.006521698565239
2023-06-07,0.998934105663857,1.0085581661741447,1.0075700514157189
2023-06-08,0.9961110487554631,1.0057079110047682,1.0047225887270268
2023-06-09,1.0044508054696852,1.0141280156846906,1.0131344439772378
2023-06-12,1.0102408070025455,1.0199738000012109,1.0189745010031057
2023-06-13,1.0229220343704695,1.0327772024944426,1.0317653596179712
2023-06-14,1.0247754067273012,1.0346484308515942,1.0336347546764415
2023-06-15,1.0254472340704681,1.0353267308008784,1.0343123900748719
2023-06-16,1.0274469784364713,1.0373457413633949,1.0363294225520372
2023-06-19,1.0261005289403495,1.0359863197289196,1.0349713327838093
2023-06-20,1.0255605668009682,1.0354411554162686,1.034426702585026
2023-06-21,1.0284120324328276,1.0383200930081187,1.03730281959516
2023-06-26,1.0251445209210304,1.0350211012131583,1.0340070599216475
2023-06-27,1.017614482267805,1.0274185156849864,1.026411922875095
2023-06-28,1.023943636525973,1.033808647101922,1.0327957936881578
2023-06-29,1.028123324512773,1.0380286035807786,1.037011615748776
2023-06-30,1.0295921042977776,1.0395115340744707,1.038493093370878
2023-07-03,1.0372883556569301,1.047281933656577,1.046255880058891
2023-07-04,1.0347214551870938,1.0446903028213388,1.0436667883223012
2023-07-05,1.0339138456446193,1.043874912502273,1.0428521968656463
2023-07-06,1.0345457440657961,1.0445128988411687,1.0434895581501442
2023-07-07,1.032493749996509,1.0424411351845007,1.0414198242626198
2023-07-10,1.0277410222329855,1.0376426180747873,1.0366260084043897
2023-07-11,1.030688305888518,1.0406182968327404,1.0395987718003976
2023-07-12,1.031273129914335,1.0412087552460316,1.0401886517238288
2023-07-13,1.039116217366048,1.0491274055880242,1.0480995439260015
2023-07-14,1.0429191906573034,1.0529670179777613,1.0519353945320398
2023-07-17,1.0463667985603882,1.0564478412720184,1.055412807559062
2023-07-18,1.0520255405189685,1.0621611014162455,1.0611204702505526
2023-07-19,1.0623254628175327,1.0725602565619923,1.071509437031345
2023-07-20,1.0545082760279976,1.064667756417696,1.063624669406734
2023-07-21,1.0457108600187242,1.0557855832021892,1.054751198323375
2023-07-24,1.048030514201883,1.0581275856985102,1.0570909062894365
2023-07-25,1.0442171625895222,1.0542774949995006,1.0532445876400405
2023-07-26,1.046175236670426,1.0562544338116526,1.0552195895858003
2023-07-27,1.0516750830388875,1.0618072675132597,1.0607669830092799
2023-07-28,1.0480454848615217,1.0581427005904194,1.0571060063728317
2023-07-31,1.054905418889895,1.065068725484858,1.0640252456324455
2023-08-01,1.0572414702626496,1.0674272831467053,1.0663814925444397
2023-08-02,1.0497811051868504,1.059895042454175,1.0588566314145782
2023-08-03,1.0406042169337986,1.0506297410341858,1.049600407488958
2023-08-04,1.0456095915737533,1.0556833391036324,1.054649054396436
2023-08-07,1.0407981466143468,1.0508255390972125,1.0497960137227356
2023-08-08,1.0419437598478987,1.051982189546351,1.0509515309666535
2023-08-09,1.04142636936069,1.0514598143486111,1.0504296675556004
2023-08-10,1.035594346431632,1.0455716037879081,1.044547225851817
2023-08-11,1.0362286644302627,1.0462120330152647,1.0451870276314044
2023-08-14,1.0325309430372156,1.0424786865552234,1.0414573388431358
2023-08-15,1.045791165663012,1.0558666625375293,1.0548321982228528
2023-08-16,1.0394862852287154,1.0495010388064872,1.048472811084767
2023-08-17,1.034809445347358,1.044779140707816,1.0437555391716302
2023-08-18,1.0228215343829434,1.032675734256903,1.031663990791915
2023-08-21,1.0254565363507475,1.035336122702393,1.0343217727748582
2023-08-22,1.0355615884742584,1.0455385302295734,1.0445141846966415
2023-08-23,1.0355235191339278,1.045500094116667,1.0444757862407505
2023-08-24,1.0529157330644872,1.063059870370233,1.0620183586535736
2023-08-25,1.027933310351595,1.0378367587605264,1.036819958884662
2023-08-28,1.035849009480909,1.045828720344961,1.0448040905040483
2023-08-29,1.0386433470102603,1.0486499794433288,1.0476225855300543
2023-08-30,1.0528060645874182,1.0629491453108995,1.0619077420749097
2023-08-31,1.0559616594276624,1.0661351421921954,1.0650906175392718
2023-09-01,1.0549876285754838,1.065151727205661,1.0641081660339666
2023-09-04,1.0555400628654323,1.0657094838296897,1.0646653762070615
2023-09-05,1.055193671105156,1.0653597548169937,1.0643159898343941
2023-09-06,1.0558777422864896,1.0660504165656182,1.0650059749209382
2023-09-07,1.0490140435466286,1.0591205906892198,1.0580829384033013
2023-09-08,1.0561152855201166,1.0662902483690728,1.0652455717539644
2023-09-11,1.0551252642289362,1.0652906888863753,1.0642469915697446
2023-09-12,1.0576175347440133,1.0678069707572657,1.0667608081636322
2023-09-13,1.054919776091561,1.0650832210085377,1.0640397269544244
2023-09-14,1.0627987634908782,1.0730381171700656,1.0719868294650132
2023-09-15,1.058299478997971,1.0684954850869948,1.0674486479351717
2023-09-18,1.0487220305817775,1.0588257643751924,1.0577884009394778
2023-09-19,1.0535802340210583,1.0637307733480972,1.0626886043276194
2023-09-20,1.0590957683857718,1.0692994461892844,1.068251821372598
2023-09-21,1.049909396609595,1.0600245698787818,1.0589860319372726
2023-09-22,1.0433534721820772,1.0534054835139215,1.0523734304903314
2023-09-25,1.0469699033112796,1.0570567565329156,1.0560211262473707
2023-09-26,1.0434316779301496,1.0534844427219543,1.052452312339654
2023-09-27,1.032271635779335,1.0422168810457297,1.041195789832371
2023-09-28,1.0209411612603159,1.0307772449996762,1.0297673615416925
2023-10-09,1.0218163777284863,1.0316608935918492,1.0306501443967722
2023-10-10,1.0183842475495686,1.0281956971392567,1.0271883429013278
2023-10-11,1.0217426927366673,1.0315864986945262,1.0305758223863666
2023-10-12,1.0302879358672095,1.0402140695146498,1.0391949405159635
2023-10-13,1.030569539779982,1.0404983864923592,1.0394789789397816
2023-10-16,1.0340894619046843,1.0440522207072862,1.0430293313564794
2023-10-17,1.035986973973678,1.045968014033139,1.044943247722011
2023-10-18,1.0406160680917953,1.0506417063701459,1.0496123611021173
2023-10-19,1.0424329955081957,1.0524761386642945,1.0514449961477939
2023-10-20,1.048715708015228,1.0588193808949529,1.0577820237133246
2023-10-23,1.0465728857739656,1.0566559139977558,1.055620676429693
2023-10-24,1.0462330281398118,1.0563127820631077,1.0552778806717178
2023-10-25,1.0447932322614157,1.0548591147165363,1.0538256375267514
2023-10-26,1.0485483137521854,1.0586503739003923,1.0576131822999981
2023-10-27,1.0495746647391666,1.0596866130911575,1.0586484062560728
2023-10-30,1.050883175584628,1.0610077305615042,1.0599682293879134
2023-10-31,1.052795690050782,1.0629386708225579,1.061897277848738
2023-11-01,1.051509118190439,1.0616397037047454,1.0605995833680655
2023-11-02,1.0531396385234346,1.0632859330081916,1.062244199811168
2023-11-03,1.052759040706986,1.0629016683869008,1.06186031166548
2023-11-06,1.0501929793033724,1.0603108847017257,1.059272066248975
2023-11-07,1.0485099970289444,1.0586116880212073,1.057574534322532
2023-11-08,1.0465730820377137,1.0566561121523739,1.0556208743901732
2023-11-09,1.043309793962261,1.0533613844837362,1.0523293746652909
2023-11-10,1.0470213468559506,1.057108695701657,1.056073014529746
2023-11-13,1.0455086709105583,1.0555814461374962,1.0545472612579008
2023-11-14,1.0463001840267525,1.056380584952004,1.0553456171320854
2023-11-15,1.0557564864946039,1.0659279925554577,1.0648836708532603
2023-11-16,1.0514644102016195,1.0615945649844218,1.0605544888715033
2023-11-17,1.0540297038618254,1.064184573529496,1.0631419599073353
2023-11-20,1.0414059366564985,1.0514391847890117,1.0504090582073993
2023-11-21,1.0448538539587233,1.054920320463262,1.0538867833083667
2023-11-22,1.0397191520446423,1.0497361491380925,1.0487076910717104
2023-11-23,1.0411167872296037,1.051147249601209,1.0501174090372773
2023-11-24,1.0420338009120038,1.0520730980957538,1.0510423504502155
2023-11-27,1.0469620367440393,1.0570488141765741,1.056013191672393
2023-11-28,1.0500051009837839,1.0601211963004653,1.059082563691144
2023-11-29,1.0545326338034522,1.0646923488639903,1.0636492377590676
2023-11-30,1.0539070487335889,1.0640607367013162,1.0630182444058192
2023-12-01,1.0522355539712402,1.0623731382073558,1.0613322993028422
2023-12-04,1.0607594766901238,1.0709791832079458,1.0699299127023982
2023-12-05,1.0472447352259482,1.0573342362688598,1.0562983341280736
2023-12-06,1.0523444400291346,1.0624830733094304,1.061442126698192
2023-12-07,1.0488797930751281,1.0589850468044173,1.0579475273149164
2023-12-08,1.0556161678579445,1.0657863220427914,1.0647421391394543
2023-12-11,1.052993444276866,1.063138330278053,1.0620967416918616
2023-12-12,1.0549872747517646,1.0651513699730881,1.064107809151384
2023-12-13,1.0563707386883197,1.066548162657319,1.0655032333558265
2023-12-14,1.0602180110560129,1.070432500915401,1.0693837660109318
2023-12-15,1.0573913708773042,1.0675786279533022,1.0665326890739775
2023-12-18,1.0605686324995656,1.0707865003615364,1.0697374186331665
2023-12-19,1.0627246693057866,1.0729633091371675,1.0719120947237928
2023-12-20,1.0645437157255444,1.0747998808498505,1.073746867091951
2023-12-21,1.0601211755561801,1.0703347324704373,1.0692860933526531
2023-12-22,1.0624341023569466,1.072669942770546,1.071619015777021
2023-12-25,1.0633103291258639,1.0735546113970362,1.0725028176670595
2023-12-26,1.0660218220590565,1.0762922277470932,1.0752377518920697
2023-12-27,1.0677651713158902,1.0780523730054283,1.0769961726831752
2023-12-28,1.06687678622974,1.0771554289244683,1.0761001073652985
2023-12-29,1.0672711922401124,1.0775536347723753,1.076497923078964
2024-01-02,1.0676725589712865,1.0779588684029633,1.0769027596899805
2024-01-03,1.0601972999616214,1.0704115902834976,1.069362875865803
2024-01-04,1.0597905614793106,1.0700009331485516,1.0689526210639988
2024-01-05,1.0590840227096798,1.069287587351477,1.068239974153249
2024-01-08,1.0589487935882558,1.0691510553881138,1.0681035759543551
2024-01-09,1.0689117207132477,1.0792099686376828,1.0781526341841852
2024-01-10,1.0686796129783604,1.0789756247003546,1.077918519840658
2024-01-11,1.0724159994369482,1.082748008737925,1.0816872079601674
2024-01-12,1.0704408621458068,1.0807538423229426,1.0796949952899777
2024-01-15,1.0730302539880539,1.0833681812198888,1.0823067728405045
2024-01-16,1.0691138855831623,1.079414081230606,1.0783565468018639
2024-01-17,1.0696173508648843,1.0799223970628382,1.0788643646217924
2024-01-18,1.0710614203975977,1.0813803792375218,1.0803209183675042
2024-01-19,1.0792068510472188,1.08960428565147,1.0885367675730808
2024-01-22,1.0915015268388064,1.1020174124030377,1.1009377328111605
2024-01-23,1.0884438921089914,1.0989303194121711,1.0978536643381127
2024-01-24,1.0906366510106655,1.1011442040760298,1.1000653799926041
2024-01-25,1.0885807531545928,1.0990684990222073,1.0979917085694304
2024-01-26,1.0860642430438554,1.0965277440234005,1.0954534428246856
2024-01-29,1.0898067352819456,1.1003062926655662,1.0992282895091416
2024-01-30,1.0978285535090009,1.108405395734116,1.10731945764291
2024-01-31,1.090574217610793,1.1010811691721993,1.1000024068459642
2024-02-01,1.0869861472961728,1.0974585302052253,1.0963833170873034
2024-02-02,1.0963519648267512,1.1069145811096885,1.1058301036143925
2024-02-05,1.099263486985385,1.1098541538326918,1.1087667963496186
2024-02-06,1.0980166036984504,1.108595257661089,1.1075091335564446
2024-02-07,1.0948031823446889,1.1053508771465794,1.10426793165907
2024-02-08,1.1045543259150228,1.1151959664489022,1.1141033754314036
2024-02-19,1.1025946095999257,1.113217369580731,1.112126717054072
2024-02-20,1.1024715273512018,1.1130931015170442,1.1120025707395436
2024-02-21,1.0977783137301547,1.1083546719286768,1.1072687835331083
2024-02-22,1.104400789523419,1.1150409508370824,1.1139485116930397
2024-02-23,1.1105777472709228,1.121277419431993,1.120178870232164
2024-02-26,1.1072312465214358,1.1178986773909851,1.116803438446318
2024-02-27,1.1076759906606002,1.118347706341813,1.1172520274699822
2024-02-28,1.1094977052052757,1.1201869718850088,1.1190894910294265
2024-02-29,1.1078990184603112,1.118572882864876,1.1174769833808353
2024-03-01,1.1117020930927237,1.1224125975721242,1.121312936204141
2024-03-04,1.1180218990200168,1.1287932905932831,1.127687377868507
2024-03-05,1.1151827307701623,1.1259267688604706,1.1248236645532201
2024-03-06,1.1159622297880154,1.126713777828853,1.1256099024652544
2024-03-07,1.11399914352475,1.124731778545322,1.1236298450060116
2024-03-08,1.1205149215890606,1.1313103317636761,1.1302019530179888
2024-03-11,1.1137900479877836,1.124520668513016,1.1234189418045515
2024-03-12,1.1125762770222194,1.123295203677804,1.1221946775940832
2024-03-13,1.1147068629374,1.1254463163601194,1.1243436827666289
2024-03-14,1.11266724488682,1.1233870479568029,1.1222864318904806
2024-03-15,1.1110824439620763,1.1217869785374608,1.1206879301072559
2024-03-18,1.1116851130519863,1.1223954539400753,1.1212958093682244
2024-03-19,1.1111651923622283,1.121870524162981,1.120771393880615
2024-03-20,1.1108686020341534,1.1215710763859033,1.1204722394815276
2024-03-21,1.1212716125514337,1.132074312936252,1.1309651856952407
2024-03-22,1.1178820904597633,1.1286521350712666,1.1275463606407998
2024-03-25,1.118112838085501,1.1288851057957052,1.1277791031168154
2024-03-26,1.119254428972795,1.1300376951459759,1.1289305632406463
2024-03-27,1.1221824390054902,1.1329939145926549,1.1318838863902527
2024-03-28,1.1263810577827775,1.1372329842474755,1.136118802901082
2024-03-29,1.1371809459420676,1.148136922089883,1.1470120578277505
2024-04-01,1.1394542281986006,1.1504321058971485,1.149304992974434
2024-04-02,1.140125579096707,1.1511099248111434,1.1499821478088597
2024-04-03,1.1488267273622037,1.1598949028076915,1.158758518898338
2024-04-08,1.1616745344677353,1.172866489922642,1.171717397359392
2024-04-09,1.163874928955366,1.1750880837362097,1.1739368146107068
2024-04-10,1.1653222352394728,1.1765493338462165,1.1753966330900474
2024-04-11,1.1611950219119904,1.1723823575848455,1.1712337393406027
2024-04-12,1.1781355962758735,1.1894861430272499,1.1883207676901715
2024-04-15,1.1700239745090575,1.1812963712220301,1.1801390196506207
2024-04-16,1.1736031246269127,1.1849100040521228,1.1837491120959833
2024-04-17,1.1747275799442554,1.1860452927427119,1.184883288510109
2024-04-18,1.1741988517018513,1.1855114705581051,1.1843499893271463
2024-04-19,1.1769556751714871,1.1882948541739384,1.1871306459783666
2024-04-22,1.166568546253426,1.1778076522313716,1.1766537186628483
2024-04-23,1.153476704384986,1.1645896792421513,1.1634486957191734
2024-04-24,1.1570170840624066,1.1681641681046038,1.1670196825474177
2024-04-25,1.1574065281488761,1.1685573642237974,1.1674124934405516
2024-04-26,1.160586269885711,1.1717677406408469,1.1706197245553032
2024-04-29,1.153963110666193,1.1650807717218337,1.1639393070607884
2024-04-30,1.155198941099944,1.1663285085534216,1.1651858214470883
2024-05-06,1.1520968710251607,1.1631965521128234,1.1620569334783795
2024-05-07,1.1550754785788748,1.1662038565537203,1.165061291572699
2024-05-08,1.1548702312348915,1.1659966317891575,1.1648542698324684
2024-05-09,1.1528426742773987,1.1639495406794755,1.1628091843194939
2024-05-10,1.165199297302119,1.176425211484243,1.175272632334484
2024-05-13,1.1629109360649967,1.1741148034205175,1.1729644878470027
2024-05-14,1.162319408055646,1.1735175764353052,1.1723678459830238
2024-05-15,1.1664145603535985,1.1776521827806177,1.1764984015301898
2024-05-16,1.171167572476793,1.182450986989617,1.181292504206426
2024-05-17,1.1702831420803124,1.1815580356991109,1.1804004277671463
2024-05-20,1.1858638187479666,1.1972888217425393,1.1961158018865305
2024-05-21,1.1780701152739839,1.1894200311597998,1.1882547205945058
2024-05-22,1.1796999526381182,1.1910655709144375,1.1898986481643716
2024-05-23,1.1667491250706727,1.1779899708044783,1.1768358586129675
2024-05-24,1.1609773301977733,1.1721625685568835,1.1710141656465596
2024-05-27,1.1636794089860893,1.1748906800630885,1.1737396043398993
2024-05-28,1.1635940129503382,1.174804461293775,1.1736534700417063
2024-05-29,1.1691573441439644,1.1804213914542827,1.1792648971268587
2024-05-30,1.1614752589730972,1.17266529454219,1.1715163990961033
2024-05-31,1.1646846480848785,1.1759056039667704,1.174753533892118
2024-06-03,1.1580905156036487,1.1692479414392118,1.1681023940767052
2024-06-04,1.165416707009509,1.1766447157884317,1.1754919215837056
2024-06-05,1.1626421396819964,1.1738434173645451,1.172693367676108
2024-06-06,1.173541917412948,1.1848482071476798,1.1836873757358253
2024-06-07,1.1739977576617835,1.1853084391117574,1.1841471567968105
2024-06-11,1.1505360166847785,1.1616206599871317,1.1604825853015832
2024-06-12,1.154792710123748,1.165918363814072,1.1647760785388708
2024-06-13,1.155373040917398,1.1665042857059158,1.165361426385421
2024-06-14,1.1558664804265049,1.1670024791739344,1.1658591317583205
2024-06-17,1.1572502496834929,1.168399580120156,1.1672548639227402
2024-06-18,1.1583325911240894,1.169492349195026,1.1683465623788927
2024-06-19,1.1614747418744815,1.1726647724616759,1.171515877527087
2024-06-20,1.1684925357104272,1.1797501780371176,1.1785943413176587
2024-06-21,1.1718319760674305,1.1831217916634928,1.1819626516727941
2024-06-24,1.1596661902001137,1.17083879660422,1.1696916906330779
2024-06-25,1.1602906855119204,1.1714693085097487,1.1703215848071362
2024-06-26,1.1689635567359131,1.1802257370344527,1.1790694343955461
2024-06-27,1.1695830427893923,1.180851191420808,1.1796942760054343
2024-06-28,1.176537030356387,1.1878721759966675,1.186708381911614
2024-07-01,1.1736182171920162,1.1849252420239742,1.1837643351387355
2024-07-02,1.1750780852821696,1.1863991749646088,1.1852368240229532
2024-07-03,1.1839180483135916,1.1953243051143028,1.194153209954299
2024-07-04,1.186933516983658,1.1983688258036995,1.1971947478352407
2024-07-05,1.191268539139881,1.202745612992579,1.20156724695412
2024-07-08,1.1959575655987233,1.2074798150782406,1.206296810799661
2024-07-09,1.2024933670512772,1.2140785845967619,1.2128891153052883
2024-07-10,1.1966111142282396,1.2081396602107204,1.206956009462026
2024-07-11,1.1991644874328875,1.2107176334546377,1.2095314569880475
2024-07-12,1.1815500425153653,1.1929334851675137,1.1917647323656937
2024-07-15,1.1963602783271101,1.2078864076738218,1.2067030050442522
2024-07-16,1.1953156153642985,1.206831680083614,1.2056493108023756
2024-07-17,1.1919707762299874,1.2034546156663306,1.2022755549966355
2024-07-18,1.183467724551635,1.194869642784757,1.1936989930711075
2024-07-19,1.1763871972133588,1.187720899311741,1.1865572534370041
2024-07-22,1.175426319365604,1.1867507640500112,1.1855880686459581
2024-07-23,1.1810325774900572,1.1924110347135497,1.1912427937721475
2024-07-24,1.1725201994691767,1.1838166456363897,1.1826568248763627
2024-07-25,1.1556920463353795,1.1668263645272658,1.1656831896564663
2024-07-26,1.1574328777209457,1.1685839676563314,1.1674390708089029
2024-07-29,1.1695630238182717,1.1808309795803196,1.1796740839670938
2024-07-30,1.162800732824383,1.1740035384455514,1.1728533318816772
2024-07-31,1.1672237635331668,1.1784691820904025,1.1773146004011867
2024-08-01,1.1822953109438095,1.1936859337577035,1.1925164437593767
2024-08-02,1.1548033327005507,1.165929088732281,1.1647867929495552
2024-08-05,1.1093443506486678,1.1200321398600417,1.1200753723987735
2024-08-06,1.1075354837693712,1.1182058457608686,1.1381888976785706
2024-08-07,1.1089754384405888,1.119659673430124,1.140510165335981
2024-08-08,1.107167037619327,1.1178338498791427,1.1299731399861408
2024-08-09,1.1061562258937,1.116813299660099,1.1446126369614216
2024-08-12,1.1026369346579568,1.1132601024123234,1.1474232015760824
2024-08-13,1.1042929403314141,1.1149320625904036,1.1551267575871598
2024-08-14,1.1060759929150723,1.1167322936905033,1.1714808502307303
2024-08-15,1.1054334972414714,1.11608360800176,1.1745817320156657
2024-08-16,1.106005453329006,1.1166610745028087,1.194866935667145
2024-08-19,1.1068331500341133,1.1174967455108544,1.1845735402794475
2024-08-20,1.1066511475804777,1.1173129895855767,1.1952115636491423
2024-08-21,1.106051885343342,1.1167079538584792,1.194990914051808
2024-08-22,1.1061027252883207,1.116759283612249,1.1963985535339678
2024-08-23,1.103805116231214,1.1144395386319927,1.1939133809639495
2024-08-26,1.1044348713514995,1.1150753610207298,1.1945945456494393
2024-08-27,1.099331116610864,1.1099224350242776,1.1890741498944275
2024-08-28,1.1003166623459748,1.110917475831923,1.1901401498824673
2024-08-29,1.0926071588665756,1.1031336964542744,1.1818012871346026
2024-08-30,1.0944637437780773,1.1050081683169068,1.183809432898871
2024-09-02,1.0983092747177126,1.1088907483694388,1.1879688907399593
2024-09-03,1.0997363075770843,1.110331529733853,1.189512418307304
2024-09-04,1.0851673004681885,1.0961746713270661,1.1743459942005081
2024-09-05,1.0860747882402682,1.0978871665845886,1.1761806123488405
2024-09-06,1.086119670257273,1.1003410840337247,1.1788095256068003
2024-09-09,1.0867219704788822,1.0993535080424737,1.1777515227723705
2024-09-10,1.0876590359943348,1.1011084733123928,1.179631639590063
2024-09-11,1.0887662004483818,1.104046753974959,1.18277945737511
2024-09-12,1.0881055266722366,1.1122702912351548,1.1915894383866017
2024-09-13,1.0897502118316165,1.1166439517657716,1.196274997046614
2024-09-18,1.0910654681692933,1.1158539444219682,1.1954286520398814
2024-09-19,1.090584339811967,1.1185188280617593,1.1982835760855268
2024-09-20,1.0919515904571622,1.1204359581670407,1.2003374221726406
2024-09-23,1.0923574385670665,1.1220236996123363,1.202038389960787
2024-09-24,1.088312217477026,1.1163480655089741,1.1959580103021676
2024-09-25,1.0941682031827737,1.1223549063854048,1.202393216027635
2024-09-26,1.0937430997945108,1.1219188519724268,1.2019260653384896
2024-09-27,1.0851485999903856,1.1131029505460928,1.192481476993141
2024-09-30,1.083004528378666,1.110903645826713,1.1901253336203854
2024-10-08,1.084394265023721,1.1123291832693327,1.1916525301786645
2024-10-09,1.078371149573821,1.1061509072444429,1.1850336637783756
2024-10-10,1.0841743806992281,1.1121036345376898,1.1914108969276598
2024-10-11,1.0898689000322836,1.117944849530385,1.1976686655181628
2024-10-14,1.0956563639147545,1.1238814034031122,1.2040285718744668
2024-10-15,1.096387818102359,1.1246317004724895,1.204832374754547
2024-10-16,1.1044796574990197,1.1329319925318884,1.2137245841675313
2024-10-17,1.1073168713358437,1.1358422954094178,1.2168424289923887
2024-10-18,1.110852430470072,1.139468933552963,1.2207276929815039
2024-10-21,1.1179659304810603,1.1467656833723068,1.228544794712796
2024-10-22,1.1174275365757074,1.1462134199821963,1.2279531478549695
2024-10-23,1.1199450472306909,1.1487957838521015,1.2307196674120395
2024-10-24,1.1140735052870263,1.142772985995839,1.2242673667692792
2024-10-25,1.114020696436225,1.1427188167441416,1.2242093345547027
2024-10-28,1.1155676808951023,1.1443056528379636,1.2259093324281956
2024-10-29,1.1211369155650868,1.1500183557281467,1.2320294243538943
2024-10-30,1.1266891139388917,1.1557135834526762,1.2381307949103437
2024-10-31,1.1215685270076685,1.150461085848456,1.2325037268139827
2024-11-01,1.1149167082998277,1.143637910635162,1.2251939716362248
2024-11-04,1.1123137862876433,1.1409679351388755,1.2223335926193646
2024-11-05,1.119433966250163,1.1482715369909813,1.230158035021297
2024-11-06,1.1160177722077482,1.144767338885502,1.2264039426164135
2024-11-07,1.1063431137117778,1.1348434529610436,1.2157723562578437
2024-11-08,1.1082969148184585,1.136847585645402,1.2179194093245536
2024-11-11,1.1106530469048452,1.1392644136975754,1.220508588235525
2024-11-12,1.0921221180524143,1.1219484428881856,1.201957766466325
2024-11-13,1.093788199096091,1.1220655050742208,1.2020831766886542
2024-11-14,1.0892702762424733,1.1004606608707792,1.1789376298070409
2024-11-15,1.084822845170967,1.096373173061138,1.1745586516558812
2024-11-18,1.0837291171328927,1.1061558487391856,1.1850389576651141
2024-11-19,1.0850646387054452,1.1219911788460764,1.202003550046506
2024-11-20,1.0858186958789757,1.1225263568255903,1.2025768930846785
2024-11-21,1.0861871014198876,1.1338509316770697,1.2147090554678492
2024-11-22,1.078482341969028,1.1367377761506816,1.217801769003514
2024-11-25,1.076926818152282,1.1217737153378409,1.2017705785991069
2024-11-26,1.0764281103044204,1.110916001292656,1.190138570189625
2024-11-27,1.0807207093234596,1.1232561588930412,1.2033587394061527
2024-11-28,1.0772654993514954,1.115254817791682,1.1947867999913897
2024-11-29,1.0831705701222234,1.1213681284197674,1.2013360681282865
2024-12-02,1.0881518972763877,1.126525119998002,1.2068608193932413
2024-12-03,1.0891385887286338,1.1275466067127011,1.2079551512209268
2024-12-04,1.0878920202603368,1.126256078527391,1.206572591812774
2024-12-05,1.087617356161571,1.1259717285137616,1.2062679639936946
2024-12-06,1.0929937808313874,1.1315377505567181,1.2122309148451902
2024-12-09,1.0933829225100324,1.1319406151543254,1.2126625088591556
2024-12-10,1.1006164956329145,1.1394292772158126,1.2206852086385458
2024-12-11,1.100408064794561,1.139213496150894,1.2204540396142656
2024-12-12,1.1067427124712343,1.1457715325353095,1.2274797481617328
2024-12-13,1.0971882234243358,1.1358801084179437,1.216882938553731
2024-12-16,1.0965699450776745,1.1352400267433098,1.2161972108405943
2024-12-17,1.0966395510828055,1.1353120873751747,1.2162744103203702
2024-12-18,1.0974487848797867,1.1361498584644247,1.2171719252406217
2024-12-19,1.097582232280703,1.136288011832265,1.2173199307167126
2024-12-20,1.098957889647452,1.13771218118218,1.2188456616197185
2024-12-23,1.1002501297917764,1.1390499916361203,1.220278875129097
2024-12-24,1.1047867064416432,1.1437465487690563,1.2253103570633768
2024-12-25,1.104476977482316,1.1434258973471856,1.2249668390797395
2024-12-26,1.1044094737967927,1.1433560131723521,1.2248919712663149
2024-12-27,1.1048273379544649,1.1437886131352275,1.2253554211587294
2024-12-30,1.0976879031121654,1.1363974091015165,1.2174371294153168
2024-12-31,1.096211179283379,1.1348686092229416,1.2157993064840815
2025-01-02,1.1033555435937545,1.1422649165603638,1.223723065462258
2025-01-03,1.1022081516915156,1.141077062361341,1.22245050201338
2025-01-06,1.112392138804566,1.151620183531559,1.2337454830382806
2025-01-07,1.1088499202687505,1.1479530501367574,1.22981683596676
2025-01-08,1.1042114223835984,1.1431509775586912,1.224672313981879
2025-01-09,1.1017032781239053,1.140554384637983,1.2218905506600615
2025-01-10,1.0993483409391946,1.1381164015758445,1.219278708115401
2025-01-13,1.0886916853871718,1.1270839435113333,1.20745949419527
2025-01-14,1.0945829545653034,1.133182965839417,1.2139934550929923
2025-01-15,1.0930365434689737,1.1315820212008794,1.21227834255447
2025-01-16,1.1021135922156302,1.140979168284985,1.2223456268329624
2025-01-17,1.099792491719058,1.1385762151476766,1.2197713122963627
2025-01-20,1.1034494391153127,1.1423621232683199,1.2238272042560867
2025-01-21,1.1042766607265277,1.1432185165045687,1.2247446693214232
2025-01-22,1.107264487822743,1.1463117080769234,1.2280584451523242
2025-01-23,1.1031709826037026,1.1420738471039893,1.2235183703013712
2025-01-24,1.1027339336228723,1.1416213857731703,1.223033642670569
2025-01-27,1.0973763855458887,1.1360749059982183,1.217091627701601
2025-02-05,1.0966118363388697,1.135283395282355,1.2162436721130856
2025-02-06,1.1000071913201543,1.1387984860406406,1.220009433956722
2025-02-07,1.0989203985126466,1.137673367938145,1.2188040804932372
2025-02-10,1.094862159819012,1.1334720171499233,1.2143031194717548
2025-02-11,1.095275298362395,1.133899724851693,1.2147613282220573
2025-02-12,1.0956555141484285,1.1342933487888094,1.21518302259784
2025-02-13,1.097221883829237,1.1359149558429813,1.216920271047422
2025-02-14,1.0981389653008629,1.1368643778101324,1.2179373989861475
2025-02-17,1.0961903177069119,1.1348470119716827,1.2157761690716193
2025-02-18,1.0979663496125815,1.1366856749016123,1.2177459522666951
2025-02-19,1.0974177152440465,1.1361176931709402,1.2171374661488885
2025-02-20,1.0939425457475667,1.1325199732718763,1.2132831826462362
2025-02-21,1.0902202882213663,1.1286664518867995,1.2091548557285452
2025-02-24,1.0827134570184618,1.1208948954130908,1.2008290875345455
2025-02-25,1.078434301310246,1.116464837063927,1.1960831091676882
2025-02-26,1.0796293109501167,1.1177019882202348,1.1974084850796056
2025-02-27,1.08026346586152,1.1183585063400434,1.1981118213674107
2025-02-28,1.0689743149142725,1.1073075469510374,1.186272786740894
2025-03-03,1.069998413536833,1.1148670332439836,1.1943713614284368
2025-03-04,1.0697492199036798,1.108982678424281,1.1880673765875847
2025-03-05,1.0699093316933599,1.1129025995685924,1.192266838419549
2025-03-06,1.0667041432446032,1.109805608786614,1.1889489924466172
2025-03-07,1.0646173622568167,1.107634508899901,1.1866230652730911
2025-03-10,1.0654171325040367,1.108466594827125,1.1875144896062984
2025-03-11,1.0599782763037293,1.1028079750920174,1.18145233765876
2025-03-12,1.0636461466368594,1.106624050143182,1.1855405478383279
2025-03-13,1.0679498591773282,1.1111016593718193,1.1903374680726546
2025-03-14,1.076742729653569,1.1202498163689263,1.2001380060752926
2025-03-17,1.075816954285373,1.119286633932065,1.1991061363687585
2025-03-18,1.08054956190128,1.1242104682581828,1.2043811032770735
2025-03-19,1.0878958268057382,1.131853567843229,1.2125692539575745
2025-03-20,1.0903887316160923,1.1344472014746565,1.2153478469548047
2025-03-21,1.0872403683293053,1.1311716247776857,1.2118386795990883
2025-03-24,1.0873301464927458,1.1312650305359402,1.2119387463867186
2025-03-25,1.0878099991114305,1.1317642721775703,1.2124735903648929
2025-03-26,1.0901751398773238,1.1342249793044539,1.2151097774917656
2025-03-27,1.0919735516351494,1.1360960580551858,1.2171142881717063
2025-03-28,1.1033893388382343,1.1479731138882696,1.229838330521264
2025-03-31,1.110324029978635,1.1551880095756626,1.2375677408704437
2025-04-01,1.1145319285094075,1.1595659333141526,1.2422578667597668
2025-04-02,1.1126459092631389,1.1576037071889014,1.2401557087276762
2025-04-03,1.1214953612368144,1.1668107319269883,1.2500193124967613
2025-04-07,1.1032330071078849,1.147810465386085,1.2296640830933683
2025-04-08,1.1105930834685265,1.155467934495835,1.2378676280301093
2025-04-09,1.1241381983284227,1.1695603560340577,1.2529650200926004
2025-04-10,1.1477547207061136,1.1941311324398507,1.2792880082087252
2025-04-11,1.164670405871064,1.2117303162354889,1.2981422396849784
2025-04-14,1.1730496942049713,1.2204481798057236,1.307481798816825
2025-04-15,1.1727642724151455,1.2201512252047457,1.3071636675415461
2025-04-16,1.200427986727829,1.2489327252097069,1.3379976578918151
2025-04-17,1.2100307747375896,1.2589235254336613,1.3487009303982436
2025-04-18,1.2127994574120673,1.261804080065932,1.3517869055461529
2025-04-21,1.234612538742489,1.2844985452170528,1.3760997773337091
2025-04-22,1.2746102607106644,1.3261124233106991,1.4206812590270048
2025-04-23,1.1999874971411677,1.2484744371108139,1.3375066879695916
2025-04-24,1.2126782364717414,1.2616779610475257,1.351651792623065
2025-04-25,1.2046406472471443,1.2533156033506219,1.3426930914960427
2025-04-28,1.1945890719459906,1.2428578820442904,1.3314896004413843
2025-04-29,1.2027383579911601,1.2513364498063186,1.3405727989026672
2025-04-30,1.195618425016425,1.243928827365188,1.3326369179086646
2025-05-06,1.2174713122366538,1.2666647068110317,1.3569941573616877
2025-05-07,1.2265837852276744,1.2761453802474263,1.3671509244934026
2025-05-08,1.2089505070055404,1.2577996081829301,1.347496863422666
2025-05-09,1.2049371967778901,1.253624135322293,1.3430236257571342
2025-05-12,1.18096403429435,1.2286823083376717,1.3163031263936773
2025-05-13,1.1741145450775061,1.221556057260166,1.308668682152775
2025-05-14,1.165582809778779,1.2126795869219058,1.2991592055547108
2025-05-15,1.1301591265794821,1.1780981975345532,1.262111719270649
2025-05-16,1.1301731424797454,1.1965798560982928,1.2819113572920544
2025-05-19,1.1302820534251405,1.2038429640471147,1.2896924180556817
2025-05-20,1.130273075859157,1.2017770177367575,1.2874791432580948
2025-05-21,1.1303075683086365,1.2387892042936663,1.3271307737478666
2025-05-22,1.1303830224033153,1.240544378354147,1.3290111142455672
2025-05-23,1.130467777239455,1.2411848681432927,1.3296972791770183
2025-05-26,1.1304641995973985,1.2365331996335103,1.3247138870008441
2025-05-27,1.1304411375613417,1.2270385006465108,1.3145420941167558
2025-05-28,1.1304834553270138,1.2284722520028044,1.3160780903461748
2025-05-29,1.130465289240319,1.2163737737211489,1.3031168352856253
2025-05-30,1.1307485840973406,1.2275044723154387,1.3150412955461719
2025-06-03,1.130711594243767,1.2450320414656522,1.3338188053336464
2025-06-04,1.1307481337630907,1.2444057509959547,1.3331478523153608
2025-06-05,1.130779431738464,1.2458622884304282,1.334708259562781
2025-06-06,1.1309413210548207,1.245575903399365,1.3344014516034064
2025-06-09,1.1309872479225196,1.2326126911218582,1.3205137959147093
2025-06-10,1.1288743288939278,1.2321474624803956,1.320015390500153
2025-06-11,1.130940446960035,1.2344025958173663,1.322431343787464
2025-06-12,1.1355598594304195,1.2394446073219696,1.3278329154238304
2025-06-13,1.1416473389990474,1.24608898952768,1.3349511273578527
2025-06-16,1.1401319703160167,1.2444349899373557,1.3331791763685497
2025-06-17,1.136459468084817,1.2404265151325828,1.3288848458635947
2025-06-18,1.1366914387613904,1.2406797072490072,1.3291560938275038
2025-06-19,1.134257518984882,1.2380231244924094,1.3263100626245605
2025-06-20,1.132459406969491,1.2360605152804607,1.3242074941867743
2025-06-23,1.1342085630658114,1.2379696899249713,1.3262528174866604
2025-06-24,1.1277341186774303,1.2309029420860595,1.3186821198289556
2025-06-25,1.1285272658134466,1.2317686489287103,1.3196095626803654
2025-06-26,1.1294123849730753,1.232734741697954,1.3206445502633333
2025-06-27,1.1246782612683044,1.227567524798251,1.3151088444802528
2025-06-30,1.1231839313521208,1.2259364886703072,1.313361494542922
2025-07-01,1.129259535745618,1.232567909320839,1.3204658205965267
2025-07-02,1.1297547718676764,1.2331084512709076,1.3210449101251982
2025-07-03,1.1333221635654158,1.2370021996851799,1.3252163327755588
2025-07-04,1.130843292387987,1.2342965532257753,1.3223177389980927
2025-07-07,1.1273900352803392,1.230527380808993,1.3182797762127085
2025-07-08,1.1299890415266682,1.2333641526882178,1.3213188463353518
2025-07-09,1.1218877139438455,1.2245216890335804,1.3118458015339103
2025-07-10,1.127809769684455,1.2309855138958294,1.3187705800685268
2025-07-11,1.127052618193972,1.2301590956986632,1.317885227647273
2025-07-14,1.122938605785481,1.2256687199145833,1.3130746304382486
2025-07-15,1.1329578629414596,1.2366045716428917,1.3247903487505155
2025-07-16,1.1279236718694328,1.231109836227022,1.3189037681775433
2025-07-17,1.136558968681732,1.2405351183711069,1.3290011939068895
2025-07-18,1.1448443530786265,1.2495784769620593,1.3386894600319832
2025-07-21,1.1477588346174306,1.2527595848503057,1.3420974217404573
2025-07-22,1.1532704697273328,1.2587754424537272,1.348542287201275
2025-07-23,1.1518343664419186,1.257207959720094,1.3468630228309422
2025-07-24,1.156041035344249,1.2617994685185803,1.3517819651362875
2025-07-25,1.154716196493195,1.2603534290554268,1.3502328045002783
2025-07-28,1.1632143228450027,1.2696289919344916,1.360169834059443
2025-07-29,1.165253260484374,1.2718544582899616,1.3625540047287124
2025-07-30,1.1637028075292117,1.2701621648029884,1.3607410289964483
2025-07-31,1.164423406714908,1.270948686770399,1.3615836400747185
2025-08-01,1.1487671319799828,1.2538601245692946,1.3432764440662408
2025-08-04,1.1418303300816957,1.2462887212359597,1.3351651025003808
2025-08-05,1.1578586622031368,1.2637833778560434,1.353907352671913
2025-08-06,1.1555447453730592,1.2612577763097985,1.3512016433206937
2025-08-07,1.1609549331268239,1.2671629058195422,1.3575278843536192
2025-08-08,1.162863538015735,1.269246116156209,1.359759654324166
2025-08-11,1.172092425216495,1.2793192922882908,1.3705511771982217
2025-08-12,1.1727649659095853,1.2800533592142505,1.3713375925173537
2025-08-13,1.184128359578394,1.2924563134810083,1.3846250366085275
2025-08-14,1.181686464149656,1.2897910254333034,1.3817696793154937
2025-08-15,1.1879651802190034,1.2966441390833066,1.3891115079247416
2025-08-18,1.1862663882968822,1.2947899360931698,1.3871250764637175
2025-08-19,1.1809588606514914,1.2889968583759004,1.3809188779541939
2025-08-20,1.1790611036970269,1.2869254883783745,1.3786997926909332
2025-08-21,1.1831013102397139,1.2913353062934885,1.3834240872210177
2025-08-22,1.1875492208620348,1.2961901263973368,1.3886251183072553
2025-08-25,1.2059083768027612,1.3162288382598097,1.410092847511529
2025-08-26,1.1999739321985203,1.3097514911599688,1.40315358243023
2025-08-27,1.199396924679015,1.3091216970962778,1.4024788759667324
2025-08-28,1.203276324367817,1.313355997018031,1.4070151358178513
2025-08-29,1.2070966173827669,1.3175257829931575,1.4114822810499474
2025-09-01,1.2002600236105743,1.3100637551546204,1.4034881148554395
2025-09-02,1.1989887388553726,1.3086761690920101,1.4020015760976499
2025-09-03,1.1948748810484153,1.30418596205292,1.3971911596672988
2025-09-04,1.1881261493266886,1.2968198341739787,1.38929973233033
2025-09-05,1.2059764686818317,1.3163031594077579,1.4101724687111976
2025-09-08,1.20460958094815,1.3148112242920027,1.4085741394735105
2025-09-09,1.2020484578359731,1.312015801220543,1.4055793668593155
2025-09-10,1.2065928260471743,1.3169759031705044,1.4108931877385296
2025-09-11,1.2242315986965568,1.3362283287106438,1.4315185583141288
2025-09-12,1.2202160655349308,1.331845441378578,1.4268231148633033
2025-09-15,1.2253876184210453,1.3374901049187196,1.4328703153600542
2025-09-16,1.2267606491311738,1.3389887449905955,1.434475827703288
2025-09-17,1.2296515746630534,1.3421441418909887,1.4378562449004886
2025-09-18,1.2253067071092156,1.3374017915741736,1.4327757041405884
2025-09-19,1.2289379572341799,1.34136524039446,1.437021797730479
2025-09-22,1.2372390440408696,1.3504257379032605,1.446728424998232
2025-09-23,1.246375684124667,1.3603982278489553,1.4574120814685585
2025-09-24,1.2482479415046377,1.3624417654871097,1.4596013495680114
2025-09-25,1.2513481456275584,1.365825586471834,1.463226480418455
2025-09-26,1.2449449609918302,1.3588366174619388,1.4557391082185247
2025-09-29,1.2627192678428139,1.3782369763178672,1.4765229616539723
2025-09-30,1.2686101211437384,1.384666744238704,1.4834112545501514
2025-10-09,1.2914717873781503,1.4096198708337646,1.5101438593312961
2025-10-10,1.2792903427456563,1.396324027612687,1.4958998518436137
2025-10-13,1.2659737654543683,1.381789206066642,1.4803285109747786
2025-10-14,1.251594466121608,1.366094441174197,1.4635145079117011
2025-10-15,1.2757857585683232,1.3924988325572012,1.4918018712863668
2025-10-16,1.2821509438458805,1.3994463259027572,1.4992448100747728
2025-10-17,1.298378627227952,1.41715857109195,1.5182201656730228
2025-10-20,1.2758754105968129,1.3925966862478931,1.491906703201104
2025-10-21,1.3018801118494645,1.4209803830340622,1.5223145218574923
2025-10-22,1.2683397328884014,1.3843716199771532,1.4830950841409924
2025-10-23,1.2613927126387519,1.3767890634840911,1.474971794051972
2025-10-24,1.2638519783725528,1.3794733109294528,1.477847462791049
2025-10-27,1.2667922727103584,1.3826825930563857,1.481285607923029
2025-10-28,1.2373502986873453,1.350547170490427,1.446858517287385
2025-10-29,1.2517433495160466,1.3662569449108553,1.4636886002504301
2025-10-30,1.2487312026411188,1.362969236940565,1.4601664365059082
2025-10-31,1.2494553815141864,1.3637596660769122,1.4610132333844066
2025-11-03,1.2504506479711601,1.3648459827802548,1.4621770184109837
2025-11-04,1.2417618521020912,1.3553623073098655,1.4520170351617208
2025-11-05,1.2397651346640468,1.353182923598494,1.4496822334205197
2025-11-06,1.2513146117921214,1.365788984850924,1.463187268632212
2025-11-07,1.2535092892124755,1.3681844385743704,1.4657535489504907
2025-11-10,1.2669475705831903,1.3828520980890016,1.4814672008399756
2025-11-11,1.272945490643783,1.3893987275885495,1.488480689045283
2025-11-12,1.269118282203957,1.3852213935427524,1.484005457468202
2025-11-13,1.2796718200197064,1.3967404036814692,1.4963459208700616
2025-11-14,1.257283424183498,1.3723038438160153,1.4701667206561984
2025-11-17,1.2379463969990792,1.3511978018347606,1.44755554699707
2025-11-18,1.2083006284485713,1.3201639324072334,1.4143085643764652
2025-11-19,1.220478779426081,1.3305647798731348,1.425451125755926
2025-11-20,1.2171341562906444,1.3525882065355335,1.4490451053980988
2025-11-21,1.2120223737091629,1.3259232490083406,1.4204785941689386
2025-11-24,1.2139652712899294,1.3309730498784031,1.4258885106524941
2025-11-25,1.2244563039513054,1.357179212119991,1.4539635086037968
2025-11-26,1.2245422757538718,1.368016939837537,1.4655741054039655
2025-11-27,1.2244684524394116,1.3672292729219913,1.4647302677280631
2025-11-28,1.2283789863094494,1.3779522619859825,1.4762179435360703
2025-12-01,1.2347462665457385,1.382584997323441,1.4811810523617368
2025-12-02,1.2315638773440183,1.3803305904947718,1.4787658773920935
2025-12-03,1.2305529145914273,1.3880418932532306,1.487027095007622
2025-12-04,1.2283092196373633,1.385607385655526,1.4844189757726156
2025-12-05,1.2331858011833319,1.390387536937722,1.4895400131918834
2025-12-08,1.2314300221105656,1.384507902369825,1.483241085217372
2025-12-09,1.2271414363640547,1.3711227515528563,1.468901401355997
2025-12-10,1.2304857865834753,1.3805313065409173,1.4789809070684106
2025-12-11,1.2303295101383787,1.3723421968677343,1.4702078087727448
2025-12-12,1.2395034201762303,1.3825750196615207,1.481170363164463
2025-12-15,1.2423507390151887,1.3857509946815783,1.4845728259653688
2025-12-16,1.2256000766073867,1.3670668611561398,1.464556273918839
2025-12-17,1.2385757912645228,1.3815403177478622,1.4800618737245224
2025-12-18,1.2325905343697354,1.374864203318252,1.4729096666517705
2025-12-19,1.2441561037291564,1.3877647464101175,1.4867301840375649
2025-12-22,1.266968301951179,1.4132100778968602,1.5139900942363516
2025-12-23,1.2727651624596512,1.4196760499958614,1.5209171731332591
2025-12-24,1.2723438448292481,1.4192061011262926,1.5204137108777511
2025-12-25,1.2661615040016525,1.4123101540460885,1.513025994264985
2025-12-26,1.2716566227213963,1.418439555343676,1.5195925005426343
2025-12-29,1.2615743809652855,1.4071935552380812,1.5075445162931942
2025-12-30,1.2471616486051444,1.391117210952266,1.4903217223286342
2025-12-31,1.2397353490269796,1.3828337192586055,1.4814475113630892
2026-01-05,1.2613293148581308,1.4069202019964502,1.507251669457094
2026-01-06,1.2654594665362164,1.4115270828203228,1.5121870800105273
2026-01-07,1.2595029719614121,1.404883050645968,1.505069243069589
2026-01-08,1.2527500390354194,1.3973506499918416,1.496999685574543
2026-01-09,1.2595839595248897,1.4049733863242282,1.5051660208411184
2026-01-12,1.2691143222426455,1.415603805899843,1.5165545257681485
2026-01-13,1.275667933803662,1.4229138782121389,1.5243859000571274
2026-01-14,1.269315398993004,1.4158280922451285,1.5167948066084465
2026-01-15,1.2687244164702665,1.4151688946505974,1.5160885997649813
2026-01-16,1.2669238406766634,1.413160484610963,1.5139369643126668
2026-01-19,1.2431313804357333,1.386621742845553,1.4855056696490152
2026-01-20,1.2380884841481927,1.3809967624538844,1.4794795559618459
2026-01-21,1.2388053111000525,1.3817963302654201,1.4803361432203637
2026-01-22,1.2449049334685016,1.3886000109803853,1.4876250136918605
2026-01-23,1.238659296799297,1.3816334620381514,1.480161660398165
2026-01-26,1.2376988488331386,1.3805621528799188,1.4790139531472781
2026-01-27,1.2403997115238146,1.3835747668242462,1.4822414051311033
2026-01-28,1.245597134430518,1.3893721103091095,1.488452173612199
2026-01-29,1.2490792910161332,1.393256200204672,1.4926132489675037
2026-01-30,1.2373385645750692,1.380160282254089,1.4785834239880349
2026-02-02,1.2057676196162963,1.346606145415282,1.4426364465434596
2026-02-03,1.2155042439015737,1.3691421555099195,1.4667795633953207
2026-02-04,1.2108355461736486,1.3716005572745509,1.4694132807580245
2026-02-05,1.2076988772308832,1.3628804957682743,1.4600713669490868
2026-02-06,1.1999931952907403,1.3498261842829136,1.4460861155098068
2026-02-09,1.1998733996238449,1.3734954474285077,1.4714433008998464
2026-02-10,1.199945277023982,1.373715528172946,1.4716790762259804
2026-02-11,1.1976649425454955,1.3684187118887408,1.4660045289589447
2026-02-12,1.1936102328740958,1.3637859131914467,1.4610413522550731
2026-02-13,1.177532484417602,1.3454159241808763,1.4413613472591957
2026-02-24,1.2182698667501874,1.391961326218607,1.491226033847226
2026-02-25,1.2195319461166947,1.3934033430629396,1.492770885000064
2026-02-26,1.2144554880652276,1.387603123033971,1.4865570348403494
2026-02-27,1.2165206647860523,1.3899627366184908,1.489084919157807
2026-03-02,1.2686917489726692,1.4495719689541675,1.5529450548112087
2026-03-03,1.2511754226997516,1.429558300870618,1.531504155328719
2026-03-04,1.2206005662717687,1.3946243187834082,1.4940789319599639
2026-03-05,1.2192718959278492,1.3931062169370882,1.492452569967987
2026-03-06,1.2096053047373494,1.3820614382219794,1.4806201567767416
2026-03-09,1.2087376714303748,1.3810701044940348,1.4795581282307635
2026-03-10,1.2186695556088796,1.3924179996117558,1.4917152739144617
2026-03-11,1.2208488241289026,1.3949079713184434,1.4943828125612733
2026-03-12,1.2168304303603452,1.3903166661634776,1.489464088421845
2026-03-13,1.2020600169211684,1.3734404018473958,1.4713843298623206
2026-03-16,1.1872436362510916,1.3565116166495028,1.4532483050080347
2026-03-17,1.1840493757687385,1.3528619433064653,1.4493383631140593
2026-03-18,1.1808509052903016,1.349207459738787,1.4454232679646897
2026-03-19,1.12648305835351,1.2895810036831814,1.3815446803190712
2026-03-20,1.12400918801541,1.2603690869047137,1.3502495789551785
2026-03-23,1.0432141861475948,1.171478035041518,1.2550194542256619
2026-03-24,1.0434697167043383,1.205878257573356,1.2918728541322326
2026-03-25,1.0422414820737143,1.2367276668628595,1.3249222222395267
2026-03-26,1.0425403484132068,1.2191290556342593,1.3060686041616898
2026-03-27,1.0425062266087792,1.2232391887894714,1.3104718425622
2026-03-30,1.0428416880367393,1.238827865205637,1.3271721916790515
2026-03-31,1.0430239301789535,1.2429166124561157,1.3315525190853446
2026-04-01,1.0426972026437629,1.2728468767302146,1.3636171953409075
2026-04-02,1.042947839187927,1.2465764127431143,1.3354733101043592
2026-04-03,1.043263206459375,1.2549787354529394,1.344474826262653
2026-04-07,1.0432615154588494,1.2559498824781667,1.3455152285349248
2026-04-08,1.0430318675530312,1.2815727562902726,1.3729653421055326
2026-04-09,1.0432787274313244,1.262852267676545,1.3529098423863206
2026-04-10,1.0433654407785633,1.2688315242631523,1.3593154967080707
2026-04-13,1.0436047824763344,1.2646211636994587,1.3548048833984898
2026-04-14,1.0441065517769261,1.2732358079168307,1.3640338623128503
2026-04-15,1.0441541131902174,1.278191755773363,1.3693432328584583
2026-04-16,1.044136868515525,1.2812867059492756,1.3726588927039214
2026-04-17,1.0446401681980346,1.2755109202706805,1.3664712193773636
2026-04-20,1.0446708682808175,1.2761872648042107,1.36719579595665
2026-04-21,1.0433005812348481,1.2722457897270518,1.3629732431197932
2026-04-22,1.04449481233898,1.273702086715207,1.3645333927739862
2026-04-23,1.0431264077669367,1.2720333950775922,1.3627457020058567
2026-04-24,1.0418539844749408,1.2704817471583738,1.361083401675438
2026-04-27,1.0402535920629445,1.2685301595289837,1.358992640800503
2026-04-28,1.040525292614701,1.2688614829167553,1.3593475917981788
2026-04-29,1.0404136167242142,1.2687253005125263,1.3592016978407009
2026-04-30,1.0407050095981782,1.2690806375685246,1.3595823749893505
2026-05-06,1.0405631458053644,1.268907642732359,1.3593970434010714
2026-05-07,1.0414836602351776,1.2700301577858124,1.3605996081847085
2026-05-08,1.0419228548774113,1.2705657307017129,1.3611733743233008
2026-05-11,1.0415874372252505,1.2701567079297167,1.3607351829780758
2026-05-12,1.0427217825844972,1.2715399776540468,1.3622170975872678
2026-05-13,1.0430974116098406,1.2719980359112624,1.3627078212771524
2026-05-14,1.042747585689598,1.271571443074863,1.36225080689643
2026-05-15,1.041417522078793,1.2699495060613581,1.3605132049571798
2026-05-18,1.041720726715573,1.2703192468910935,1.3609093130534984
2026-05-19,1.0428139763029611,1.2716524026562606,1.3623375399350535
2026-05-20,1.041645984612919,1.2703912319219117,1.3609864315409026
2026-05-21,1.0407517203538996,1.270018450146039,1.3605870656399581
2026-05-22,1.040413954060555,1.2697011922831376,1.360247183219599
2026-05-25,1.0387151228531368,1.268073008016543,1.3585028885179335
2026-05-26,1.024477332098122,1.2506913816658747,1.3398817291247085
2026-05-27,1.0357941940191977,1.2645071111395614,1.3546826974272692
2026-05-28,1.032646719253204,1.260664644897993,1.3505662140267052
2026-05-29,1.0528310452262548,1.2853058563218993,1.37696466008173
2026-06-01,1.0818810711079532,1.3207703960135702,1.4149582766215634
2026-06-02,1.0780970892340616,1.3161508760205178,1.410009325563971
2026-06-03,1.064481233290666,1.2995285134275523,1.3922015751791117
2026-06-04,1.0418916346250133,1.2719509229028683,1.3626573485065894
2026-06-05,1.025293877521127,1.251688227853969,1.3409496632399942
2026-06-08,0.9865596764156875,1.2062118277189127,1.2922302121103593
2026-06-09,0.9910626808969962,1.2485655061719831,1.3376042514236426
2026-06-10,0.9889334473871788,1.221575043214321,1.308689022049135
2026-06-11,0.9872761634413637,1.2139112127063616,1.3004786620648467
2026-06-12,0.9907048443134537,1.2318694456375063,1.319717547488169
2026-06-15,0.9959000478287896,1.2793658980863294,1.370601106587819
