date,close
2017-01-03,10949585.0
2017-01-04,10857912.0
2017-01-05,11143111.0
2017-01-06,10888472.0
2017-01-09,10531974.0
2017-01-10,10389376.0
2017-01-11,10277332.0
2017-01-12,10531974.0
2017-01-13,10328258.0
2017-01-17,10837542.0
2017-01-18,10379186.0
2017-01-19,10531974.0
2017-01-20,10114360.0
2017-01-23,10297700.0
2017-01-24,9686561.0
2017-01-25,9268951.0
2017-01-26,9421736.0
2017-01-27,9075424.0
2017-01-30,9207837.0
2017-01-31,9574522.0
2017-02-01,9105981.0
2017-02-02,9126350.0
2017-02-03,8973566.0
2017-02-06,8881898.0
2017-02-07,8790227.0
2017-02-08,8739298.0
2017-02-09,8953196.0
2017-02-10,8983751.0
2017-02-13,8922638.0
2017-02-14,9004121.0
2017-02-15,8780041.0
2017-02-16,8759669.0
2017-02-17,8617068.0
2017-02-21,8240197.0
2017-02-22,8230012.0
2017-02-23,8647627.0
2017-02-24,8667996.0
2017-02-27,8392983.0
2017-02-28,8718924.0
2017-03-01,8301311.0
2017-03-02,8576325.0
2017-03-03,8586512.0
2017-03-06,8566141.0
2017-03-07,8515213.0
2017-03-08,8454098.0
2017-03-09,8403170.0
2017-03-10,8107785.5
2017-03-13,7934628.5
2017-03-14,7995743.5
2017-03-15,7812403.0
2017-03-16,7832774.0
2017-03-17,7792030.0
2017-03-20,7629059.0
2017-03-21,8158714.0
2017-03-22,7883700.5
2017-03-23,7944816.0
2017-03-24,7761473.0
2017-03-27,7741102.0
2017-03-28,7659616.5
2017-03-29,7720731.0
2017-03-30,7588317.5
2017-03-31,7598503.0
2017-04-03,7730915.5
2017-04-04,7842958.5
2017-04-05,8016113.5
2017-04-06,7985557.0
2017-04-07,7883700.5
2017-04-10,8056857.5
2017-04-11,8270759.0
2017-04-12,8678181.0
2017-04-13,8851337.0
2017-04-17,8525397.0
2017-04-18,8413355.0
2017-04-19,8260571.5
2017-04-20,7883700.5
2017-04-21,7975372.0
2017-04-24,7639244.5
2017-04-25,7404974.5
2017-04-26,7578131.0
2017-04-27,7262375.0
2017-04-28,7639244.5
2017-05-01,7411087.0
2017-05-02,7649429.5
2017-05-03,7563872.0
2017-05-04,7578131.0
2017-05-05,7494608.0
2017-05-08,7580168.5
2017-05-09,7349972.0
2017-05-10,6885505.5
2017-05-11,6810131.0
2017-05-12,6744944.5
2017-05-15,6439374.5
2017-05-16,6150102.0
2017-05-17,6956805.5
2017-05-18,6561601.5
2017-05-19,6345666.5
2017-05-22,6143990.0
2017-05-23,6205104.5
2017-05-24,6091024.5
2017-05-25,5993242.5
2017-05-26,5907682.5
2017-05-30,5799714.5
2017-05-31,5803789.0
2017-06-01,5789528.5
2017-06-02,5618411.0
2017-06-05,5569519.0
2017-06-06,5512479.5
2017-06-07,5384139.5
2017-06-08,5103015.5
2017-06-09,5738600.5
2017-06-12,5830272.5
2017-06-13,5722304.5
2017-06-14,5907682.5
2017-06-15,6052319.5
2017-06-16,6115470.0
2017-06-19,5763046.5
2017-06-20,5956574.5
2017-06-21,5756936.0
2017-06-22,5791566.5
2017-06-23,5728415.5
2017-06-26,5881200.5
2017-06-27,6355852.0
2017-06-28,6019726.0
2017-06-29,6478080.0
2017-06-30,6577899.5
2017-07-03,6828466.0
2017-07-05,6427151.0
2017-07-06,6504562.0
2017-07-07,6194919.0
2017-07-10,5966760.0
2017-07-11,5805826.0
2017-07-12,5549147.5
2017-07-13,5593965.5
2017-07-14,5375990.5
2017-07-17,5439142.5
2017-07-18,5382102.5
2017-07-19,5235429.5
2017-07-20,5194688.0
2017-07-21,5316914.0
2017-07-24,5375990.5
2017-07-25,5382102.5
2017-07-26,5204873.5
2017-07-27,5449328.0
2017-07-28,5520627.5
2017-07-31,5626559.5
2017-08-01,5538961.0
2017-08-02,5659152.5
2017-08-03,5726378.5
2017-08-04,5706006.5
2017-08-07,5412660.0
2017-08-08,5471736.5
2017-08-09,5524701.0
2017-08-10,5976945.0
2017-08-11,5887311.0
2017-08-14,5428956.0
2017-08-15,5382102.5
2017-08-16,5363768.0
2017-08-17,5779343.5
2017-08-18,5740636.5
2017-08-21,5864903.5
2017-08-22,5579705.5
2017-08-23,5512479.5
2017-08-24,5516553.0
2017-08-25,5593965.5
2017-08-28,5551186.0
2017-08-29,5512479.5
2017-08-30,5227280.5
2017-08-31,5076533.5
2017-09-01,5011345.0
2017-09-05,5210984.0
2017-09-06,5186538.5
2017-09-07,5166166.5
2017-09-08,5351545.5
2017-09-11,5037827.0
2017-09-12,4972639.0
2017-09-13,4948195.0
2017-09-14,4880968.5
2017-09-15,4634475.5
2017-09-18,4451132.5
2017-09-19,4402241.5
2017-09-20,4581510.0
2017-09-21,4644662.0
2017-09-22,4583547.0
2017-09-25,4846337.0
2017-09-26,4854486.5
2017-09-27,4512248.0
2017-09-28,4410390.5
2017-09-29,4302422.0
2017-10-02,4225011.5
2017-10-03,4184268.75
2017-10-04,4157786.75
2017-10-05,4143526.5
2017-10-06,4094635.25
2017-10-09,4000927.5
2017-10-10,3931665.25
2017-10-11,3854253.75
2017-10-12,3892959.5
2017-10-13,3817585.0
2017-10-16,3760545.75
2017-10-17,3768694.5
2017-10-18,3729989.25
2017-10-19,3760545.75
2017-10-20,3705543.5
2017-10-23,3648503.25
2017-10-24,3575166.75
2017-10-25,3715728.75
2017-10-26,3648503.25
2017-10-27,3416270.5
2017-10-30,3391824.75
2017-10-31,3308302.5
2017-11-01,3342933.75
2017-11-02,3298116.25
2017-11-03,3124960.5
2017-11-06,2992546.75
2017-11-07,3000696.0
2017-11-08,2968101.5
2017-11-09,3145331.75
2017-11-10,3092366.5
2017-11-13,3063846.5
2017-11-14,3074031.75
2017-11-15,3153480.25
2017-11-16,3008844.25
2017-11-17,3049586.5
2017-11-20,2941618.5
2017-11-21,2837725.5
2017-11-22,2890690.25
2017-11-24,2817353.5
2017-11-27,2917172.75
2017-11-28,2923285.0
2017-11-29,3304228.5
2017-11-30,3245151.25
2017-12-01,3355156.25
2017-12-04,3599612.0
2017-12-05,3597574.25
2017-12-06,3556832.25
2017-12-07,3452938.25
2017-12-08,3507941.75
2017-12-11,3446827.5
2017-12-12,3546647.0
2017-12-13,3552758.25
2017-12-14,3556832.25
2017-12-15,3395899.0
2017-12-18,3169777.5
2017-12-19,3179963.0
2017-12-20,3118849.0
2017-12-21,3216632.0
2017-12-22,3226816.5
2017-12-26,3316450.5
2017-12-27,3281819.5
2017-12-28,3263486.0
2017-12-29,3361267.75
2018-01-02,3086255.5
2018-01-03,2929395.75
2018-01-04,2878468.0
2018-01-05,2827539.25
2018-01-08,2762350.5
2018-01-09,2841799.5
2018-01-10,2943655.5
2018-01-11,2890690.25
2018-01-12,2845872.5
2018-01-16,2815316.5
2018-01-17,2572897.25
2018-01-18,2538266.75
2018-01-19,2530117.75
2018-01-22,2475115.0
2018-01-23,2420113.0
2018-01-24,2581046.0
2018-01-25,2717534.25
2018-01-26,2458818.0
2018-01-29,2466967.0
2018-01-30,2611603.0
2018-01-31,2550489.75
2018-02-01,2589194.75
2018-02-02,2799019.0
2018-02-05,3190148.75
2018-02-06,2839762.5
2018-02-07,3029215.0
2018-02-08,3412196.0
2018-02-09,3112737.0
2018-02-12,2933470.0
2018-02-13,2937544.25
2018-02-14,2741980.0
2018-02-15,2640123.5
2018-02-16,2672717.0
2018-02-20,2528081.25
2018-02-21,2617714.75
2018-02-22,2638085.75
2018-02-23,2466967.0
2018-02-26,2306033.75
2018-02-27,2330479.0
2018-02-28,2389555.75
2018-03-01,2507709.5
2018-03-02,2377333.0
2018-03-05,2312145.25
2018-03-06,2208250.75
2018-03-07,2189917.25
2018-03-08,2183805.25
2018-03-09,2043244.0
2018-03-12,1984166.75
2018-03-13,2073799.5
2018-03-14,2073799.5
2018-03-15,2079911.625
2018-03-16,2083986.125
2018-03-19,2204176.5
2018-03-20,2149720.5
2018-03-21,2135443.75
2018-03-22,2310847.0
2018-03-23,2541320.0
2018-03-26,2225184.5
2018-03-27,2476053.0
2018-03-28,2631061.25
2018-03-29,2459735.75
2018-04-02,2741199.25
2018-04-03,2584150.75
2018-04-04,2482172.0
2018-04-05,2555597.25
2018-04-06,2794228.0
2018-04-09,2741199.25
2018-04-10,2478092.25
2018-04-11,2476053.0
2018-04-12,2333282.75
2018-04-13,2390390.5
2018-04-16,2376113.75
2018-04-17,2239461.0
2018-04-18,2310847.0
2018-04-19,2608626.5
2018-04-20,2702447.25
2018-04-23,2812584.75
2018-04-24,2879890.25
2018-04-25,2892128.25
2018-04-26,2710605.0
2018-04-27,2769752.75
2018-04-30,2863573.5
2018-05-01,2718763.25
2018-05-02,2753436.0
2018-05-03,2706526.0
2018-05-04,2510726.0
2018-05-07,2443419.75
2018-05-08,2390390.5
2018-05-09,2290450.5
2018-05-10,2166037.0
2018-05-11,2214986.25
2018-05-14,2131363.75
2018-05-15,2206827.75
2018-05-16,2113007.25
2018-05-17,2137482.5
2018-05-18,2229263.5
2018-05-21,2157877.75
2018-05-22,2123204.75
2018-05-23,2090572.125
2018-05-24,2066097.375
2018-05-25,2019186.625
2018-05-29,2055899.0
2018-05-30,2015107.375
2018-05-31,2057937.625
2018-06-01,1919247.25
2018-06-04,1872337.0
2018-06-05,1847862.125
2018-06-06,1813188.625
2018-06-07,1860099.125
2018-06-08,1909049.5
2018-06-11,1923326.25
2018-06-12,1894772.375
2018-06-13,1900891.0
2018-06-14,1868258.125
2018-06-15,1872337.0
2018-06-18,1929444.75
2018-06-19,1990276.0
2018-06-20,1961698.0
2018-06-21,2035184.375
2018-06-22,2086217.25
2018-06-25,2267894.25
2018-06-26,2243398.25
2018-06-27,2408744.75
2018-06-28,2345464.0
2018-06-29,2335256.75
2018-07-02,2292390.0
2018-07-03,2416909.0
2018-07-05,2227068.0
2018-07-06,2145415.75
2018-07-09,2102547.75
2018-07-10,2037226.375
2018-07-11,2196448.5
2018-07-12,2149498.25
2018-07-13,2176035.25
2018-07-16,2186241.5
2018-07-17,2088258.25
2018-07-18,2043350.625
2018-07-19,2057639.125
2018-07-20,2090300.25
2018-07-23,2080093.375
2018-07-24,2149498.25
2018-07-25,2114796.25
2018-07-26,1998441.25
2018-07-27,2027019.5
2018-07-30,2086217.25
2018-07-31,2043350.625
2018-08-01,2055598.0
2018-08-02,1994358.375
2018-08-03,1986193.5
2018-08-06,1949449.625
2018-08-07,1902500.0
2018-08-08,1886169.375
2018-08-09,1947408.375
2018-08-10,2090300.25
2018-08-13,2086217.25
2018-08-14,2094382.625
2018-08-15,2180117.5
2018-08-16,2190324.5
2018-08-17,2239316.0
2018-08-20,2245439.5
2018-08-21,2112753.75
2018-08-22,2086217.25
2018-08-23,2080093.375
2018-08-24,1988235.125
2018-08-27,1898417.25
2018-08-28,1873921.25
2018-08-29,1861673.625
2018-08-30,1912706.375
2018-08-31,1880045.0
2018-09-04,1835136.625
2018-09-05,1863715.125
2018-09-06,2010689.125
2018-09-07,2037226.375
2018-09-10,1971904.375
2018-09-11,2029060.75
2018-09-12,2094382.625
2018-09-13,2027019.5
2018-09-14,1961698.0
2018-09-17,2045391.125
2018-09-18,1988235.125
2018-09-19,1975986.75
2018-09-20,1906582.5
2018-09-21,1929036.875
2018-09-24,1906582.5
2018-09-25,2002729.875
2018-09-26,2057963.125
2018-09-27,2029324.25
2018-09-28,1992501.625
2018-10-01,1976135.875
2018-10-02,1978181.375
2018-10-03,1969999.375
2018-10-04,2080465.625
2018-10-05,2225710.0
2018-10-08,2299355.25
2018-10-09,2307537.75
2018-10-10,2610299.75
2018-10-11,2696218.75
2018-10-12,2540746.25
2018-10-15,2608253.5
2018-10-16,2350497.25
2018-10-17,2383228.0
2018-10-18,2565294.5
2018-10-19,2683944.25
2018-10-22,2630756.5
2018-10-23,2675761.75
2018-10-24,3205594.75
2018-10-25,2982615.0
2018-10-26,3142178.75
2018-10-29,3234235.0
2018-10-30,2831234.0
2018-10-31,2726903.75
2018-11-01,2350497.25
2018-11-02,2454827.0
2018-11-05,2518243.25
2018-11-06,2430278.25
2018-11-07,2340268.5
2018-11-08,2372999.25
2018-11-09,2503923.75
2018-11-12,2835325.5
2018-11-13,2722812.75
2018-11-14,2690081.25
2018-11-15,2420050.5
2018-11-16,2503923.75
2018-11-19,2794411.5
2018-11-20,2784183.0
2018-11-21,2747361.0
2018-11-23,2749406.0
2018-11-26,2595979.5
2018-11-27,2581660.25
2018-11-28,2399593.25
2018-11-29,2460964.75
2018-11-30,2356633.75
2018-12-03,2168430.75
2018-12-04,2479375.5
2018-12-06,2520289.5
2018-12-07,2802594.25
2018-12-10,2683944.25
2018-12-11,2638939.5
2018-12-12,2522334.75
2018-12-13,2553020.75
2018-12-14,2661442.0
2018-12-17,2761680.75
2018-12-18,2649167.5
2018-12-19,2984660.75
2018-12-20,3062396.5
2018-12-21,3203549.25
2018-12-24,3475625.75
2018-12-26,2878284.75
2018-12-27,2816450.75
2018-12-28,2758930.25
2018-12-31,2709626.75
2019-01-02,2637726.0
2019-01-03,3099943.75
2019-01-04,2695246.5
2019-01-07,2545282.75
2019-01-08,2578151.0
2019-01-09,2385046.25
2019-01-10,2315200.25
2019-01-11,2249462.5
2019-01-14,2354232.0
2019-01-15,2341906.0
2019-01-16,2395318.25
2019-01-17,2315200.25
2019-01-18,2154964.25
2019-01-22,2337797.5
2019-01-23,2387101.0
2019-01-24,1980348.75
2019-01-25,1852982.0
2019-01-28,1961860.125
2019-01-29,2048140.5
2019-01-30,1871470.625
2019-01-31,1871470.625
2019-02-01,1803678.625
2019-02-04,1779027.0
2019-02-05,1754375.375
2019-02-06,1614682.5
2019-02-07,1719452.125
2019-02-08,1725615.125
2019-02-11,1700963.375
2019-02-12,1596193.875
2019-02-13,1579759.5
2019-02-14,1567433.625
2019-02-15,1546890.625
2019-02-19,1553053.5
2019-02-20,1514021.875
2019-02-21,1546890.625
2019-02-22,1499641.75
2019-02-25,1460609.875
2019-02-26,1489370.25
2019-02-27,1544836.25
2019-02-28,1540727.5
2019-03-01,1497587.5
2019-03-04,1497587.5
2019-03-05,1520184.625
2019-03-06,1596193.875
2019-03-07,1647551.625
2019-03-08,1649605.75
2019-03-11,1532510.375
2019-03-12,1514021.875
2019-03-13,1497587.5
2019-03-14,1524293.125
2019-03-15,1390763.75
2019-03-18,1401035.0
2019-03-19,1344812.5
2019-03-20,1383942.0
2019-03-21,1237721.625
2019-03-22,1342753.0
2019-03-25,1396298.625
2019-03-26,1353049.875
2019-03-27,1412773.75
2019-03-28,1418952.25
2019-03-29,1353049.875
2019-04-01,1254197.375
2019-04-02,1250078.25
2019-04-03,1165641.5
2019-04-04,1163582.0
2019-04-05,1134749.625
2019-04-08,1126512.0
2019-04-09,1165641.5
2019-04-10,1136809.25
2019-04-11,1136809.25
2019-04-12,1091501.75
2019-04-15,1114155.625
2019-04-16,1009124.25
2019-04-17,963816.375
2019-04-18,959697.75
2019-04-22,961757.3125
2019-04-23,932925.0
2019-04-24,904092.875
2019-04-25,953519.4375
2019-04-26,978232.6875
2019-04-29,982351.5
2019-04-30,961757.3125
2019-05-01,984411.0
2019-05-02,951460.0625
2019-05-03,932925.0
2019-05-06,982351.5
2019-05-07,1052372.5
2019-05-08,1077085.75
2019-05-09,1114155.625
2019-05-10,1110036.625
2019-05-13,1270672.875
2019-05-14,1175938.75
2019-05-15,1147106.375
2019-05-16,1206830.25
2019-05-17,1278910.375
2019-05-20,1431308.625
2019-05-21,1340693.375
2019-05-22,1425130.375
2019-05-23,1497210.625
2019-05-24,1536340.0
2019-05-28,1575469.25
2019-05-29,1554875.25
2019-05-30,1521924.0
2019-05-31,1583707.125
2019-06-03,1575469.25
2019-06-04,1373644.5
2019-06-05,1400417.125
2019-06-06,1344812.5
2019-06-07,1299504.875
2019-06-10,1196533.125
2019-06-11,1190354.625
2019-06-12,1272732.25
2019-06-13,1252137.75
2019-06-14,1348931.5
2019-06-17,1377763.375
2019-06-18,1198592.375
2019-06-19,1196533.125
2019-06-20,1159463.125
2019-06-21,1186235.875
2019-06-24,1175938.75
2019-06-25,1227424.625
2019-06-26,1110036.625
2019-06-27,1058550.5
2019-06-28,1060816.25
2019-07-01,973701.9375
2019-07-02,1014067.0
2019-07-03,1028894.875
2019-07-05,1047429.8125
2019-07-08,1070907.375
2019-07-09,1047223.625
2019-07-10,1026835.3125
2019-07-11,1014478.625
2019-07-12,959697.75
2019-07-15,936631.8125
2019-07-16,968759.25
2019-07-17,960109.5
2019-07-18,916449.625
2019-07-19,921186.1875
2019-07-22,867846.8125
2019-07-23,835925.5
2019-07-24,758696.75
2019-07-25,797414.0
2019-07-26,797414.0
2019-07-29,792471.4375
2019-07-30,796590.1875
2019-07-31,875260.875
2019-08-01,927570.4375
2019-08-02,968965.1875
2019-08-05,1096444.25
2019-08-06,1052372.5
2019-08-07,1030748.5
2019-08-08,947753.0
2019-08-09,999856.8125
2019-08-12,1035073.0625
2019-08-13,943840.0625
2019-08-14,1032395.75
2019-08-15,1039191.9375
2019-08-16,954343.0625
2019-08-19,901621.625
2019-08-20,914595.875
2019-08-21,889265.0625
2019-08-22,890706.5
2019-08-23,1006447.125
2019-08-26,981115.9375
2019-08-27,991413.1875
2019-08-28,973084.0625
2019-08-29,906564.25
2019-08-30,890912.4375
2019-09-03,936837.875
2019-09-04,860226.8125
2019-09-05,780938.6875
2019-09-06,777643.5
2019-09-09,766316.5
2019-09-10,756637.125
2019-09-11,722450.5625
2019-09-12,716890.0625
2019-09-13,722862.5625
2019-09-16,737484.5625
2019-09-17,731305.9375
2019-09-18,729658.5625
2019-09-19,741397.25
2019-09-20,781762.3125
2019-09-23,757666.875
2019-09-24,795721.375
2019-09-25,753208.125
2019-09-26,753623.0625
2019-09-27,805883.0
2019-09-30,782449.0
2019-10-01,802564.875
2019-10-02,840930.375
2019-10-03,798002.625
2019-10-04,755074.8125
2019-10-07,771457.8125
2019-10-08,842382.125
2019-10-09,799869.0
2019-10-10,776434.875
2019-10-11,724796.9375
2019-10-14,724796.9375
2019-10-15,676891.9375
2019-10-16,706547.5
2019-10-17,698252.1875
2019-10-18,722308.4375
2019-10-21,681661.8125
2019-10-22,696800.5625
2019-10-23,737862.0
2019-10-24,683735.625
2019-10-25,642051.9375
2019-10-28,608248.75
2019-10-29,624632.0
2019-10-30,624217.125
2019-10-31,635415.6875
2019-11-01,592073.0625
2019-11-04,553085.5
2019-11-05,549767.3125
2019-11-06,563039.6875
2019-11-07,551011.8125
2019-11-08,543131.1875
2019-11-11,551633.8125
2019-11-12,546864.0
2019-11-13,547071.375
2019-11-14,551633.8125
2019-11-15,537324.6875
2019-11-18,541057.1875
2019-11-19,548937.75
2019-11-20,568431.75
2019-11-21,586473.9375
2019-11-22,587510.75
2019-11-25,543753.3125
2019-11-26,551841.125
2019-11-27,540020.25
2019-11-29,557440.4375
2019-12-02,582326.125
2019-12-03,609285.625
2019-12-04,580667.125
2019-12-05,573823.5625
2019-12-06,547071.375
2019-12-09,555781.5
2019-12-10,550182.125
2019-12-11,513682.96875
2019-12-12,472414.21875
2019-12-13,480087.3125
2019-12-16,465985.46875
2019-12-17,459971.375
2019-12-18,460800.875
2019-12-19,449394.84375
2019-12-20,435085.5625
2019-12-23,432464.59375
2019-12-24,429136.34375
2019-12-26,427680.25
2019-12-27,432048.5
2019-12-30,441825.28125
2019-12-31,438705.03125
2020-01-02,411455.03125
2020-01-03,433712.65625
2020-01-06,446609.65625
2020-01-07,424144.03125
2020-01-08,423311.875
2020-01-09,415615.3125
2020-01-10,424144.03125
2020-01-13,407710.78125
2020-01-14,405214.5625
2020-01-15,419567.6875
2020-01-16,398974.03125
2020-01-17,391069.4375
2020-01-21,391901.4375
2020-01-22,382332.78125
2020-01-23,373180.15625
2020-01-24,386077.125
2020-01-27,430800.46875
2020-01-28,399806.15625
2020-01-29,422063.78125
2020-01-30,423103.875
2020-01-31,468451.3125
2020-02-03,451602.0625
2020-02-04,408958.78125
2020-02-05,382124.75
2020-02-06,381500.71875
2020-02-07,409374.84375
2020-02-10,390653.46875
2020-02-11,366523.59375
2020-02-12,350714.375
2020-02-13,350298.375
2020-02-14,352170.46875
2020-02-18,367147.65625
2020-02-19,338441.4375
2020-02-20,353418.6875
2020-02-21,385453.0625
2020-02-24,440161.15625
2020-02-25,480932.28125
2020-02-26,476772.0
2020-02-27,543753.0
2020-02-28,505062.0
2020-03-02,454514.25
2020-03-03,501317.78125
2020-03-04,426640.15625
2020-03-05,464499.0
2020-03-06,492997.21875
2020-03-09,618222.5625
2020-03-10,500693.71875
2020-03-11,586604.1875
2020-03-12,780058.8125
2020-03-13,522119.46875
2020-03-16,763625.5
2020-03-17,546873.25
2020-03-18,679587.125
2020-03-19,614894.3125
2020-03-20,667938.375
2020-03-23,607405.8125
2020-03-24,406576.53125
2020-03-25,414703.9375
2020-03-26,333847.0625
2020-03-27,380944.125
2020-03-30,339473.75
2020-03-31,361980.28125
2020-04-01,420122.09375
2020-04-02,380318.90625
2020-04-03,401991.84375
2020-04-06,280498.25
2020-04-07,281956.9375
2020-04-08,253615.390625
2020-04-09,269453.40625
2020-04-13,258825.265625
2020-04-14,225273.859375
2020-04-15,242362.140625
2020-04-16,224440.265625
2020-04-17,218813.625
2020-04-20,232776.0
2020-04-21,266744.21875
2020-04-22,220272.40625
2020-04-23,226107.390625
2020-04-24,211311.453125
2020-04-27,202767.296875
2020-04-28,206518.390625
2020-04-29,176092.84375
2020-04-30,194848.328125
2020-05-01,224231.859375
2020-05-04,217771.6875
2020-05-05,206518.390625
2020-05-06,199641.390625
2020-05-07,193597.984375
2020-05-08,176301.25
2020-05-11,176718.046875
2020-05-12,191305.59375
2020-05-13,202558.90625
2020-05-14,185678.984375
2020-05-15,197349.015625
2020-05-18,169215.859375
2020-05-19,171508.203125
2020-05-20,152335.953125
2020-05-21,164006.03125
2020-05-22,161088.5
2020-05-26,156503.84375
2020-05-27,149626.84375
2020-05-28,159421.359375
2020-05-29,146709.328125
2020-06-01,149001.65625
2020-06-02,139415.53125
2020-06-03,127328.6796875
2020-06-04,123785.96875
2020-06-05,113991.46875
2020-06-08,115033.453125
2020-06-09,115033.453125
2020-06-10,114199.8828125
2020-06-11,135664.4375
2020-06-12,129829.4375
2020-06-15,124202.7734375
2020-06-16,117534.1796875
2020-06-17,114199.8828125
2020-06-18,115033.453125
2020-06-19,116908.9921875
2020-06-22,114199.8828125
2020-06-23,112949.5078125
2020-06-24,120451.703125
2020-06-25,117742.5703125
2020-06-26,124202.7734375
2020-06-29,120451.703125
2020-06-30,110865.5625
2020-07-01,115241.8515625
2020-07-02,110865.5625
2020-07-06,101696.234375
2020-07-07,105864.109375
2020-07-08,101279.453125
2020-07-09,96903.171875
2020-07-10,97945.140625
2020-07-13,103363.390625
2020-07-14,97528.359375
2020-07-15,98361.9375
2020-07-16,99612.3046875
2020-07-17,97736.75
2020-07-20,92110.109375
2020-07-21,93985.6640625
2020-07-22,92318.515625
2020-07-23,96903.171875
2020-07-24,101904.625
2020-07-27,91693.3125
2020-07-28,97111.5703125
2020-07-29,91068.1484375
2020-07-30,85441.5078125
2020-07-31,86900.2578125
2020-08-03,81898.8203125
2020-08-04,78147.734375
2020-08-05,78356.1171875
2020-08-06,78772.90625
2020-08-07,81273.6328125
2020-08-10,81273.6328125
2020-08-11,84191.15625
2020-08-12,75438.609375
2020-08-13,77939.3203125
2020-08-14,77939.3203125
2020-08-17,75230.21875
2020-08-18,76688.9609375
2020-08-19,78147.734375
2020-08-20,80023.2734375
2020-08-21,78356.1171875
2020-08-24,75855.3828125
2020-08-25,73563.0546875
2020-08-26,72937.890625
2020-08-27,75646.9921875
2020-08-28,71166.515625
2020-08-31,71461.7421875
2020-09-01,67259.1484375
2020-09-02,61406.7421875
2020-09-03,72034.84375
2020-09-04,74205.609375
2020-09-08,84399.546875
2020-09-09,77123.109375
2020-09-10,80544.25
2020-09-11,80578.984375
2020-09-14,75646.9921875
2020-09-15,71583.3125
2020-09-16,73806.1796875
2020-09-17,74084.03125
2020-09-18,77383.609375
2020-09-21,77904.59375
2020-09-22,75091.28125
2020-09-23,80526.8828125
2020-09-24,78390.8515625
2020-09-25,74917.6171875
2020-09-28,68683.1796875
2020-09-29,68214.2734375
2020-09-30,68092.6953125
2020-10-01,63785.9140625
2020-10-02,69655.671875
2020-10-05,62674.47265625
2020-10-06,63664.33984375
2020-10-07,59809.05859375
2020-10-08,57655.65234375
2020-10-09,54668.66796875
2020-10-12,52115.84765625
2020-10-13,52376.33984375
2020-10-14,53175.1875
2020-10-15,53661.4375
2020-10-16,54338.71484375
2020-10-19,55259.12109375
2020-10-20,55380.68359375
2020-10-21,56631.04296875
2020-10-22,56335.82421875
2020-10-23,57238.86328125
2020-10-26,60868.390625
2020-10-27,61545.671875
2020-10-28,67814.859375
2020-10-29,62222.9453125
2020-10-30,64862.609375
2020-11-02,63855.37890625
2020-11-03,60156.37890625
2020-11-04,53887.19921875
2020-11-05,46662.875
2020-11-06,44405.27734375
2020-11-09,46020.33203125
2020-11-10,50240.30078125
2020-11-11,44735.21875
2020-11-12,46367.6484375
2020-11-13,44631.03125
2020-11-16,41296.73046875
2020-11-17,42373.42578125
2020-11-18,43293.83203125
2020-11-19,41314.10546875
2020-11-20,41887.171875
2020-11-23,39976.90234375
2020-11-24,39334.34765625
2020-11-25,39751.140625
2020-11-27,38344.48046875
2020-11-30,36764.16796875
2020-12-01,34975.4453125
2020-12-02,34732.3203125
2020-12-03,34662.8515625
2020-12-04,31710.609375
2020-12-07,31311.185546875
2020-12-08,30929.13671875
2020-12-09,33603.5234375
2020-12-10,33725.08203125
2020-12-11,34662.8515625
2020-12-14,33481.953125
2020-12-15,32057.931640625
2020-12-16,32110.03125
2020-12-17,31919.0078125
2020-12-18,32387.888671875
2020-12-21,32978.3359375
2020-12-22,33047.80078125
2020-12-23,33864.01171875
2020-12-24,32874.140625
2020-12-28,32978.3359375
2020-12-29,33221.46875
2020-12-30,31554.314453125
2020-12-31,31154.888671875
2021-01-04,31554.314453125
2021-01-05,29748.232421875
2021-01-06,30008.728515625
2021-01-07,26639.6875
2021-01-08,26570.2265625
2021-01-11,25701.916015625
2021-01-12,25163.56640625
2021-01-13,25111.46875
2021-01-14,23513.775390625
2021-01-15,24903.076171875
2021-01-19,22402.34375
2021-01-20,22610.7421875
2021-01-21,21568.771484375
2021-01-22,22732.306640625
2021-01-25,22645.470703125
2021-01-26,23704.80859375
2021-01-27,27351.703125
2021-01-28,25667.185546875
2021-01-29,26865.453125
2021-02-01,23739.544921875
2021-02-02,22558.642578125
2021-02-03,24017.3984375
2021-02-04,23374.8515625
2021-02-05,23913.19921875
2021-02-08,21690.3359375
2021-02-09,21968.193359375
2021-02-10,21725.064453125
2021-02-11,19536.93359375
2021-02-12,18738.0859375
2021-02-16,18477.595703125
2021-02-17,19432.734375
2021-02-18,20023.185546875
2021-02-19,18529.693359375
2021-02-22,20630.99609375
2021-02-23,21013.0546875
2021-02-24,18946.48046875
2021-02-25,22350.248046875
2021-02-26,20717.828125
2021-03-01,18651.255859375
2021-03-02,20387.873046875
2021-03-03,22280.78515625
2021-03-04,25545.62109375
2021-03-05,23096.99609375
2021-03-08,26830.71875
2021-03-09,21916.095703125
2021-03-10,23079.62890625
2021-03-11,20231.578125
2021-03-12,20874.125
2021-03-15,19450.099609375
2021-03-16,18755.453125
2021-03-17,17991.34375
2021-03-18,20301.04296875
2021-03-19,19536.93359375
2021-03-22,18251.8359375
2021-03-23,19727.958984375
2021-03-24,20544.16796875
2021-03-25,20405.240234375
2021-03-26,17418.255859375
2021-03-29,18286.568359375
2021-03-30,18408.1328125
2021-03-31,16966.740234375
2021-04-01,15125.923828125
2021-04-05,14222.88671875
2021-04-06,14657.037109375
2021-04-07,14709.138671875
2021-04-08,14205.521484375
2021-04-09,14274.9853515625
2021-04-12,14761.2353515625
2021-04-13,14848.06640625
2021-04-14,15386.41796875
2021-04-15,14570.208984375
2021-04-16,14795.96484375
2021-04-19,15907.40234375
2021-04-20,16654.150390625
2021-04-21,15282.22265625
2021-04-22,16358.9208984375
2021-04-23,15369.052734375
2021-04-26,14622.306640625
2021-04-27,14882.80078125
2021-04-28,15542.7119140625
2021-04-29,15230.1220703125
2021-04-30,16532.583984375
2021-05-03,17105.666015625
2021-05-04,17904.509765625
2021-05-05,17609.28515625
2021-05-06,17175.130859375
2021-05-07,16411.021484375
2021-05-10,18685.98828125
2021-05-11,18494.9609375
2021-05-12,20856.759765625
2021-05-13,19832.154296875
2021-05-14,18095.5390625
2021-05-17,18512.326171875
2021-05-18,19033.310546875
2021-05-19,17869.77734375
2021-05-20,16445.755859375
2021-05-21,16654.150390625
2021-05-24,15525.3466796875
2021-05-25,15386.41796875
2021-05-26,15230.1220703125
2021-05-27,14952.2646484375
2021-05-28,14604.9423828125
2021-06-01,14778.6025390625
2021-06-02,14431.28125
2021-06-03,15178.0263671875
2021-06-04,14118.6884765625
2021-06-07,14396.546875
2021-06-08,14657.037109375
2021-06-09,14848.06640625
2021-06-10,14327.08203125
2021-06-11,14170.7861328125
2021-06-14,13562.9716796875
2021-06-15,13927.66015625
2021-06-16,14205.521484375
2021-06-17,13823.4619140625
2021-06-18,14795.96484375
2021-06-21,14500.7451171875
2021-06-22,14309.7158203125
2021-06-23,14188.1552734375
2021-06-24,13441.408203125
2021-06-25,13562.9716796875
2021-06-28,12555.734375
2021-06-29,12243.142578125
2021-06-30,12277.8779296875
2021-07-01,12833.5927734375
2021-07-02,12590.4677734375
2021-07-06,12677.2978515625
2021-07-07,13198.28125
2021-07-08,13667.1669921875
2021-07-09,12972.51953125
2021-07-12,12503.63671875
2021-07-13,12712.029296875
2021-07-14,12850.9580078125
2021-07-15,13667.1669921875
2021-07-16,14604.9423828125
2021-07-19,14587.57421875
2021-07-20,13962.392578125
2021-07-21,12677.2978515625
2021-07-22,13041.986328125
2021-07-23,12746.76171875
2021-07-26,12798.859375
2021-07-27,13493.5068359375
2021-07-28,12781.4951171875
2021-07-29,12104.21484375
2021-07-30,11843.7197265625
2021-08-02,11617.9599609375
2021-08-03,11409.5673828125
2021-08-04,11027.5126953125
2021-08-05,11079.6103515625
2021-08-06,11201.171875
2021-08-09,11340.1025390625
2021-08-10,11722.158203125
2021-08-11,11826.3544921875
2021-08-12,12225.77734375
2021-08-13,11982.6513671875
2021-08-16,12121.580078125
2021-08-17,12816.224609375
2021-08-18,13406.67578125
2021-08-19,13076.7197265625
2021-08-20,12781.4951171875
2021-08-23,11774.2578125
2021-08-24,11722.158203125
2021-08-25,11479.0322265625
2021-08-26,11461.6640625
2021-08-27,10801.7529296875
2021-08-30,10697.5546875
2021-08-31,10940.6826171875
2021-09-01,11114.341796875
2021-09-02,11027.5126953125
2021-09-03,10784.3857421875
2021-09-07,10905.94921875
2021-09-08,11305.37109375
2021-09-09,11183.8046875
2021-09-10,10905.94921875
2021-09-13,10628.0908203125
2021-09-14,10575.9912109375
2021-09-15,10454.4287109375
2021-09-16,10367.5986328125
2021-09-17,10836.4853515625
2021-09-20,11652.6943359375
2021-09-21,11531.1279296875
2021-09-22,10819.1171875
2021-09-23,10384.9638671875
2021-09-24,10437.0625
2021-09-27,10471.79296875
2021-09-28,11704.7919921875
2021-09-29,12295.2421875
2021-09-30,12295.2421875
2021-10-01,12295.2421875
2021-10-04,13233.013671875
2021-10-05,12625.19921875
2021-10-06,12503.63671875
2021-10-07,12034.748046875
2021-10-08,12364.7080078125
2021-10-11,12659.931640625
2021-10-12,13094.0849609375
2021-10-13,12868.3251953125
2021-10-14,11722.158203125
2021-10-15,11461.6640625
2021-10-18,11183.8046875
2021-10-19,10801.7529296875
2021-10-20,10871.2158203125
2021-10-21,10506.52734375
2021-10-22,10871.2158203125
2021-10-25,10645.45703125
2021-10-26,10628.0908203125
2021-10-27,10871.2158203125
2021-10-28,10089.73828125
2021-10-29,9985.54296875
2021-11-01,9516.6552734375
2021-11-02,9169.3330078125
2021-11-03,8822.009765625
2021-11-04,7953.701171875
2021-11-05,7675.8427734375
2021-11-08,7345.88623046875
2021-11-09,7345.88623046875
2021-11-10,7988.43310546875
2021-11-11,7484.81396484375
2021-11-12,7276.4208984375
2021-11-15,7259.0537109375
2021-11-16,6963.830078125
2021-11-17,7102.7607421875
2021-11-18,6755.43603515625
2021-11-19,6668.60595703125
2021-11-22,6981.1962890625
2021-11-23,7033.2958984375
2021-11-24,6824.9013671875
2021-11-26,7380.61767578125
2021-11-29,6477.5771484375
2021-11-30,6842.26611328125
2021-12-01,6998.5634765625
2021-12-02,6998.5634765625
2021-12-03,7050.66162109375
2021-12-06,7068.02734375
2021-12-07,6008.69140625
2021-12-08,6112.888671875
2021-12-09,6529.67626953125
2021-12-10,6356.0146484375
2021-12-13,6859.63330078125
2021-12-14,6929.09765625
2021-12-15,6182.35400390625
2021-12-16,7033.2958984375
2021-12-17,7015.92919921875
2021-12-20,7172.22509765625
2021-12-21,6460.2119140625
2021-12-22,6286.55029296875
2021-12-23,6043.4248046875
2021-12-27,5557.1708984375
2021-12-28,5730.83203125
2021-12-29,5730.83203125
2021-12-30,5939.2275390625
2021-12-31,5939.2275390625
2022-01-03,5591.90234375
2022-01-04,5661.36767578125
2022-01-05,6217.0859375
2022-01-06,6060.7900390625
2022-01-07,6599.140625
2022-01-10,6564.40771484375
2022-01-11,6199.71875
2022-01-12,6078.15625
2022-01-13,6494.94384765625
2022-01-14,6043.4248046875
2022-01-18,6824.9013671875
2022-01-19,7450.08251953125
2022-01-20,8179.46044921875
2022-01-21,8596.25
2022-01-24,8214.1943359375
2022-01-25,9204.06640625
2022-01-26,8717.8125
2022-01-27,9933.443359375
2022-01-28,9377.7265625
2022-01-31,7832.1396484375
2022-02-01,7589.01318359375
2022-02-02,7033.2958984375
2022-02-03,7971.0673828125
2022-02-04,7814.77294921875
2022-02-07,7814.77294921875
2022-02-08,7293.787109375
2022-02-09,6564.40771484375
2022-02-10,7172.22509765625
2022-02-11,8214.1943359375
2022-02-14,8214.1943359375
2022-02-15,6824.9013671875
2022-02-16,6842.26611328125
2022-02-17,7606.37841796875
2022-02-18,7814.77294921875
2022-02-22,8005.80029296875
2022-02-23,8596.25
2022-02-24,7641.111328125
2022-02-25,7276.4208984375
2022-02-28,7415.349609375
2022-03-01,8179.46044921875
2022-03-02,7380.61767578125
2022-03-03,7849.50390625
2022-03-04,8422.5869140625
2022-03-07,9707.685546875
2022-03-08,9169.3330078125
2022-03-09,8040.53369140625
2022-03-10,8526.7841796875
2022-03-11,9065.1357421875
2022-03-14,9898.7099609375
2022-03-15,8613.615234375
2022-03-16,7328.5185546875
2022-03-17,7154.85791015625
2022-03-18,6703.337890625
2022-03-21,6738.07080078125
2022-03-22,6633.873046875
2022-03-23,7120.1259765625
2022-03-24,6078.15625
2022-03-25,6060.7900390625
2022-03-28,5951.3828125
2022-03-29,5551.9609375
2022-03-30,6078.15625
2022-03-31,6501.8896484375
2022-04-01,6868.31591796875
2022-04-04,6545.30615234375
2022-04-05,7443.13671875
2022-04-06,7962.3837890625
2022-04-07,7953.701171875
2022-04-08,8523.3095703125
2022-04-11,9058.1904296875
2022-04-12,9164.1220703125
2022-04-13,8500.7353515625
2022-04-14,9247.48046875
2022-04-18,8726.4970703125
2022-04-19,8165.5673828125
2022-04-20,8235.033203125
2022-04-21,8912.314453125
2022-04-22,9495.81640625
2022-04-25,9016.5107421875
2022-04-26,10186.98828125
2022-04-27,10371.0712890625
2022-04-28,8629.244140625
2022-04-29,9764.9931640625
2022-05-02,8754.28125
2022-05-03,8516.3662109375
2022-05-04,7533.4404296875
2022-05-05,8591.0380859375
2022-05-06,8851.5341796875
2022-05-09,10213.0380859375
2022-05-10,9443.71875
2022-05-11,10332.865234375
2022-05-12,10171.361328125
2022-05-13,8568.462890625
2022-05-16,8981.779296875
2022-05-17,7642.84716796875
2022-05-18,8783.8046875
2022-05-19,8934.888671875
2022-05-20,8986.98828125
2022-05-23,8863.6865234375
2022-05-24,9530.546875
2022-05-25,8960.9375
2022-05-26,7917.23388671875
2022-05-27,6970.77734375
2022-05-31,7064.5546875
2022-06-01,7408.40478515625
2022-06-02,6616.5068359375
2022-06-03,7186.1181640625
2022-06-06,7175.697265625
2022-06-07,6982.9326171875
2022-06-08,7467.44921875
2022-06-09,8070.0556640625
2022-06-10,8952.2548828125
2022-06-13,10506.52734375
2022-06-14,10294.6611328125
2022-06-15,9730.2607421875
2022-06-16,11538.0751953125
2022-06-17,11397.4111328125
2022-06-21,10470.05859375
2022-06-22,10817.380859375
2022-06-23,11043.1416015625
2022-06-24,9584.3837890625
2022-06-27,9587.8564453125
2022-06-28,10360.65234375
2022-06-29,11088.2939453125
2022-06-30,11484.2431640625
2022-07-01,12753.70703125
2022-07-05,12451.5380859375
2022-07-06,12239.671875
2022-07-07,10595.09375
2022-07-08,10430.115234375
2022-07-11,11185.5419921875
2022-07-12,11098.7109375
2022-07-13,10864.271484375
2022-07-14,10186.98828125
2022-07-15,9443.71875
2022-07-18,9582.6474609375
2022-07-19,8304.4970703125
2022-07-20,7620.271484375
2022-07-21,7285.1044921875
2022-07-22,7842.55712890625
2022-07-25,7995.3798828125
2022-07-26,8393.0654296875
2022-07-27,7217.3779296875
2022-07-28,6953.4111328125
2022-07-29,6786.69482421875
2022-08-01,6722.4404296875
2022-08-02,6753.69970703125
2022-08-03,6201.4560546875
2022-08-04,6039.95068359375
2022-08-05,6191.03564453125
2022-08-08,6491.470703125
2022-08-09,7387.564453125
2022-08-10,6434.16259765625
2022-08-11,6487.99755859375
2022-08-12,5890.60107421875
2022-08-15,5831.556640625
2022-08-16,6012.16552734375
2022-08-17,6468.89501953125
2022-08-18,6012.16552734375
2022-08-19,6510.57373046875
2022-08-22,7245.162109375
2022-08-23,7090.60302734375
2022-08-24,7076.7109375
2022-08-25,6270.919921875
2022-08-26,7378.8818359375
2022-08-29,7813.03759765625
2022-08-30,8113.46923828125
2022-08-31,8354.8623046875
2022-09-01,8839.376953125
2022-09-02,9112.0244140625
2022-09-06,9386.41015625
2022-09-07,8929.6796875
2022-09-08,8467.73828125
2022-09-09,7861.6630859375
2022-09-12,7776.56689453125
2022-09-13,9228.3779296875
2022-09-14,8891.4736328125
2022-09-15,9323.8916015625
2022-09-16,9184.962890625
2022-09-19,9032.1396484375
2022-09-20,9445.4541015625
2022-09-21,9667.7412109375
2022-09-22,10496.1083984375
2022-09-23,10940.6826171875
2022-09-26,11421.72265625
2022-09-27,11063.982421875
2022-09-28,10636.7724609375
2022-09-29,11650.9580078125
2022-09-30,12283.083984375
2022-10-03,10890.3203125
2022-10-04,9412.4580078125
2022-10-05,9155.439453125
2022-10-06,9329.1015625
2022-10-07,10977.150390625
2022-10-10,12109.421875
2022-10-11,13127.08203125
2022-10-12,13496.98046875
2022-10-13,12265.720703125
2022-10-14,13901.6123046875
2022-10-17,13068.037109375
2022-10-18,12897.8486328125
2022-10-19,12580.0478515625
2022-10-20,12357.7607421875
2022-10-21,11027.5126953125
2022-10-24,10817.380859375
2022-10-25,10140.1025390625
2022-10-26,10440.5341796875
2022-10-27,10989.3076171875
2022-10-28,9692.0537109375
2022-10-31,10313.7607421875
2022-11-01,10081.056640625
2022-11-02,11041.4052734375
2022-11-03,11501.607421875
2022-11-04,9867.4521484375
2022-11-07,9214.484375
2022-11-08,8667.451171875
2022-11-09,9483.662109375
2022-11-10,6559.19873046875
2022-11-11,5885.3916015625
2022-11-14,6090.3125
2022-11-15,5557.1708984375
2022-11-16,6281.3408203125
2022-11-17,6105.9423828125
2022-11-18,6072.94677734375
2022-11-21,6378.59033203125
2022-11-22,5807.244140625
2022-11-23,5621.42626953125
2022-11-25,5840.240234375
2022-11-28,6300.44287109375
2022-11-29,6343.8583984375
2022-11-30,5211.5849609375
2022-12-01,5333.1474609375
2022-12-02,5520.70263671875
2022-12-05,5706.5205078125
2022-12-06,6104.2060546875
2022-12-07,6105.9423828125
2022-12-08,5609.26953125
2022-12-09,5770.77490234375
2022-12-12,5439.0810546875
2022-12-13,5173.37890625
2022-12-14,5414.7685546875
2022-12-15,6088.576171875
2022-12-16,6246.60791015625
2022-12-19,6486.259765625
2022-12-20,6605.28125
2022-12-21,6140.68408203125
2022-12-22,6908.05322265625
2022-12-23,6901.09228515625
2022-12-27,7283.90673828125
2022-12-28,7586.67724609375
2022-12-29,6838.44970703125
2022-12-30,6874.9912109375
2023-01-03,7115.11962890625
2023-01-04,6535.67822265625
2023-01-05,6895.8720703125
2023-01-06,5931.87744140625
2023-01-09,5587.34375
2023-01-10,5371.576171875
2023-01-11,5169.72900390625
2023-01-12,5000.94287109375
2023-01-13,4950.48095703125
2023-01-17,4905.2392578125
2023-01-18,4995.7216796875
2023-01-19,5420.2978515625
2023-01-20,4920.89892578125
2023-01-23,4184.8525390625
2023-01-24,4259.67529296875
2023-01-25,4228.35498046875
2023-01-26,4031.72705078125
2023-01-27,4110.03125
2023-01-30,4419.76123046875
2023-01-31,4188.3330078125
2023-02-01,3534.069091796875
2023-02-02,3304.380615234375
2023-02-03,3483.60693359375
2023-02-06,3654.13330078125
2023-02-07,3306.12060546875
2023-02-08,3518.408447265625
2023-02-09,3494.0478515625
2023-02-10,3669.793701171875
2023-02-13,3513.1884765625
2023-02-14,3318.301513671875
2023-02-15,3280.019775390625
2023-02-16,3520.14892578125
2023-02-17,3690.675048828125
2023-02-21,4054.347900390625
2023-02-22,4115.25048828125
2023-02-23,3708.075439453125
2023-02-24,3902.962158203125
2023-02-27,3843.800048828125
2023-02-28,3817.699951171875
2023-03-01,3807.259765625
2023-03-02,3723.73583984375
2023-03-03,3561.91015625
2023-03-06,3680.234375
2023-03-07,3802.03955078125
2023-03-08,3501.00732421875
2023-03-09,3709.815185546875
2023-03-10,3918.622802734375
2023-03-13,3929.0634765625
2023-03-14,3570.610595703125
2023-03-15,3706.334716796875
2023-03-16,3280.019775390625
2023-03-17,3330.4814453125
2023-03-20,3224.337890625
2023-03-21,3220.470703125
2023-03-22,3306.607421875
2023-03-23,3041.164794921875
2023-03-24,3199.375732421875
2023-03-27,3322.4287109375
2023-03-28,3396.2607421875
2023-03-29,3067.532958984375
2023-03-30,2926.9013671875
2023-03-31,2861.859130859375
2023-04-03,2944.48046875
2023-04-04,3111.480712890625
2023-04-05,3281.9970703125
2023-04-06,3329.4599609375
2023-04-10,3162.4599609375
2023-04-11,3215.196533203125
2023-04-12,3383.954833984375
2023-04-13,3308.36572265625
2023-04-14,3322.4287109375
2023-04-17,3327.7021484375
2023-04-18,3278.48095703125
2023-04-19,3392.74462890625
2023-04-20,3401.533935546875
2023-04-21,3480.639404296875
2023-04-24,3533.3759765625
2023-04-25,3893.746337890625
2023-04-26,3825.1875
2023-04-27,3784.755615234375
2023-04-28,3589.629150390625
2023-05-01,3489.428955078125
2023-05-02,3568.534423828125
2023-05-03,3689.8291015625
2023-05-04,3756.629638671875
2023-05-05,3512.28173828125
2023-05-08,3466.576171875
2023-05-09,3645.882080078125
2023-05-10,3536.892333984375
2023-05-11,3605.449951171875
2023-05-12,3610.723876953125
2023-05-15,3331.217529296875
2023-05-16,3347.039306640625
2023-05-17,3104.448486328125
2023-05-18,2809.1220703125
2023-05-19,2856.585205078125
2023-05-22,2828.45849609375
2023-05-23,2933.93310546875
2023-05-24,3088.627685546875
2023-05-25,2478.63720703125
2023-05-26,1995.215087890625
2023-05-30,2000.489013671875
2023-05-31,2153.426025390625
2023-06-01,2049.709716796875
2023-06-02,2060.257080078125
2023-06-05,2162.21533203125
2023-06-06,2084.86767578125
2023-06-07,2091.899658203125
2023-06-08,2032.131103515625
2023-06-09,2018.06787109375
2023-06-12,1824.698974609375
2023-06-13,1749.109130859375
2023-06-14,1678.7933349609375
2023-06-15,1722.7408447265625
2023-06-16,1775.4779052734375
2023-06-20,1812.3935546875
2023-06-21,1947.376220703125
2023-06-22,1915.3643798828125
2023-06-23,2025.6268310546875
2023-06-26,2004.2855224609375
2023-06-27,1797.98828125
2023-06-28,1847.7843017578125
2023-06-29,1833.556640625
2023-06-30,1755.3062744140625
2023-07-03,1710.8455810546875
2023-07-05,1824.664794921875
2023-07-06,1892.2452392578125
2023-07-07,1892.2452392578125
2023-07-10,1776.6474609375
2023-07-11,1774.8687744140625
2023-07-12,1680.6123046875
2023-07-13,1577.4635009765625
2023-07-14,1634.3731689453125
2023-07-17,1520.55419921875
2023-07-18,1513.4403076171875
2023-07-19,1566.79296875
2023-07-20,1741.0787353515625
2023-07-21,1693.061279296875
2023-07-24,1694.839599609375
2023-07-25,1609.4749755859375
2023-07-26,1680.6123046875
2023-07-27,1582.7989501953125
2023-07-28,1484.9854736328125
2023-07-31,1467.2010498046875
2023-08-01,1461.865966796875
2023-08-02,1630.8162841796875
2023-08-03,1645.043701171875
2023-08-04,1657.4927978515625
2023-08-07,1602.3614501953125
2023-08-08,1684.169189453125
2023-08-09,1774.8687744140625
2023-08-10,1801.545166015625
2023-08-11,1927.8135986328125
2023-08-14,1765.976806640625
2023-08-15,1856.676513671875
2023-08-16,1965.16064453125
2023-08-17,2023.8486328125
2023-08-18,1991.836669921875
2023-08-21,1824.664794921875
2023-08-22,1870.9039306640625
2023-08-23,1760.641357421875
2023-08-24,1936.705810546875
2023-08-25,1906.472412109375
2023-08-28,1837.1134033203125
2023-08-29,1694.839599609375
2023-08-30,1671.72021484375
2023-08-31,1637.93017578125
2023-09-01,1625.4810791015625
2023-09-05,1629.0379638671875
2023-09-06,1666.385009765625
2023-09-07,1781.9825439453125
2023-09-08,1812.2158203125
2023-09-11,1815.7725830078125
2023-09-12,1860.2332763671875
2023-09-13,1830.0001220703125
2023-09-14,1796.2099609375
2023-09-15,1954.489990234375
2023-09-18,1936.705810546875
2023-09-19,1985.25439453125
2023-09-20,2088.126220703125
2023-09-21,2201.8271484375
2023-09-22,2147.68408203125
2023-09-25,2106.174072265625
2023-09-26,2216.265625
2023-09-27,2160.3173828125
2023-09-28,2043.0067138671875
2023-09-29,2021.3497314453125
2023-10-02,1994.2781982421875
2023-10-03,2120.612548828125
2023-10-04,2033.98291015625
2023-10-05,2062.859375
2023-10-06,1936.525146484375
2023-10-09,1952.76806640625
2023-10-10,1878.772216796875
2023-10-11,1837.2623291015625
2023-10-12,1824.62890625
2023-10-13,1974.4254150390625
2023-10-16,1889.60107421875
2023-10-17,1936.525146484375
2023-10-18,2039.3975830078125
2023-10-19,2136.855712890625
2023-10-20,2232.508544921875
2023-10-23,2266.798828125
2023-10-24,2174.75537109375
2023-10-25,2441.86279296875
2023-10-26,2486.98193359375
2023-10-27,2412.986083984375
2023-10-30,2512.248779296875
2023-10-31,2447.2763671875
2023-11-01,2272.21337890625
2023-11-02,2117.002685546875
2023-11-03,1952.76806640625
2023-11-06,1963.5966796875
2023-11-07,1931.11083984375
2023-11-08,1923.8916015625
2023-11-09,1954.57275390625
2023-11-10,1719.951904296875
2023-11-13,1766.8760986328125
2023-11-14,1577.374755859375
2023-11-15,1543.083984375
2023-11-16,1539.4742431640625
2023-11-17,1510.5980224609375
2023-11-20,1440.21142578125
2023-11-21,1521.426513671875
2023-11-22,1510.5980224609375
2023-11-24,1508.7930908203125
2023-11-27,1517.81689453125
2023-11-28,1544.8885498046875
2023-11-29,1496.15966796875
2023-11-30,1525.0360107421875
2023-12-01,1505.1837158203125
2023-12-04,1557.5220947265625
2023-12-05,1586.3985595703125
2023-12-06,1618.8843994140625
2023-12-07,1490.7452392578125
2023-12-08,1456.4547119140625
2023-12-11,1308.4630126953125
2023-12-12,1281.391357421875
2023-12-13,1218.2239990234375
2023-12-14,1122.571044921875
2023-12-15,1109.9373779296875
2023-12-18,1117.15673828125
2023-12-19,1102.718505859375
2023-12-20,1196.5667724609375
2023-12-21,1101.7166748046875
2023-12-22,1090.7728271484375
2023-12-26,1034.2275390625
2023-12-27,1030.5797119140625
2023-12-28,1032.403564453125
2023-12-29,1061.5882568359375
2024-01-02,1172.8543701171875
2024-01-03,1249.4637451171875
2024-01-04,1282.29638671875
2024-01-05,1262.232177734375
2024-01-08,1140.021728515625
2024-01-09,1140.021728515625
2024-01-10,1149.1419677734375
2024-01-11,1138.19775390625
2024-01-12,1156.43798828125
2024-01-16,1109.01318359375
2024-01-17,1138.19775390625
2024-01-18,1028.7554931640625
2024-01-19,908.3692626953125
2024-01-22,899.2491455078125
2024-01-23,882.8328247070312
2024-01-24,844.528076171875
2024-01-25,851.8241577148438
2024-01-26,922.9616088867188
2024-01-29,895.60107421875
2024-01-30,933.9058837890625
2024-01-31,975.8585815429688
2024-02-01,964.9144287109375
2024-02-02,928.4336547851562
2024-02-05,888.3048706054688
2024-02-06,919.3134765625
2024-02-07,879.1847534179688
2024-02-08,835.4078369140625
2024-02-09,786.158935546875
2024-02-12,791.6310424804688
2024-02-13,837.23193359375
2024-02-14,784.3348999023438
2024-02-15,784.3348999023438
2024-02-16,800.7511596679688
2024-02-20,840.8800048828125
2024-02-21,846.3521728515625
2024-02-22,722.3177490234375
2024-02-23,746.0301513671875
2024-02-26,725.9658203125
2024-02-27,727.789794921875
2024-02-28,751.5023193359375
2024-02-29,693.1332397460938
2024-03-01,605.5795288085938
2024-03-04,587.3391723632812
2024-03-05,620.1717529296875
2024-03-06,578.218994140625
2024-03-07,518.0258178710938
2024-03-08,580.04296875
2024-03-11,603.7555541992188
2024-03-12,565.4507446289062
2024-03-13,607.403564453125
2024-03-14,640.2361450195312
2024-03-15,654.8284301757812
2024-03-18,654.8284301757812
2024-03-19,673.4640502929688
2024-03-20,638.4071044921875
2024-03-21,597.8145751953125
2024-03-22,594.1244506835938
2024-03-25,601.5048828125
2024-03-26,616.265625
2024-03-27,594.1244506835938
2024-03-28,592.279296875
2024-04-01,573.8283081054688
2024-04-02,599.6597900390625
2024-04-03,595.9695434570312
2024-04-04,649.4776611328125
2024-04-05,625.4911499023438
2024-04-08,621.8010864257812
2024-04-09,603.35009765625
2024-04-10,632.8717041015625
2024-04-11,592.279296875
2024-04-12,649.4776611328125
2024-04-15,675.67822265625
2024-04-16,661.6553344726562
2024-04-17,722.3594360351562
2024-04-18,761.4755859375
2024-04-19,851.1478271484375
2024-04-22,811.2935180664062
2024-04-23,759.8150024414062
2024-04-24,730.8468017578125
2024-04-25,690.8080444335938
2024-04-26,647.6325073242188
2024-04-29,634.5322265625
2024-04-30,674.755615234375
2024-05-01,742.2864990234375
2024-05-02,693.7601318359375
2024-05-03,648.0016479492188
2024-05-06,609.06982421875
2024-05-07,623.461669921875
2024-05-08,622.3545532226562
2024-05-09,629.7349243164062
2024-05-10,611.8374633789062
2024-05-13,608.8853149414062
2024-05-14,578.81005859375
2024-05-15,530.46826171875
2024-05-16,538.9557495117188
2024-05-17,547.8121948242188
2024-05-20,513.124267578125
2024-05-21,516.6300048828125
2024-05-22,499.2859191894531
2024-05-23,508.511474609375
2024-05-24,479.7278137207031
2024-05-28,455.0033874511719
2024-05-29,485.07861328125
2024-05-30,493.7505798339844
2024-05-31,508.142333984375
2024-06-03,504.8212585449219
2024-06-04,517.1835327148438
2024-06-05,449.8370361328125
2024-06-06,460.3541564941406
2024-06-07,464.9669494628906
2024-06-10,445.22430419921875
2024-06-11,444.48626708984375
2024-06-12,407.76861572265625
2024-06-13,393.19232177734375
2024-06-14,398.91204833984375
2024-06-17,380.4610290527344
2024-06-18,366.0692443847656
2024-06-20,396.1445007324219
2024-06-21,408.32220458984375
2024-06-24,443.1946716308594
2024-06-25,422.3835144042969
2024-06-26,428.1695556640625
2024-06-27,434.88885498046875
2024-06-28,423.3167419433594
2024-07-01,423.8766784667969
2024-07-02,404.838623046875
2024-07-03,385.2406311035156
2024-07-05,383.37408447265625
2024-07-08,362.0962829589844
2024-07-09,362.6562805175781
2024-07-10,337.0855712890625
2024-07-11,371.2420349121094
2024-07-12,357.2434997558594
2024-07-15,357.61676025390625
2024-07-16,350.7108154296875
2024-07-17,424.6232604980469
2024-07-18,422.1968078613281
2024-07-19,461.0195007324219
2024-07-22,403.1588134765625
2024-07-23,422.0102233886719
2024-07-24,488.8299865722656
2024-07-25,521.8666381835938
2024-07-26,490.5098571777344
2024-07-29,494.0562438964844
2024-07-30,547.6240844726562
2024-07-31,436.9419860839844
2024-08-01,531.1990356445312
2024-08-02,620.4165649414062
2024-08-05,649.346923828125
2024-08-06,633.295166015625
2024-08-07,688.3562622070312
2024-08-08,545.9442749023438
2024-08-09,555.4633178710938
2024-08-12,546.130859375
2024-08-13,480.2442321777344
2024-08-14,484.723876953125
2024-08-15,414.17095947265625
2024-08-16,418.2772521972656
2024-08-19,397.1860656738281
2024-08-20,412.6778259277344
2024-08-21,395.6928405761719
2024-08-22,435.44879150390625
2024-08-23,401.6656188964844
2024-08-26,432.08917236328125
2024-08-27,417.9039306640625
2024-08-28,440.4883117675781
2024-08-29,444.78118896484375
2024-08-30,411.9312438964844
2024-09-03,505.25506591796875
2024-09-04,500.4022216796875
2024-09-05,509.3611755371094
2024-09-06,575.4344482421875
2024-09-09,540.7181396484375
2024-09-10,523.9197387695312
2024-09-11,450.9405822753906
2024-09-12,458.0331726074219
2024-09-13,434.70220947265625
2024-09-16,451.12725830078125
2024-09-17,450.75390625
2024-09-18,465.1257629394531
2024-09-19,405.7718505859375
2024-09-20,423.6900329589844
2024-09-23,419.95703125
2024-09-24,404.56658935546875
2024-09-25,396.6449890136719
2024-09-26,354.58514404296875
2024-09-27,371.55999755859375
2024-09-30,381.9335021972656
2024-10-01,414.18560791015625
2024-10-02,396.2677917480469
2024-10-03,393.6272277832031
2024-10-04,377.595458984375
2024-10-07,381.5562438964844
2024-10-08,369.4852600097656
2024-10-09,357.9801330566406
2024-10-10,365.9017028808594
2024-10-11,357.6029357910156
2024-10-14,337.9875793457031
2024-10-15,390.4208984375
2024-10-16,390.4208984375
2024-10-17,381.1790466308594
2024-10-18,381.36761474609375
2024-10-21,383.44232177734375
2024-10-22,387.78033447265625
2024-10-23,397.96527099609375
2024-10-24,391.92974853515625
2024-10-25,380.61322021484375
2024-10-28,380.0473937988281
2024-10-29,352.69903564453125
2024-10-30,390.0436096191406
2024-10-31,435.30987548828125
2024-11-01,423.0502624511719
2024-11-04,429.6515808105469
2024-11-05,414.75146484375
2024-11-06,379.1043395996094
2024-11-07,355.1509704589844
2024-11-08,363.44976806640625
2024-11-11,391.3638916015625
2024-11-12,404.1893615722656
2024-11-13,430.7832336425781
2024-11-14,430.9718322753906
2024-11-15,473.9747314453125
2024-11-18,454.5479736328125
2024-11-19,452.0960388183594
2024-11-20,464.54425048828125
2024-11-21,441.9111633300781
2024-11-22,441.7225646972656
2024-11-25,428.70855712890625
2024-11-26,445.8719787597656
2024-11-27,463.97845458984375
2024-11-29,446.0605773925781
2024-12-02,411.92230224609375
2024-12-03,418.90087890625
2024-12-04,402.1146240234375
2024-12-05,425.1249694824219
2024-12-06,417.5805969238281
2024-12-09,423.4275207519531
2024-12-10,454.1707763671875
2024-12-11,420.97552490234375
2024-12-12,430.7832336425781
2024-12-13,394.3817138671875
2024-12-16,372.8802185058594
2024-12-17,388.5347900390625
2024-12-18,433.4237976074219
2024-12-19,454.1707763671875
2024-12-20,435.8757019042969
2024-12-23,396.3548583984375
2024-12-24,384.8884582519531
2024-12-26,384.8884582519531
2024-12-27,395.0171203613281
2024-12-30,416.80328369140625
2024-12-31,429.4162902832031
2025-01-02,422.7275390625
2025-01-03,390.04833984375
2025-01-06,356.0314025878906
2025-01-07,369.9822082519531
2025-01-08,381.4486083984375
2025-01-10,409.9234313964844
2025-01-13,412.5989074707031
2025-01-14,406.8656921386719
2025-01-15,382.0218505859375
2025-01-16,380.875244140625
2025-01-17,350.2982482910156
2025-01-21,337.3029479980469
2025-01-22,322.969970703125
2025-01-23,324.88104248046875
2025-01-24,345.7116394042969
2025-01-27,424.63861083984375
2025-01-28,420.43426513671875
2025-01-29,416.22991943359375
2025-01-30,391.00390625
2025-01-31,393.8705139160156
2025-02-03,414.1277770996094
2025-02-04,403.2347106933594
2025-02-05,379.7286376953125
2025-02-06,382.2129821777344
2025-02-07,399.60369873046875
2025-02-10,384.6973571777344
2025-02-11,384.1240539550781
2025-02-12,382.7862854003906
2025-02-13,368.45330810546875
2025-02-14,368.6444091796875
2025-02-18,350.1070861816406
2025-02-19,333.2897033691406
2025-02-20,330.8053894042969
2025-02-21,361.0001220703125
2025-02-24,385.6529235839844
2025-02-25,410.49676513671875
2025-02-26,389.2839050292969
2025-02-27,459.03778076171875
2025-02-28,436.86944580078125
2025-03-03,482.7349853515625
2025-03-04,475.2818298339844
2025-03-05,444.89593505859375
2025-03-06,499.170166015625
2025-03-07,456.7445068359375
2025-03-10,519.2363891601562
2025-03-11,538.729248046875
2025-03-12,505.2855529785156
2025-03-13,512.3565063476562
2025-03-14,466.2998352050781
2025-03-17,443.7492980957031
2025-03-18,457.5089416503906
2025-03-19,450.0557861328125
2025-03-20,459.99334716796875
2025-03-21,476.0462951660156
2025-03-24,434.7673034667969
2025-03-25,440.8365173339844
2025-03-26,478.98577880859375
2025-03-27,506.3454284667969
2025-03-28,554.7063598632812
2025-03-31,558.5598754882812
2025-04-01,557.9818115234375
2025-04-02,546.4214477539062
2025-04-03,709.2303466796875
2025-04-04,877.048828125
2025-04-07,815.9713745117188
2025-04-08,905.9498291015625
2025-04-09,398.8337097167969
2025-04-10,490.353515625
2025-04-11,459.71844482421875
2025-04-14,451.4335021972656
2025-04-15,444.8825988769531
2025-04-16,497.28973388671875
2025-04-17,506.3454284667969
2025-04-21,532.934326171875
2025-04-22,502.68463134765625
2025-04-23,445.0752868652344
2025-04-24,367.62060546875
2025-04-25,357.98699951171875
2025-04-28,360.6843566894531
2025-04-29,372.2447814941406
2025-04-30,363.3818359375
2025-05-01,365.1158752441406
2025-05-02,328.12261962890625
2025-05-05,334.8661804199219
2025-05-06,345.8485412597656
2025-05-07,328.12261962890625
2025-05-08,317.9109191894531
2025-05-09,308.2772521972656
2025-05-12,241.6123046875
2025-05-13,221.38162231445312
2025-05-14,218.4915008544922
2025-05-15,222.5376434326172
2025-05-16,223.50100708007812
2025-05-19,227.7398223876953
2025-05-20,228.89585876464844
2025-05-21,241.6123046875
2025-05-22,248.35586547851562
2025-05-23,259.916259765625
2025-05-27,233.90538024902344
2025-05-28,237.75881958007812
2025-05-29,235.25408935546875
2025-05-30,249.70460510253906
2025-06-02,238.3368377685547
2025-06-03,218.68417358398438
2025-06-04,209.43585205078125
2025-06-05,211.74794006347656
2025-06-06,208.27981567382812
2025-06-09,193.25131225585938
2025-06-10,181.11288452148438
2025-06-11,183.0396270751953
2025-06-12,182.0762481689453
2025-06-13,195.94871520996094
2025-06-16,177.8374481201172
2025-06-17,181.8835906982422
2025-06-18,180.14952087402344
2025-06-20,183.810302734375
2025-06-23,180.5348663330078
2025-06-24,160.10501098632812
2025-06-25,155.8406982421875
2025-06-26,152.54554748535156
2025-06-27,152.73939514160156
2025-06-30,152.9332275390625
2025-07-01,155.06536865234375
2025-07-02,146.34295654296875
2025-07-03,144.40464782714844
2025-07-07,152.54554748535156
2025-07-08,144.2108154296875
2025-07-09,142.66014099121094
2025-07-10,138.39584350585938
2025-07-11,139.17117309570312
2025-07-14,143.04782104492188
2025-07-15,139.17117309570312
2025-07-16,139.94650268554688
2025-07-17,138.5896759033203
2025-07-18,138.78350830078125
2025-07-21,138.20201110839844
2025-07-22,144.01698303222656
2025-07-23,146.5367889404297
2025-07-24,147.8936004638672
2025-07-25,148.28126525878906
2025-07-28,140.1403350830078
2025-07-29,139.558837890625
2025-07-30,136.84518432617188
2025-07-31,149.63807678222656
2025-08-01,155.2592010498047
2025-08-04,149.0565948486328
2025-08-05,152.15789794921875
2025-08-06,155.64688110351562
2025-08-07,148.47509765625
2025-08-08,144.5984649658203
2025-08-11,145.17996215820312
2025-08-12,131.22406005859375
2025-08-13,125.60296630859375
2025-08-14,125.21529388427734
2025-08-15,133.93771362304688
2025-08-18,132.7747344970703
2025-08-19,138.97732543945312
2025-08-20,141.88482666015625
2025-08-21,144.2108154296875
2025-08-22,131.99940490722656
2025-08-25,132.96856689453125
2025-08-26,129.86724853515625
2025-08-27,128.89808654785156
2025-08-28,127.3474349975586
2025-08-29,138.39584350585938
2025-09-02,142.46632385253906
2025-09-03,144.79229736328125
2025-09-04,139.94650268554688
2025-09-05,135.68218994140625
2025-09-08,132.7747344970703
2025-09-09,132.38706970214844
2025-09-10,125.40912628173828
2025-09-11,123.08314514160156
2025-09-12,122.30780792236328
2025-09-15,119.40033721923828
2025-09-16,117.0743637084961
2025-09-17,117.46202087402344
2025-09-18,105.4444580078125
2025-09-19,107.1889419555664
2025-09-22,102.34314727783203
2025-09-23,103.04841613769531
2025-09-24,103.44023895263672
2025-09-25,104.61570739746094
2025-09-26,104.02796173095703
2025-09-29,104.02796173095703
2025-09-30,101.28524017333984
2025-10-01,95.99567413330078
2025-10-02,90.11839294433594
2025-10-03,91.88158416748047
2025-10-06,83.65338134765625
2025-10-07,89.13884735107422
2025-10-08,80.12701416015625
2025-10-09,81.10655975341797
2025-10-10,96.7793197631836
2025-10-13,82.47792053222656
2025-10-14,87.7674789428711
2025-10-15,79.73519134521484
2025-10-16,78.7556381225586
2025-10-17,79.53927612304688
2025-10-20,75.62107849121094
2025-10-21,76.79653930664062
2025-10-22,82.28201293945312
2025-10-23,76.40472412109375
2025-10-24,72.87835693359375
2025-10-27,66.60924530029297
2025-10-28,66.41333770751953
2025-10-29,63.278785705566406
2025-10-30,65.62969970703125
2025-10-31,65.0419692993164
2025-11-03,64.06242370605469
2025-11-04,71.50698852539062
2025-11-05,64.84606170654297
2025-11-06,69.93970489501953
2025-11-07,72.09471130371094
2025-11-10,66.60924530029297
2025-11-11,71.11516571044922
2025-11-12,68.17652130126953
2025-11-13,75.03335571289062
2025-11-14,75.62107849121094
2025-11-17,79.73519134521484
2025-11-18,85.22064971923828
2025-11-19,80.91064453125
2025-11-20,92.46930694580078
2025-11-21,89.9224853515625
2025-11-24,77.97199249267578
2025-11-25,77.38426971435547
2025-11-26,71.11516571044922
2025-11-28,67.19697570800781
2025-12-01,67.19697570800781
2025-12-02,63.0828742980957
2025-12-03,59.1646842956543
2025-12-04,61.123783111572266
2025-12-05,58.968772888183594
2025-12-08,57.40149688720703
2025-12-09,57.40149688720703
2025-12-10,55.24649429321289
2025-12-11,56.22603988647461
2025-12-12,64.4542465209961
2025-12-15,65.43379211425781
2025-12-16,66.41333770751953
2025-12-17,73.6619873046875
2025-12-18,68.17652130126953
2025-12-19,62.886962890625
2025-12-22,60.73196029663086
2025-12-23,59.75913619995117
2025-12-24,59.362064361572266
2025-12-26,59.362064361572266
2025-12-29,59.957672119140625
2025-12-30,60.15620422363281
2025-12-31,62.14155960083008
2026-01-02,54.59721755981445
2026-01-05,52.413326263427734
2026-01-06,47.251407623291016
2026-01-07,48.64115524291992
2026-01-08,51.023582458496094
2026-01-09,46.854339599609375
2026-01-12,46.06019973754883
2026-01-13,45.06752395629883
2026-01-14,45.266056060791016
2026-01-15,43.08216857910156
2026-01-16,41.4938850402832
2026-01-20,43.08216857910156
2026-01-21,39.1114616394043
2026-01-22,38.912925720214844
2026-01-23,40.1041374206543
2026-01-26,40.89828109741211
2026-01-27,37.920249938964844
2026-01-28,34.94221878051758
2026-01-29,34.94221878051758
2026-01-30,39.1114616394043
2026-02-02,36.72903823852539
2026-02-03,39.1114616394043
2026-02-04,44.27337646484375
2026-02-05,44.47191619873047
2026-02-06,37.1261100769043
2026-02-09,35.93489456176758
2026-02-10,36.1334342956543
2026-02-11,33.35393524169922
2026-02-12,35.93489456176758
2026-02-13,34.94221878051758
2026-02-17,35.14075469970703
2026-02-18,33.94954299926758
2026-02-19,34.743682861328125
2026-02-20,33.751007080078125
2026-02-23,34.54514694213867
2026-02-24,32.95686721801758
2026-02-25,31.56711769104004
2026-02-26,34.14807891845703
2026-02-27,35.53782272338867
2026-03-02,35.53782272338867
2026-03-03,40.89828109741211
2026-03-04,38.317317962646484
2026-03-05,39.796409606933594
2026-03-06,44.839202880859375
2026-03-09,39.488677978515625
2026-03-10,38.535709381103516
2026-03-11,37.45368957519531
2026-03-12,41.444252014160156
2026-03-13,40.9975471496582
2026-03-16,38.575416564941406
2026-03-17,37.791202545166016
2026-03-18,38.416587829589844
2026-03-19,37.830909729003906
2026-03-20,40.36223220825195
2026-03-23,38.90299606323242
2026-03-24,37.459999084472656
2026-03-25,36.02000045776367
2026-03-26,41.18000030517578
2026-03-27,43.099998474121094
2026-03-30,48.7400016784668
2026-03-31,39.86000061035156
2026-04-01,36.2599983215332
2026-04-02,35.93000030517578
2026-04-06,34.54999923706055
2026-04-07,33.43000030517578
2026-04-08,26.959999084472656
2026-04-09,25.200000762939453
2026-04-10,23.690000534057617
2026-04-13,22.420000076293945
2026-04-14,21.049999237060547
2026-04-15,20.940000534057617
2026-04-16,20.280000686645508
2026-04-17,18.8700008392334
2026-04-20,18.6299991607666
2026-04-21,18.200000762939453
2026-04-22,16.799999237060547
2026-04-23,15.699999809265137
2026-04-24,13.520000457763672
2026-04-27,14.029999732971191
2026-04-28,15.59000015258789
2026-04-29,14.399999618530273
2026-04-30,13.300000190734863
2026-05-01,12.979999542236328
2026-05-04,13.260000228881836
2026-05-05,11.510000228881836
2026-05-06,9.8100004196167
2026-05-07,10.600000381469727
2026-05-08,8.850000381469727
2026-05-11,8.199999809265137
2026-05-12,8.949999809265137
2026-05-13,8.350000381469727
2026-05-14,8.270000457763672
2026-05-15,9.229999542236328
2026-05-18,9.949999809265137
2026-05-19,9.930000305175781
2026-05-20,8.539999961853027
2026-05-21,8.289999961853027
2026-05-22,7.730000019073486
2026-05-26,6.289999961853027
2026-05-27,6.53000020980835
2026-05-28,6.309999942779541
2026-05-29,6.329999923706055
2026-06-01,6.260000228881836
2026-06-02,5.170000076293945
2026-06-03,4.909999847412109
2026-06-04,5.199999809265137
2026-06-05,6.840000152587891
2026-06-08,5.690000057220459
2026-06-09,5.929999828338623
2026-06-10,6.570000171661377
2026-06-11,4.96999979019165
2026-06-12,4.71999979019165
2026-06-15,
